[INFO] [launch]: All log files can be found below /home/cclab/.ros/log/2026-04-16-23-02-09-400674-CCLAB1PC19-2665
[INFO] [launch]: Default logging verbosity is set to INFO
[INFO] [gazebo-1]: process started with pid [2668]
[INFO] [robot_state_publisher-2]: process started with pid [2669]
[INFO] [create-3]: process started with pid [2670]
[INFO] [ros2-4]: process started with pid [2672]
[INFO] [rviz2-5]: process started with pid [2673]
[INFO] [static_transform_publisher-6]: process started with pid [2674]
[INFO] [planner_global_dstar-7]: process started with pid [2675]
[INFO] [planner_local_apf-8]: process started with pid [2676]
[INFO] [cleaner_mission_manager-9]: process started with pid [2677]
[static_transform_publisher-6] [WARN] [1776380534.124475555] []: Old-style arguments are deprecated; see --help for new-style arguments
[static_transform_publisher-6] [INFO] [1776380534.224173102] [static_transform_publisher_Vrv7BYVzU8Z5BzGC]: Spinning until stopped - publishing transform
[static_transform_publisher-6] translation: ('0.000000', '0.000000', '0.000000')
[static_transform_publisher-6] rotation: ('0.000000', '0.000000', '0.000000', '1.000000')
[static_transform_publisher-6] from 'odom' to 'dumpster'
[robot_state_publisher-2] [INFO] [1776380534.238409323] [robot_state_publisher]: Robot initialized
[ros2-4] [INFO] [1776380535.095527300] [ros_gz_bridge]: Creating GZ->ROS Bridge: [/model/robot/odometry (gz.msgs.Odometry) -> /model/robot/odometry (nav_msgs/msg/Odometry)] (Lazy 0)
[ros2-4] [INFO] [1776380535.109487052] [ros_gz_bridge]: Creating GZ->ROS Bridge: [/model/robot/tf (gz.msgs.Pose_V) -> /model/robot/tf (tf2_msgs/msg/TFMessage)] (Lazy 0)
[ros2-4] [INFO] [1776380535.115119463] [ros_gz_bridge]: Creating ROS->GZ Bridge: [/cmd_vel (geometry_msgs/msg/Twist) -> /cmd_vel (gz.msgs.Twist)] (Lazy 0)
[ros2-4] [INFO] [1776380535.117180329] [ros_gz_bridge]: Creating GZ->ROS Bridge: [/clock (gz.msgs.Clock) -> /clock (rosgraph_msgs/msg/Clock)] (Lazy 0)
[create-3] [INFO] [1776380535.171701252] [ros_gz_sim]: Entity creation successful.
[rviz2-5] [INFO] [1776380535.244171200] [rviz2]: Stereo is NOT SUPPORTED
[rviz2-5] [INFO] [1776380535.244362510] [rviz2]: OpenGl version: 4.5 (GLSL 4.5)
[rviz2-5] [INFO] [1776380535.382637361] [rviz2]: Stereo is NOT SUPPORTED
[INFO] [create-3]: process has finished cleanly [pid 2670]
[cleaner_mission_manager-9] [INFO] [1776380536.224412967] [cleaner_mission_manager]: 🎯 OMEGA-TRACKING ACTIVE. Final Fix Deploying.
[planner_local_apf-8] [INFO] [1776380536.262093582] [planner_local_apf]: ⚓ PURE PURSUIT ACTIVE. Log: nav_log_20260416_230216.csv
[planner_global_dstar-7] [INFO] [1776380536.312204294] [planner_global_dstar]: D* Lite Global Planner Initialized. Safety Mode: Enabled. Ghost-Proofing: Active.
[rviz2-5] [WARN] [1776380536.629720705] [tf2_buffer]: Detected jump back in time. Clearing TF buffer.
[rviz2-5] [WARN] [1776380536.629791380] [rviz2]: Detected jump back in time. Resetting RViz.
[rviz2-5] [WARN] [1776380536.630591912] [tf2_buffer]: Detected jump back in time. Clearing TF buffer.
[rviz2-5] [WARN] [1776380536.630698246] [rviz2]: Detected jump back in time. Resetting RViz.
[rviz2-5] [WARN] [1776380536.656035571] [tf2_buffer]: Detected jump back in time. Clearing TF buffer.
[rviz2-5] [WARN] [1776380536.656121005] [rviz2]: Detected jump back in time. Resetting RViz.
[planner_local_apf-8] [INFO] [1776380536.695012454] [planner_local_apf]: 💓 ODOM HEARTBEAT: (0.000, 0.000)
[rviz2-5] [WARN] [1776380536.716364723] [tf2_buffer]: Detected jump back in time. Clearing TF buffer.
[rviz2-5] [WARN] [1776380536.716430540] [rviz2]: Detected jump back in time. Resetting RViz.
[rviz2-5] [WARN] [1776380536.725561988] [tf2_buffer]: Detected jump back in time. Clearing TF buffer.
[rviz2-5] [WARN] [1776380536.725610388] [rviz2]: Detected jump back in time. Resetting RViz.
[rviz2-5] [WARN] [1776380536.760594790] [tf2_buffer]: Detected jump back in time. Clearing TF buffer.
[rviz2-5] [WARN] [1776380536.760644748] [rviz2]: Detected jump back in time. Resetting RViz.
[rviz2-5] [WARN] [1776380536.800121952] [tf2_buffer]: Detected jump back in time. Clearing TF buffer.
[rviz2-5] [WARN] [1776380536.800218020] [rviz2]: Detected jump back in time. Resetting RViz.
[rviz2-5] [WARN] [1776380536.808344150] [tf2_buffer]: Detected jump back in time. Clearing TF buffer.
[rviz2-5] [WARN] [1776380536.811227457] [rviz2]: Detected jump back in time. Resetting RViz.
[rviz2-5] [WARN] [1776380536.819295929] [tf2_buffer]: Detected jump back in time. Clearing TF buffer.
[rviz2-5] [WARN] [1776380536.819507955] [rviz2]: Detected jump back in time. Resetting RViz.
[rviz2-5] [WARN] [1776380536.827348451] [tf2_buffer]: Detected jump back in time. Clearing TF buffer.
[rviz2-5] [WARN] [1776380536.827471285] [rviz2]: Detected jump back in time. Resetting RViz.
[rviz2-5] [WARN] [1776380536.833119830] [tf2_buffer]: Detected jump back in time. Clearing TF buffer.
[rviz2-5] [WARN] [1776380536.833697793] [rviz2]: Detected jump back in time. Resetting RViz.
[rviz2-5] [WARN] [1776380536.859991117] [tf2_buffer]: Detected jump back in time. Clearing TF buffer.
[rviz2-5] [WARN] [1776380536.860112026] [rviz2]: Detected jump back in time. Resetting RViz.
[rviz2-5] [WARN] [1776380536.864156483] [tf2_buffer]: Detected jump back in time. Clearing TF buffer.
[rviz2-5] [WARN] [1776380536.864901648] [rviz2]: Detected jump back in time. Resetting RViz.
[rviz2-5] [WARN] [1776380536.877786508] [tf2_buffer]: Detected jump back in time. Clearing TF buffer.
[rviz2-5] [WARN] [1776380536.877840317] [rviz2]: Detected jump back in time. Resetting RViz.
[rviz2-5] [WARN] [1776380536.882459161] [tf2_buffer]: Detected jump back in time. Clearing TF buffer.
[rviz2-5] [WARN] [1776380536.882504445] [rviz2]: Detected jump back in time. Resetting RViz.
[rviz2-5] [WARN] [1776380536.890284073] [tf2_buffer]: Detected jump back in time. Clearing TF buffer.
[rviz2-5] [WARN] [1776380536.890330549] [rviz2]: Detected jump back in time. Resetting RViz.
[rviz2-5] [WARN] [1776380536.891767343] [tf2_buffer]: Detected jump back in time. Clearing TF buffer.
[rviz2-5] [WARN] [1776380536.891812260] [rviz2]: Detected jump back in time. Resetting RViz.
[rviz2-5] [WARN] [1776380536.896269954] [tf2_buffer]: Detected jump back in time. Clearing TF buffer.
[rviz2-5] [WARN] [1776380536.896312579] [rviz2]: Detected jump back in time. Resetting RViz.
[rviz2-5] [WARN] [1776380536.899465663] [tf2_buffer]: Detected jump back in time. Clearing TF buffer.
[rviz2-5] [WARN] [1776380536.899510121] [rviz2]: Detected jump back in time. Resetting RViz.
[rviz2-5] [WARN] [1776380536.904941964] [tf2_buffer]: Detected jump back in time. Clearing TF buffer.
[rviz2-5] [WARN] [1776380536.905049582] [rviz2]: Detected jump back in time. Resetting RViz.
[rviz2-5] [WARN] [1776380536.916999985] [tf2_buffer]: Detected jump back in time. Clearing TF buffer.
[rviz2-5] [WARN] [1776380536.917059935] [rviz2]: Detected jump back in time. Resetting RViz.
[rviz2-5] [WARN] [1776380536.917744049] [tf2_buffer]: Detected jump back in time. Clearing TF buffer.
[rviz2-5] [WARN] [1776380536.917794099] [rviz2]: Detected jump back in time. Resetting RViz.
[rviz2-5] [WARN] [1776380536.921989716] [tf2_buffer]: Detected jump back in time. Clearing TF buffer.
[rviz2-5] [WARN] [1776380536.922084408] [rviz2]: Detected jump back in time. Resetting RViz.
[rviz2-5] [WARN] [1776380536.929900978] [tf2_buffer]: Detected jump back in time. Clearing TF buffer.
[rviz2-5] [WARN] [1776380536.930089446] [rviz2]: Detected jump back in time. Resetting RViz.
[rviz2-5] [WARN] [1776380536.987984187] [tf2_buffer]: Detected jump back in time. Clearing TF buffer.
[rviz2-5] [WARN] [1776380536.988035521] [rviz2]: Detected jump back in time. Resetting RViz.
[rviz2-5] [WARN] [1776380536.997578097] [tf2_buffer]: Detected jump back in time. Clearing TF buffer.
[rviz2-5] [WARN] [1776380536.997706889] [rviz2]: Detected jump back in time. Resetting RViz.
[rviz2-5] [WARN] [1776380537.014658665] [tf2_buffer]: Detected jump back in time. Clearing TF buffer.
[rviz2-5] [WARN] [1776380537.014728516] [rviz2]: Detected jump back in time. Resetting RViz.
[rviz2-5] [WARN] [1776380537.014779483] [tf2_buffer]: Detected jump back in time. Clearing TF buffer.
[rviz2-5] [WARN] [1776380537.014794058] [rviz2]: Detected jump back in time. Resetting RViz.
[rviz2-5] [WARN] [1776380537.018678280] [tf2_buffer]: Detected jump back in time. Clearing TF buffer.
[rviz2-5] [WARN] [1776380537.018718797] [rviz2]: Detected jump back in time. Resetting RViz.
[rviz2-5] [WARN] [1776380537.037246335] [tf2_buffer]: Detected jump back in time. Clearing TF buffer.
[rviz2-5] [WARN] [1776380537.037339103] [rviz2]: Detected jump back in time. Resetting RViz.
[rviz2-5] [WARN] [1776380537.066854811] [tf2_buffer]: Detected jump back in time. Clearing TF buffer.
[rviz2-5] [WARN] [1776380537.066906878] [rviz2]: Detected jump back in time. Resetting RViz.
[rviz2-5] [WARN] [1776380537.072568531] [tf2_buffer]: Detected jump back in time. Clearing TF buffer.
[rviz2-5] [WARN] [1776380537.072627107] [rviz2]: Detected jump back in time. Resetting RViz.
[rviz2-5] [WARN] [1776380537.128792176] [tf2_buffer]: Detected jump back in time. Clearing TF buffer.
[rviz2-5] [WARN] [1776380537.128837459] [rviz2]: Detected jump back in time. Resetting RViz.
[rviz2-5] [WARN] [1776380537.128860926] [tf2_buffer]: Detected jump back in time. Clearing TF buffer.
[rviz2-5] [WARN] [1776380537.142044806] [tf2_buffer]: Detected jump back in time. Clearing TF buffer.
[rviz2-5] [WARN] [1776380537.142179282] [rviz2]: Detected jump back in time. Resetting RViz.
[rviz2-5] [WARN] [1776380537.142659252] [tf2_buffer]: Detected jump back in time. Clearing TF buffer.
[rviz2-5] [WARN] [1776380537.183183297] [tf2_buffer]: Detected jump back in time. Clearing TF buffer.
[rviz2-5] [WARN] [1776380537.183273865] [rviz2]: Detected jump back in time. Resetting RViz.
[rviz2-5] [WARN] [1776380537.183353340] [tf2_buffer]: Detected jump back in time. Clearing TF buffer.
[rviz2-5] [WARN] [1776380537.211347645] [tf2_buffer]: Detected jump back in time. Clearing TF buffer.
[rviz2-5] [WARN] [1776380537.211818999] [rviz2]: Detected jump back in time. Resetting RViz.
[rviz2-5] [WARN] [1776380537.211900216] [tf2_buffer]: Detected jump back in time. Clearing TF buffer.
[rviz2-5] [WARN] [1776380537.236101508] [rviz2]: Detected jump back in time. Resetting RViz.
[rviz2-5] [WARN] [1776380537.236160633] [tf2_buffer]: Detected jump back in time. Clearing TF buffer.
[rviz2-5] [WARN] [1776380537.239168423] [rviz2]: Detected jump back in time. Resetting RViz.
[rviz2-5] [WARN] [1776380537.239261466] [tf2_buffer]: Detected jump back in time. Clearing TF buffer.
[planner_global_dstar-7] [INFO] [1776380537.310934641] [planner_global_dstar]: 🎯 New Target Locked: (216, 200). Engaging immediately.
[planner_global_dstar-7] [INFO] [1776380538.378137779] [planner_global_dstar]: D* status: g[start]=17.1 waypoints=11 reached_goal=True
[ros2-4] [INFO] [1776380539.244752314] [ros_gz_bridge]: Passing message from ROS geometry_msgs/msg/Twist to Gazebo gz.msgs.Twist (showing msg only once per type)
[rviz2-5] [WARN] [1776380539.282170943] [rviz2]: Detected jump back in time. Resetting RViz.
[rviz2-5] [WARN] [1776380539.282789515] [tf2_buffer]: Detected jump back in time. Clearing TF buffer.
[rviz2-5] [WARN] [1776380539.303124550] [rviz2]: Detected jump back in time. Resetting RViz.
[rviz2-5] [WARN] [1776380539.303201093] [tf2_buffer]: Detected jump back in time. Clearing TF buffer.
[rviz2-5] [WARN] [1776380539.303569962] [rviz2]: Detected jump back in time. Resetting RViz.
[rviz2-5] [WARN] [1776380539.303606538] [tf2_buffer]: Detected jump back in time. Clearing TF buffer.
[rviz2-5] [WARN] [1776380539.304408261] [rviz2]: Detected jump back in time. Resetting RViz.
[rviz2-5] [WARN] [1776380539.304460511] [tf2_buffer]: Detected jump back in time. Clearing TF buffer.
[rviz2-5] [WARN] [1776380539.305342718] [rviz2]: Detected jump back in time. Resetting RViz.
[rviz2-5] [WARN] [1776380539.305395977] [tf2_buffer]: Detected jump back in time. Clearing TF buffer.
[rviz2-5] [WARN] [1776380539.305535861] [rviz2]: Detected jump back in time. Resetting RViz.
[rviz2-5] [WARN] [1776380539.305560520] [tf2_buffer]: Detected jump back in time. Clearing TF buffer.
[rviz2-5] [WARN] [1776380539.309406058] [rviz2]: Detected jump back in time. Resetting RViz.
[rviz2-5] [WARN] [1776380539.309450976] [tf2_buffer]: Detected jump back in time. Clearing TF buffer.
[rviz2-5] [WARN] [1776380539.310581418] [rviz2]: Detected jump back in time. Resetting RViz.
[rviz2-5] [WARN] [1776380539.310620468] [tf2_buffer]: Detected jump back in time. Clearing TF buffer.
[rviz2-5] [WARN] [1776380539.330404583] [rviz2]: Detected jump back in time. Resetting RViz.
[rviz2-5] [WARN] [1776380539.330468108] [tf2_buffer]: Detected jump back in time. Clearing TF buffer.
[rviz2-5] [WARN] [1776380539.335014536] [rviz2]: Detected jump back in time. Resetting RViz.
[rviz2-5] [WARN] [1776380539.335073570] [tf2_buffer]: Detected jump back in time. Clearing TF buffer.
[rviz2-5] [WARN] [1776380539.347004264] [rviz2]: Detected jump back in time. Resetting RViz.
[rviz2-5] [WARN] [1776380539.347048814] [tf2_buffer]: Detected jump back in time. Clearing TF buffer.
[rviz2-5] [WARN] [1776380539.347418876] [rviz2]: Detected jump back in time. Resetting RViz.
[rviz2-5] [WARN] [1776380539.347445551] [tf2_buffer]: Detected jump back in time. Clearing TF buffer.
[rviz2-5] [WARN] [1776380539.350916078] [rviz2]: Detected jump back in time. Resetting RViz.
[rviz2-5] [WARN] [1776380539.351004721] [tf2_buffer]: Detected jump back in time. Clearing TF buffer.
[rviz2-5] [WARN] [1776380539.355838159] [rviz2]: Detected jump back in time. Resetting RViz.
[rviz2-5] [WARN] [1776380539.355908468] [tf2_buffer]: Detected jump back in time. Clearing TF buffer.
[rviz2-5] [WARN] [1776380539.361777564] [rviz2]: Detected jump back in time. Resetting RViz.
[rviz2-5] [WARN] [1776380539.361833481] [tf2_buffer]: Detected jump back in time. Clearing TF buffer.
[rviz2-5] [WARN] [1776380539.370876378] [rviz2]: Detected jump back in time. Resetting RViz.
[rviz2-5] [WARN] [1776380539.370942562] [tf2_buffer]: Detected jump back in time. Clearing TF buffer.
[planner_local_apf-8] [INFO] [1776380539.361982991] [planner_local_apf]: 💓 ODOM HEARTBEAT: (0.202, -0.000)
[rviz2-5] [WARN] [1776380539.373004528] [rviz2]: Detected jump back in time. Resetting RViz.
[rviz2-5] [WARN] [1776380539.373057695] [tf2_buffer]: Detected jump back in time. Clearing TF buffer.
[rviz2-5] [WARN] [1776380539.381017175] [rviz2]: Detected jump back in time. Resetting RViz.
[rviz2-5] [WARN] [1776380539.381100592] [tf2_buffer]: Detected jump back in time. Clearing TF buffer.
[rviz2-5] [WARN] [1776380539.385010756] [rviz2]: Detected jump back in time. Resetting RViz.
[rviz2-5] [WARN] [1776380539.385072998] [tf2_buffer]: Detected jump back in time. Clearing TF buffer.
[rviz2-5] [WARN] [1776380539.388149998] [rviz2]: Detected jump back in time. Resetting RViz.
[rviz2-5] [WARN] [1776380539.388211965] [tf2_buffer]: Detected jump back in time. Clearing TF buffer.
[rviz2-5] [WARN] [1776380539.393151004] [rviz2]: Detected jump back in time. Resetting RViz.
[rviz2-5] [WARN] [1776380539.393187946] [tf2_buffer]: Detected jump back in time. Clearing TF buffer.
[rviz2-5] [WARN] [1776380539.402556720] [rviz2]: Detected jump back in time. Resetting RViz.
[rviz2-5] [WARN] [1776380539.402609704] [tf2_buffer]: Detected jump back in time. Clearing TF buffer.
[rviz2-5] [WARN] [1776380539.404146508] [rviz2]: Detected jump back in time. Resetting RViz.
[rviz2-5] [WARN] [1776380539.404197475] [tf2_buffer]: Detected jump back in time. Clearing TF buffer.
[rviz2-5] [WARN] [1776380539.415583390] [rviz2]: Detected jump back in time. Resetting RViz.
[rviz2-5] [WARN] [1776380539.415813016] [tf2_buffer]: Detected jump back in time. Clearing TF buffer.
[rviz2-5] [WARN] [1776380539.417439746] [rviz2]: Detected jump back in time. Resetting RViz.
[rviz2-5] [WARN] [1776380539.417485396] [tf2_buffer]: Detected jump back in time. Clearing TF buffer.
[rviz2-5] [WARN] [1776380539.421399961] [rviz2]: Detected jump back in time. Resetting RViz.
[rviz2-5] [WARN] [1776380539.421450011] [tf2_buffer]: Detected jump back in time. Clearing TF buffer.
[rviz2-5] [WARN] [1776380539.435834550] [rviz2]: Detected jump back in time. Resetting RViz.
[rviz2-5] [WARN] [1776380539.435891200] [tf2_buffer]: Detected jump back in time. Clearing TF buffer.
[rviz2-5] [WARN] [1776380539.448332024] [rviz2]: Detected jump back in time. Resetting RViz.
[rviz2-5] [WARN] [1776380539.448394541] [tf2_buffer]: Detected jump back in time. Clearing TF buffer.
[planner_local_apf-8] [INFO] [1776380539.453933360] [planner_local_apf]: 🛤️ Rail Updated: 11 points.
[rviz2-5] [WARN] [1776380539.464751945] [rviz2]: Detected jump back in time. Resetting RViz.
[rviz2-5] [WARN] [1776380539.464912821] [tf2_buffer]: Detected jump back in time. Clearing TF buffer.
[rviz2-5] [WARN] [1776380539.470136671] [rviz2]: Detected jump back in time. Resetting RViz.
[rviz2-5] [WARN] [1776380539.470208447] [tf2_buffer]: Detected jump back in time. Clearing TF buffer.
[rviz2-5] [WARN] [1776380539.479934357] [rviz2]: Detected jump back in time. Resetting RViz.
[rviz2-5] [WARN] [1776380539.480005491] [tf2_buffer]: Detected jump back in time. Clearing TF buffer.
[rviz2-5] [WARN] [1776380539.483320367] [rviz2]: Detected jump back in time. Resetting RViz.
[rviz2-5] [WARN] [1776380539.483396176] [tf2_buffer]: Detected jump back in time. Clearing TF buffer.
[rviz2-5] [WARN] [1776380539.486430733] [rviz2]: Detected jump back in time. Resetting RViz.
[rviz2-5] [WARN] [1776380539.486489034] [tf2_buffer]: Detected jump back in time. Clearing TF buffer.
[rviz2-5] [WARN] [1776380539.489154171] [rviz2]: Detected jump back in time. Resetting RViz.
[rviz2-5] [WARN] [1776380539.489244280] [tf2_buffer]: Detected jump back in time. Clearing TF buffer.
[rviz2-5] [WARN] [1776380539.494437146] [rviz2]: Detected jump back in time. Resetting RViz.
[rviz2-5] [WARN] [1776380539.494500214] [tf2_buffer]: Detected jump back in time. Clearing TF buffer.
[rviz2-5] [WARN] [1776380539.500922064] [rviz2]: Detected jump back in time. Resetting RViz.
[rviz2-5] [WARN] [1776380539.500989073] [tf2_buffer]: Detected jump back in time. Clearing TF buffer.
[planner_local_apf-8] [INFO] [1776380539.499171584] [planner_local_apf]: 🛣️ Path Received: 11 waypoints. Engaging motors.
[rviz2-5] [WARN] [1776380539.511907210] [rviz2]: Detected jump back in time. Resetting RViz.
[rviz2-5] [WARN] [1776380539.511980452] [tf2_buffer]: Detected jump back in time. Clearing TF buffer.
[rviz2-5] [WARN] [1776380539.524249399] [rviz2]: Detected jump back in time. Resetting RViz.
[rviz2-5] [WARN] [1776380539.524301283] [tf2_buffer]: Detected jump back in time. Clearing TF buffer.
[rviz2-5] [WARN] [1776380539.526071563] [rviz2]: Detected jump back in time. Resetting RViz.
[rviz2-5] [WARN] [1776380539.526113364] [tf2_buffer]: Detected jump back in time. Clearing TF buffer.
[rviz2-5] [WARN] [1776380539.540332718] [rviz2]: Detected jump back in time. Resetting RViz.
[rviz2-5] [WARN] [1776380539.540392576] [tf2_buffer]: Detected jump back in time. Clearing TF buffer.
[rviz2-5] [WARN] [1776380539.543882262] [rviz2]: Detected jump back in time. Resetting RViz.
[rviz2-5] [WARN] [1776380539.543970080] [tf2_buffer]: Detected jump back in time. Clearing TF buffer.
[rviz2-5] [WARN] [1776380539.545405408] [rviz2]: Detected jump back in time. Resetting RViz.
[rviz2-5] [WARN] [1776380539.545442900] [tf2_buffer]: Detected jump back in time. Clearing TF buffer.
[rviz2-5] [WARN] [1776380539.546845594] [rviz2]: Detected jump back in time. Resetting RViz.
[rviz2-5] [WARN] [1776380539.546886569] [tf2_buffer]: Detected jump back in time. Clearing TF buffer.
[rviz2-5] [WARN] [1776380539.552694524] [rviz2]: Detected jump back in time. Resetting RViz.
[rviz2-5] [WARN] [1776380539.552781333] [tf2_buffer]: Detected jump back in time. Clearing TF buffer.
[rviz2-5] [WARN] [1776380539.554030943] [rviz2]: Detected jump back in time. Resetting RViz.
[rviz2-5] [WARN] [1776380539.554067335] [tf2_buffer]: Detected jump back in time. Clearing TF buffer.
[rviz2-5] [WARN] [1776380539.558120042] [rviz2]: Detected jump back in time. Resetting RViz.
[rviz2-5] [WARN] [1776380539.558171192] [tf2_buffer]: Detected jump back in time. Clearing TF buffer.
[rviz2-5] [WARN] [1776380539.568558757] [rviz2]: Detected jump back in time. Resetting RViz.
[rviz2-5] [WARN] [1776380539.568780318] [tf2_buffer]: Detected jump back in time. Clearing TF buffer.
[rviz2-5] [WARN] [1776380539.570138278] [rviz2]: Detected jump back in time. Resetting RViz.
[rviz2-5] [WARN] [1776380539.570183012] [tf2_buffer]: Detected jump back in time. Clearing TF buffer.
[rviz2-5] [WARN] [1776380539.576800114] [rviz2]: Detected jump back in time. Resetting RViz.
[rviz2-5] [WARN] [1776380539.576846131] [tf2_buffer]: Detected jump back in time. Clearing TF buffer.
[rviz2-5] [WARN] [1776380539.577596704] [rviz2]: Detected jump back in time. Resetting RViz.
[rviz2-5] [WARN] [1776380539.577648771] [tf2_buffer]: Detected jump back in time. Clearing TF buffer.
[rviz2-5] [WARN] [1776380539.581806529] [rviz2]: Detected jump back in time. Resetting RViz.
[rviz2-5] [WARN] [1776380539.581931472] [tf2_buffer]: Detected jump back in time. Clearing TF buffer.
[rviz2-5] [WARN] [1776380539.584913778] [rviz2]: Detected jump back in time. Resetting RViz.
[rviz2-5] [WARN] [1776380539.584968962] [tf2_buffer]: Detected jump back in time. Clearing TF buffer.
[rviz2-5] [WARN] [1776380539.593579189] [rviz2]: Detected jump back in time. Resetting RViz.
[rviz2-5] [WARN] [1776380539.593660498] [tf2_buffer]: Detected jump back in time. Clearing TF buffer.
[rviz2-5] [WARN] [1776380539.594181443] [rviz2]: Detected jump back in time. Resetting RViz.
[rviz2-5] [WARN] [1776380539.594228744] [tf2_buffer]: Detected jump back in time. Clearing TF buffer.
[rviz2-5] [WARN] [1776380539.600491735] [rviz2]: Detected jump back in time. Resetting RViz.
[rviz2-5] [WARN] [1776380539.600574602] [tf2_buffer]: Detected jump back in time. Clearing TF buffer.
[rviz2-5] [WARN] [1776380539.605876003] [rviz2]: Detected jump back in time. Resetting RViz.
[rviz2-5] [WARN] [1776380539.605917895] [tf2_buffer]: Detected jump back in time. Clearing TF buffer.
[rviz2-5] [WARN] [1776380539.608900935] [rviz2]: Detected jump back in time. Resetting RViz.
[rviz2-5] [WARN] [1776380539.609000302] [tf2_buffer]: Detected jump back in time. Clearing TF buffer.
[rviz2-5] [WARN] [1776380539.614367153] [rviz2]: Detected jump back in time. Resetting RViz.
[rviz2-5] [WARN] [1776380539.614785065] [tf2_buffer]: Detected jump back in time. Clearing TF buffer.
[rviz2-5] [WARN] [1776380539.620052640] [rviz2]: Detected jump back in time. Resetting RViz.
[rviz2-5] [WARN] [1776380539.620102873] [tf2_buffer]: Detected jump back in time. Clearing TF buffer.
[rviz2-5] [WARN] [1776380539.620783687] [rviz2]: Detected jump back in time. Resetting RViz.
[rviz2-5] [WARN] [1776380539.620814579] [tf2_buffer]: Detected jump back in time. Clearing TF buffer.
[rviz2-5] [WARN] [1776380539.622372558] [rviz2]: Detected jump back in time. Resetting RViz.
[rviz2-5] [WARN] [1776380539.622418667] [tf2_buffer]: Detected jump back in time. Clearing TF buffer.
[rviz2-5] [WARN] [1776380539.631823924] [rviz2]: Detected jump back in time. Resetting RViz.
[rviz2-5] [WARN] [1776380539.631872508] [tf2_buffer]: Detected jump back in time. Clearing TF buffer.
[rviz2-5] [WARN] [1776380539.632424804] [rviz2]: Detected jump back in time. Resetting RViz.
[rviz2-5] [WARN] [1776380539.632463029] [tf2_buffer]: Detected jump back in time. Clearing TF buffer.
[rviz2-5] [WARN] [1776380539.632647281] [rviz2]: Detected jump back in time. Resetting RViz.
[rviz2-5] [WARN] [1776380539.632667723] [tf2_buffer]: Detected jump back in time. Clearing TF buffer.
[rviz2-5] [WARN] [1776380539.633189402] [rviz2]: Detected jump back in time. Resetting RViz.
[rviz2-5] [WARN] [1776380539.633211860] [tf2_buffer]: Detected jump back in time. Clearing TF buffer.
[rviz2-5] [WARN] [1776380539.633882591] [rviz2]: Detected jump back in time. Resetting RViz.
[rviz2-5] [WARN] [1776380539.633912016] [tf2_buffer]: Detected jump back in time. Clearing TF buffer.
[rviz2-5] [WARN] [1776380539.634080959] [rviz2]: Detected jump back in time. Resetting RViz.
[rviz2-5] [WARN] [1776380539.634108459] [tf2_buffer]: Detected jump back in time. Clearing TF buffer.
[rviz2-5] [WARN] [1776380539.634639488] [rviz2]: Detected jump back in time. Resetting RViz.
[rviz2-5] [WARN] [1776380539.634661488] [tf2_buffer]: Detected jump back in time. Clearing TF buffer.
[rviz2-5] [WARN] [1776380539.636516103] [rviz2]: Detected jump back in time. Resetting RViz.
[rviz2-5] [WARN] [1776380539.636583204] [tf2_buffer]: Detected jump back in time. Clearing TF buffer.
[rviz2-5] [WARN] [1776380539.639670103] [rviz2]: Detected jump back in time. Resetting RViz.
[rviz2-5] [WARN] [1776380539.639734820] [tf2_buffer]: Detected jump back in time. Clearing TF buffer.
[rviz2-5] [WARN] [1776380539.644893311] [rviz2]: Detected jump back in time. Resetting RViz.
[rviz2-5] [WARN] [1776380539.645023204] [tf2_buffer]: Detected jump back in time. Clearing TF buffer.
[rviz2-5] [WARN] [1776380539.645081413] [rviz2]: Detected jump back in time. Resetting RViz.
[rviz2-5] [WARN] [1776380539.645096354] [tf2_buffer]: Detected jump back in time. Clearing TF buffer.
[rviz2-5] [WARN] [1776380539.646947944] [rviz2]: Detected jump back in time. Resetting RViz.
[rviz2-5] [WARN] [1776380539.646994969] [tf2_buffer]: Detected jump back in time. Clearing TF buffer.
[rviz2-5] [WARN] [1776380539.649158686] [rviz2]: Detected jump back in time. Resetting RViz.
[rviz2-5] [WARN] [1776380539.649204703] [tf2_buffer]: Detected jump back in time. Clearing TF buffer.
[rviz2-5] [WARN] [1776380539.650193061] [rviz2]: Detected jump back in time. Resetting RViz.
[rviz2-5] [WARN] [1776380539.650323687] [tf2_buffer]: Detected jump back in time. Clearing TF buffer.
[rviz2-5] [WARN] [1776380539.652704381] [rviz2]: Detected jump back in time. Resetting RViz.
[rviz2-5] [WARN] [1776380539.652752690] [tf2_buffer]: Detected jump back in time. Clearing TF buffer.
[rviz2-5] [WARN] [1776380539.656928231] [rviz2]: Detected jump back in time. Resetting RViz.
[rviz2-5] [WARN] [1776380539.657017882] [tf2_buffer]: Detected jump back in time. Clearing TF buffer.
[rviz2-5] [WARN] [1776380539.670582456] [rviz2]: Detected jump back in time. Resetting RViz.
[rviz2-5] [WARN] [1776380539.670662940] [tf2_buffer]: Detected jump back in time. Clearing TF buffer.
[rviz2-5] [WARN] [1776380539.680024380] [rviz2]: Detected jump back in time. Resetting RViz.
[rviz2-5] [WARN] [1776380539.680074614] [tf2_buffer]: Detected jump back in time. Clearing TF buffer.
[rviz2-5] [WARN] [1776380539.681854337] [rviz2]: Detected jump back in time. Resetting RViz.
[rviz2-5] [WARN] [1776380539.681983679] [tf2_buffer]: Detected jump back in time. Clearing TF buffer.
[rviz2-5] [WARN] [1776380539.682194056] [rviz2]: Detected jump back in time. Resetting RViz.
[rviz2-5] [WARN] [1776380539.682220639] [tf2_buffer]: Detected jump back in time. Clearing TF buffer.
[rviz2-5] [WARN] [1776380539.695484361] [rviz2]: Detected jump back in time. Resetting RViz.
[rviz2-5] [WARN] [1776380539.695534595] [tf2_buffer]: Detected jump back in time. Clearing TF buffer.
[rviz2-5] [WARN] [1776380539.696424135] [rviz2]: Detected jump back in time. Resetting RViz.
[rviz2-5] [WARN] [1776380539.696454935] [tf2_buffer]: Detected jump back in time. Clearing TF buffer.
[rviz2-5] [WARN] [1776380539.699264816] [rviz2]: Detected jump back in time. Resetting RViz.
[rviz2-5] [WARN] [1776380539.699312391] [tf2_buffer]: Detected jump back in time. Clearing TF buffer.
[rviz2-5] [WARN] [1776380539.699805379] [rviz2]: Detected jump back in time. Resetting RViz.
[rviz2-5] [WARN] [1776380539.699850754] [tf2_buffer]: Detected jump back in time. Clearing TF buffer.
[rviz2-5] [WARN] [1776380539.702289840] [rviz2]: Detected jump back in time. Resetting RViz.
[rviz2-5] [WARN] [1776380539.702374449] [tf2_buffer]: Detected jump back in time. Clearing TF buffer.
[rviz2-5] [WARN] [1776380539.704842868] [rviz2]: Detected jump back in time. Resetting RViz.
[rviz2-5] [WARN] [1776380539.705055262] [tf2_buffer]: Detected jump back in time. Clearing TF buffer.
[rviz2-5] [WARN] [1776380539.708364730] [rviz2]: Detected jump back in time. Resetting RViz.
[rviz2-5] [WARN] [1776380539.708417347] [tf2_buffer]: Detected jump back in time. Clearing TF buffer.
[rviz2-5] [WARN] [1776380539.709308720] [rviz2]: Detected jump back in time. Resetting RViz.
[rviz2-5] [WARN] [1776380539.709364546] [tf2_buffer]: Detected jump back in time. Clearing TF buffer.
[rviz2-5] [WARN] [1776380539.710031243] [rviz2]: Detected jump back in time. Resetting RViz.
[rviz2-5] [WARN] [1776380539.710057460] [tf2_buffer]: Detected jump back in time. Clearing TF buffer.
[rviz2-5] [WARN] [1776380539.710372429] [rviz2]: Detected jump back in time. Resetting RViz.
[rviz2-5] [WARN] [1776380539.710394704] [tf2_buffer]: Detected jump back in time. Clearing TF buffer.
[rviz2-5] [WARN] [1776380539.710760273] [rviz2]: Detected jump back in time. Resetting RViz.
[rviz2-5] [WARN] [1776380539.710781632] [tf2_buffer]: Detected jump back in time. Clearing TF buffer.
[rviz2-5] [WARN] [1776380539.719944979] [rviz2]: Detected jump back in time. Resetting RViz.
[rviz2-5] [WARN] [1776380539.720111172] [tf2_buffer]: Detected jump back in time. Clearing TF buffer.
[rviz2-5] [WARN] [1776380539.721478300] [rviz2]: Detected jump back in time. Resetting RViz.
[rviz2-5] [WARN] [1776380539.721537517] [tf2_buffer]: Detected jump back in time. Clearing TF buffer.
[rviz2-5] [WARN] [1776380539.722801519] [rviz2]: Detected jump back in time. Resetting RViz.
[rviz2-5] [WARN] [1776380539.722844327] [tf2_buffer]: Detected jump back in time. Clearing TF buffer.
[rviz2-5] [WARN] [1776380539.731696831] [rviz2]: Detected jump back in time. Resetting RViz.
[rviz2-5] [WARN] [1776380539.731778231] [tf2_buffer]: Detected jump back in time. Clearing TF buffer.
[rviz2-5] [WARN] [1776380539.732517070] [rviz2]: Detected jump back in time. Resetting RViz.
[rviz2-5] [WARN] [1776380539.732570788] [tf2_buffer]: Detected jump back in time. Clearing TF buffer.
[rviz2-5] [WARN] [1776380539.733315768] [rviz2]: Detected jump back in time. Resetting RViz.
[rviz2-5] [WARN] [1776380539.733356010] [tf2_buffer]: Detected jump back in time. Clearing TF buffer.
[rviz2-5] [WARN] [1776380539.733544387] [rviz2]: Detected jump back in time. Resetting RViz.
[rviz2-5] [WARN] [1776380539.733576837] [tf2_buffer]: Detected jump back in time. Clearing TF buffer.
[rviz2-5] [WARN] [1776380539.740509275] [rviz2]: Detected jump back in time. Resetting RViz.
[rviz2-5] [WARN] [1776380539.740591684] [tf2_buffer]: Detected jump back in time. Clearing TF buffer.
[rviz2-5] [WARN] [1776380539.740979346] [rviz2]: Detected jump back in time. Resetting RViz.
[rviz2-5] [WARN] [1776380539.741016471] [tf2_buffer]: Detected jump back in time. Clearing TF buffer.
[rviz2-5] [WARN] [1776380539.741699026] [rviz2]: Detected jump back in time. Resetting RViz.
[rviz2-5] [WARN] [1776380539.741730560] [tf2_buffer]: Detected jump back in time. Clearing TF buffer.
[rviz2-5] [WARN] [1776380539.742163872] [rviz2]: Detected jump back in time. Resetting RViz.
[rviz2-5] [WARN] [1776380539.742190089] [tf2_buffer]: Detected jump back in time. Clearing TF buffer.
[rviz2-5] [WARN] [1776380539.743192197] [rviz2]: Detected jump back in time. Resetting RViz.
[rviz2-5] [WARN] [1776380539.743263514] [tf2_buffer]: Detected jump back in time. Clearing TF buffer.
[rviz2-5] [WARN] [1776380539.744915635] [rviz2]: Detected jump back in time. Resetting RViz.
[rviz2-5] [WARN] [1776380539.744970819] [tf2_buffer]: Detected jump back in time. Clearing TF buffer.
[rviz2-5] [WARN] [1776380539.750913891] [rviz2]: Detected jump back in time. Resetting RViz.
[rviz2-5] [WARN] [1776380539.751029850] [tf2_buffer]: Detected jump back in time. Clearing TF buffer.
[rviz2-5] [WARN] [1776380539.751211260] [rviz2]: Detected jump back in time. Resetting RViz.
[rviz2-5] [WARN] [1776380539.751243894] [tf2_buffer]: Detected jump back in time. Clearing TF buffer.
[rviz2-5] [WARN] [1776380539.751316402] [rviz2]: Detected jump back in time. Resetting RViz.
[rviz2-5] [WARN] [1776380539.751344819] [tf2_buffer]: Detected jump back in time. Clearing TF buffer.
[rviz2-5] [WARN] [1776380539.754021416] [rviz2]: Detected jump back in time. Resetting RViz.
[rviz2-5] [WARN] [1776380539.754079166] [tf2_buffer]: Detected jump back in time. Clearing TF buffer.
[rviz2-5] [WARN] [1776380539.755421452] [rviz2]: Detected jump back in time. Resetting RViz.
[rviz2-5] [WARN] [1776380539.755511377] [tf2_buffer]: Detected jump back in time. Clearing TF buffer.
[rviz2-5] [WARN] [1776380539.755576186] [rviz2]: Detected jump back in time. Resetting RViz.
[rviz2-5] [WARN] [1776380539.755596445] [tf2_buffer]: Detected jump back in time. Clearing TF buffer.
[rviz2-5] [WARN] [1776380539.756378367] [rviz2]: Detected jump back in time. Resetting RViz.
[rviz2-5] [WARN] [1776380539.756419801] [tf2_buffer]: Detected jump back in time. Clearing TF buffer.
[rviz2-5] [WARN] [1776380539.756992906] [rviz2]: Detected jump back in time. Resetting RViz.
[rviz2-5] [WARN] [1776380539.757025814] [tf2_buffer]: Detected jump back in time. Clearing TF buffer.
[rviz2-5] [WARN] [1776380539.759753561] [rviz2]: Detected jump back in time. Resetting RViz.
[rviz2-5] [WARN] [1776380539.759797011] [tf2_buffer]: Detected jump back in time. Clearing TF buffer.
[rviz2-5] [WARN] [1776380539.762671792] [rviz2]: Detected jump back in time. Resetting RViz.
[rviz2-5] [WARN] [1776380539.762778951] [tf2_buffer]: Detected jump back in time. Clearing TF buffer.
[rviz2-5] [WARN] [1776380539.767702774] [rviz2]: Detected jump back in time. Resetting RViz.
[rviz2-5] [WARN] [1776380539.767886108] [tf2_buffer]: Detected jump back in time. Clearing TF buffer.
[rviz2-5] [WARN] [1776380539.774738154] [rviz2]: Detected jump back in time. Resetting RViz.
[rviz2-5] [WARN] [1776380539.774798288] [tf2_buffer]: Detected jump back in time. Clearing TF buffer.
[rviz2-5] [WARN] [1776380539.791675538] [rviz2]: Detected jump back in time. Resetting RViz.
[rviz2-5] [WARN] [1776380539.791811573] [tf2_buffer]: Detected jump back in time. Clearing TF buffer.
[rviz2-5] [WARN] [1776380539.807726315] [rviz2]: Detected jump back in time. Resetting RViz.
[rviz2-5] [WARN] [1776380539.807801757] [tf2_buffer]: Detected jump back in time. Clearing TF buffer.
[rviz2-5] [WARN] [1776380539.821263389] [rviz2]: Detected jump back in time. Resetting RViz.
[rviz2-5] [WARN] [1776380539.821313714] [tf2_buffer]: Detected jump back in time. Clearing TF buffer.
[rviz2-5] [WARN] [1776380539.821404557] [rviz2]: Detected jump back in time. Resetting RViz.
[rviz2-5] [WARN] [1776380539.821433249] [tf2_buffer]: Detected jump back in time. Clearing TF buffer.
[rviz2-5] [WARN] [1776380539.821977844] [rviz2]: Detected jump back in time. Resetting RViz.
[rviz2-5] [WARN] [1776380539.822011486] [tf2_buffer]: Detected jump back in time. Clearing TF buffer.
[rviz2-5] [WARN] [1776380539.832830072] [rviz2]: Detected jump back in time. Resetting RViz.
[rviz2-5] [WARN] [1776380539.832877097] [tf2_buffer]: Detected jump back in time. Clearing TF buffer.
[rviz2-5] [WARN] [1776380539.847415637] [rviz2]: Detected jump back in time. Resetting RViz.
[rviz2-5] [WARN] [1776380539.847469263] [tf2_buffer]: Detected jump back in time. Clearing TF buffer.
[rviz2-5] [WARN] [1776380539.848175193] [rviz2]: Detected jump back in time. Resetting RViz.
[rviz2-5] [WARN] [1776380539.848211494] [tf2_buffer]: Detected jump back in time. Clearing TF buffer.
[rviz2-5] [WARN] [1776380539.855363017] [rviz2]: Detected jump back in time. Resetting RViz.
[rviz2-5] [WARN] [1776380539.855440384] [tf2_buffer]: Detected jump back in time. Clearing TF buffer.
[rviz2-5] [WARN] [1776380539.855475584] [rviz2]: Detected jump back in time. Resetting RViz.
[rviz2-5] [WARN] [1776380539.855489609] [tf2_buffer]: Detected jump back in time. Clearing TF buffer.
[rviz2-5] [WARN] [1776380539.865053727] [rviz2]: Detected jump back in time. Resetting RViz.
[rviz2-5] [WARN] [1776380539.865122386] [tf2_buffer]: Detected jump back in time. Clearing TF buffer.
[rviz2-5] [WARN] [1776380539.876124398] [rviz2]: Detected jump back in time. Resetting RViz.
[rviz2-5] [WARN] [1776380539.876250349] [tf2_buffer]: Detected jump back in time. Clearing TF buffer.
[rviz2-5] [WARN] [1776380539.879785685] [rviz2]: Detected jump back in time. Resetting RViz.
[rviz2-5] [WARN] [1776380539.879844077] [tf2_buffer]: Detected jump back in time. Clearing TF buffer.
[rviz2-5] [WARN] [1776380539.881951052] [rviz2]: Detected jump back in time. Resetting RViz.
[rviz2-5] [WARN] [1776380539.882189296] [tf2_buffer]: Detected jump back in time. Clearing TF buffer.
[planner_local_apf-8] [INFO] [1776380539.883491981] [planner_local_apf]: 🛤️ Rail Updated: 11 points.
[rviz2-5] [WARN] [1776380539.890738746] [rviz2]: Detected jump back in time. Resetting RViz.
[rviz2-5] [WARN] [1776380539.890818497] [tf2_buffer]: Detected jump back in time. Clearing TF buffer.
[rviz2-5] [WARN] [1776380539.923898325] [rviz2]: Detected jump back in time. Resetting RViz.
[rviz2-5] [WARN] [1776380539.923981193] [tf2_buffer]: Detected jump back in time. Clearing TF buffer.
[rviz2-5] [WARN] [1776380539.926479496] [rviz2]: Detected jump back in time. Resetting RViz.
[rviz2-5] [WARN] [1776380539.926545130] [tf2_buffer]: Detected jump back in time. Clearing TF buffer.
[rviz2-5] [WARN] [1776380539.928638904] [rviz2]: Detected jump back in time. Resetting RViz.
[rviz2-5] [WARN] [1776380539.928691338] [tf2_buffer]: Detected jump back in time. Clearing TF buffer.
[rviz2-5] [WARN] [1776380539.945552180] [rviz2]: Detected jump back in time. Resetting RViz.
[rviz2-5] [WARN] [1776380539.945614422] [tf2_buffer]: Detected jump back in time. Clearing TF buffer.
[rviz2-5] [WARN] [1776380539.958021328] [rviz2]: Detected jump back in time. Resetting RViz.
[rviz2-5] [WARN] [1776380539.958070279] [tf2_buffer]: Detected jump back in time. Clearing TF buffer.
[rviz2-5] [WARN] [1776380539.961038836] [rviz2]: Detected jump back in time. Resetting RViz.
[rviz2-5] [WARN] [1776380539.961285604] [tf2_buffer]: Detected jump back in time. Clearing TF buffer.
[rviz2-5] [WARN] [1776380540.003082726] [rviz2]: Detected jump back in time. Resetting RViz.
[rviz2-5] [WARN] [1776380540.003155969] [tf2_buffer]: Detected jump back in time. Clearing TF buffer.
[rviz2-5] [WARN] [1776380540.006361302] [rviz2]: Detected jump back in time. Resetting RViz.
[rviz2-5] [WARN] [1776380540.006436011] [tf2_buffer]: Detected jump back in time. Clearing TF buffer.
[rviz2-5] [WARN] [1776380540.006766747] [rviz2]: Detected jump back in time. Resetting RViz.
[rviz2-5] [WARN] [1776380540.006828164] [tf2_buffer]: Detected jump back in time. Clearing TF buffer.
[rviz2-5] [WARN] [1776380540.007177234] [rviz2]: Detected jump back in time. Resetting RViz.
[rviz2-5] [WARN] [1776380540.007209776] [tf2_buffer]: Detected jump back in time. Clearing TF buffer.
[rviz2-5] [WARN] [1776380540.016461124] [rviz2]: Detected jump back in time. Resetting RViz.
[rviz2-5] [WARN] [1776380540.016551233] [tf2_buffer]: Detected jump back in time. Clearing TF buffer.
[rviz2-5] [WARN] [1776380540.025079784] [rviz2]: Detected jump back in time. Resetting RViz.
[rviz2-5] [WARN] [1776380540.025159534] [tf2_buffer]: Detected jump back in time. Clearing TF buffer.
[rviz2-5] [WARN] [1776380540.038158429] [rviz2]: Detected jump back in time. Resetting RViz.
[rviz2-5] [WARN] [1776380540.038436914] [tf2_buffer]: Detected jump back in time. Clearing TF buffer.
[rviz2-5] [WARN] [1776380540.062705489] [rviz2]: Detected jump back in time. Resetting RViz.
[rviz2-5] [WARN] [1776380540.063204710] [tf2_buffer]: Detected jump back in time. Clearing TF buffer.
[rviz2-5] [WARN] [1776380540.077189487] [rviz2]: Detected jump back in time. Resetting RViz.
[rviz2-5] [WARN] [1776380540.077239996] [tf2_buffer]: Detected jump back in time. Clearing TF buffer.
[rviz2-5] [WARN] [1776380540.078674224] [rviz2]: Detected jump back in time. Resetting RViz.
[rviz2-5] [WARN] [1776380540.078748383] [tf2_buffer]: Detected jump back in time. Clearing TF buffer.
[rviz2-5] [WARN] [1776380540.079324604] [rviz2]: Detected jump back in time. Resetting RViz.
[rviz2-5] [WARN] [1776380540.079355038] [tf2_buffer]: Detected jump back in time. Clearing TF buffer.
[rviz2-5] [WARN] [1776380540.080209378] [rviz2]: Detected jump back in time. Resetting RViz.
[rviz2-5] [WARN] [1776380540.080295637] [tf2_buffer]: Detected jump back in time. Clearing TF buffer.
[rviz2-5] [WARN] [1776380540.092094330] [rviz2]: Detected jump back in time. Resetting RViz.
[rviz2-5] [WARN] [1776380540.092257223] [tf2_buffer]: Detected jump back in time. Clearing TF buffer.
[rviz2-5] [WARN] [1776380540.094008804] [rviz2]: Detected jump back in time. Resetting RViz.
[rviz2-5] [WARN] [1776380540.094059679] [tf2_buffer]: Detected jump back in time. Clearing TF buffer.
[rviz2-5] [WARN] [1776380540.094494916] [rviz2]: Detected jump back in time. Resetting RViz.
[rviz2-5] [WARN] [1776380540.094532499] [tf2_buffer]: Detected jump back in time. Clearing TF buffer.
[rviz2-5] [WARN] [1776380540.111923362] [rviz2]: Detected jump back in time. Resetting RViz.
[rviz2-5] [WARN] [1776380540.111977629] [tf2_buffer]: Detected jump back in time. Clearing TF buffer.
[rviz2-5] [WARN] [1776380540.123919323] [rviz2]: Detected jump back in time. Resetting RViz.
[rviz2-5] [WARN] [1776380540.123977807] [tf2_buffer]: Detected jump back in time. Clearing TF buffer.
[rviz2-5] [WARN] [1776380540.127746437] [rviz2]: Detected jump back in time. Resetting RViz.
[rviz2-5] [WARN] [1776380540.127925005] [tf2_buffer]: Detected jump back in time. Clearing TF buffer.
[rviz2-5] [WARN] [1776380540.147663378] [rviz2]: Detected jump back in time. Resetting RViz.
[rviz2-5] [WARN] [1776380540.147759629] [tf2_buffer]: Detected jump back in time. Clearing TF buffer.
[planner_local_apf-8] [INFO] [1776380540.155975777] [planner_local_apf]: 🛤️ Rail Updated: 11 points.
[rviz2-5] [WARN] [1776380540.157653198] [rviz2]: Detected jump back in time. Resetting RViz.
[rviz2-5] [WARN] [1776380540.157704074] [tf2_buffer]: Detected jump back in time. Clearing TF buffer.
[rviz2-5] [WARN] [1776380540.171792619] [rviz2]: Detected jump back in time. Resetting RViz.
[rviz2-5] [WARN] [1776380540.172121063] [tf2_buffer]: Detected jump back in time. Clearing TF buffer.
[rviz2-5] [WARN] [1776380540.190673993] [rviz2]: Detected jump back in time. Resetting RViz.
[rviz2-5] [WARN] [1776380540.190746777] [tf2_buffer]: Detected jump back in time. Clearing TF buffer.
[rviz2-5] [WARN] [1776380540.192963936] [rviz2]: Detected jump back in time. Resetting RViz.
[rviz2-5] [WARN] [1776380540.193028195] [tf2_buffer]: Detected jump back in time. Clearing TF buffer.
[rviz2-5] [WARN] [1776380540.206261299] [rviz2]: Detected jump back in time. Resetting RViz.
[rviz2-5] [WARN] [1776380540.206422542] [tf2_buffer]: Detected jump back in time. Clearing TF buffer.
[rviz2-5] [WARN] [1776380540.249188681] [rviz2]: Detected jump back in time. Resetting RViz.
[rviz2-5] [WARN] [1776380540.249244598] [tf2_buffer]: Detected jump back in time. Clearing TF buffer.
[rviz2-5] [WARN] [1776380540.259999933] [rviz2]: Detected jump back in time. Resetting RViz.
[rviz2-5] [WARN] [1776380540.260051175] [tf2_buffer]: Detected jump back in time. Clearing TF buffer.
[rviz2-5] [WARN] [1776380540.261509420] [rviz2]: Detected jump back in time. Resetting RViz.
[rviz2-5] [WARN] [1776380540.261570745] [tf2_buffer]: Detected jump back in time. Clearing TF buffer.
[rviz2-5] [WARN] [1776380540.275741424] [rviz2]: Detected jump back in time. Resetting RViz.
[rviz2-5] [WARN] [1776380540.275828600] [tf2_buffer]: Detected jump back in time. Clearing TF buffer.
[rviz2-5] [WARN] [1776380540.277160618] [rviz2]: Detected jump back in time. Resetting RViz.
[rviz2-5] [WARN] [1776380540.277211585] [tf2_buffer]: Detected jump back in time. Clearing TF buffer.
[rviz2-5] [WARN] [1776380540.277340928] [rviz2]: Detected jump back in time. Resetting RViz.
[rviz2-5] [WARN] [1776380540.277369070] [tf2_buffer]: Detected jump back in time. Clearing TF buffer.
[rviz2-5] [WARN] [1776380540.277653789] [rviz2]: Detected jump back in time. Resetting RViz.
[rviz2-5] [WARN] [1776380540.277677256] [tf2_buffer]: Detected jump back in time. Clearing TF buffer.
[rviz2-5] [WARN] [1776380540.288629034] [rviz2]: Detected jump back in time. Resetting RViz.
[rviz2-5] [WARN] [1776380540.288685776] [tf2_buffer]: Detected jump back in time. Clearing TF buffer.
[rviz2-5] [WARN] [1776380540.291157862] [rviz2]: Detected jump back in time. Resetting RViz.
[rviz2-5] [WARN] [1776380540.291356689] [tf2_buffer]: Detected jump back in time. Clearing TF buffer.
[rviz2-5] [WARN] [1776380540.303004681] [rviz2]: Detected jump back in time. Resetting RViz.
[rviz2-5] [WARN] [1776380540.303103224] [tf2_buffer]: Detected jump back in time. Clearing TF buffer.
[rviz2-5] [WARN] [1776380540.311716292] [rviz2]: Detected jump back in time. Resetting RViz.
[rviz2-5] [WARN] [1776380540.311810984] [tf2_buffer]: Detected jump back in time. Clearing TF buffer.
[rviz2-5] [WARN] [1776380540.318321110] [rviz2]: Detected jump back in time. Resetting RViz.
[rviz2-5] [WARN] [1776380540.320609220] [tf2_buffer]: Detected jump back in time. Clearing TF buffer.
[rviz2-5] [WARN] [1776380540.336693456] [rviz2]: Detected jump back in time. Resetting RViz.
[rviz2-5] [WARN] [1776380540.336846540] [tf2_buffer]: Detected jump back in time. Clearing TF buffer.
[rviz2-5] [WARN] [1776380540.345959012] [rviz2]: Detected jump back in time. Resetting RViz.
[rviz2-5] [WARN] [1776380540.346064888] [tf2_buffer]: Detected jump back in time. Clearing TF buffer.
[rviz2-5] [WARN] [1776380540.354726632] [rviz2]: Detected jump back in time. Resetting RViz.
[rviz2-5] [WARN] [1776380540.354852124] [tf2_buffer]: Detected jump back in time. Clearing TF buffer.
[rviz2-5] [WARN] [1776380540.365233365] [rviz2]: Detected jump back in time. Resetting RViz.
[rviz2-5] [WARN] [1776380540.365284607] [tf2_buffer]: Detected jump back in time. Clearing TF buffer.
[rviz2-5] [WARN] [1776380540.369321639] [rviz2]: Detected jump back in time. Resetting RViz.
[rviz2-5] [WARN] [1776380540.369375814] [tf2_buffer]: Detected jump back in time. Clearing TF buffer.
[rviz2-5] [WARN] [1776380540.373241245] [rviz2]: Detected jump back in time. Resetting RViz.
[rviz2-5] [WARN] [1776380540.373301745] [tf2_buffer]: Detected jump back in time. Clearing TF buffer.
[rviz2-5] failed to create drawable
[rviz2-5] failed to create drawable
[rviz2-5] [INFO] [1776380540.390041586] [rviz2]: Stereo is NOT SUPPORTED
[rviz2-5] [WARN] [1776380540.394756131] [rviz2]: Detected jump back in time. Resetting RViz.
[rviz2-5] [WARN] [1776380540.394958075] [tf2_buffer]: Detected jump back in time. Clearing TF buffer.
[rviz2-5] [WARN] [1776380540.400179449] [rviz2]: Detected jump back in time. Resetting RViz.
[rviz2-5] [WARN] [1776380540.400282759] [tf2_buffer]: Detected jump back in time. Clearing TF buffer.
[rviz2-5] failed to create drawable
[rviz2-5] failed to create drawable
[rviz2-5] failed to create drawable
[rviz2-5] failed to create drawable
[rviz2-5] [WARN] [1776380540.414923416] [rviz2]: Detected jump back in time. Resetting RViz.
[rviz2-5] [WARN] [1776380540.414969891] [tf2_buffer]: Detected jump back in time. Clearing TF buffer.
[rviz2-5] [WARN] [1776380540.424655010] [rviz2]: Detected jump back in time. Resetting RViz.
[rviz2-5] [WARN] [1776380540.424720643] [tf2_buffer]: Detected jump back in time. Clearing TF buffer.
[rviz2-5] [WARN] [1776380540.430523373] [rviz2]: Detected jump back in time. Resetting RViz.
[rviz2-5] [WARN] [1776380540.430575256] [tf2_buffer]: Detected jump back in time. Clearing TF buffer.
[rviz2-5] [WARN] [1776380540.431279445] [rviz2]: Detected jump back in time. Resetting RViz.
[rviz2-5] [WARN] [1776380540.431348471] [tf2_buffer]: Detected jump back in time. Clearing TF buffer.
[rviz2-5] [WARN] [1776380540.443376424] [rviz2]: Detected jump back in time. Resetting RViz.
[rviz2-5] [WARN] [1776380540.443477442] [tf2_buffer]: Detected jump back in time. Clearing TF buffer.
[rviz2-5] [WARN] [1776380540.443559576] [rviz2]: Detected jump back in time. Resetting RViz.
[rviz2-5] [WARN] [1776380540.443580018] [tf2_buffer]: Detected jump back in time. Clearing TF buffer.
[rviz2-5] [WARN] [1776380540.444091980] [rviz2]: Detected jump back in time. Resetting RViz.
[rviz2-5] [WARN] [1776380540.444134972] [tf2_buffer]: Detected jump back in time. Clearing TF buffer.
[rviz2-5] [WARN] [1776380540.444477258] [rviz2]: Detected jump back in time. Resetting RViz.
[rviz2-5] [WARN] [1776380540.444506683] [tf2_buffer]: Detected jump back in time. Clearing TF buffer.
[rviz2-5] [WARN] [1776380540.444724393] [rviz2]: Detected jump back in time. Resetting RViz.
[rviz2-5] [WARN] [1776380540.444742910] [tf2_buffer]: Detected jump back in time. Clearing TF buffer.
[rviz2-5] [WARN] [1776380540.446816610] [rviz2]: Detected jump back in time. Resetting RViz.
[rviz2-5] [WARN] [1776380540.447048162] [tf2_buffer]: Detected jump back in time. Clearing TF buffer.
[planner_local_apf-8] [INFO] [1776380540.416501012] [planner_local_apf]: 💓 ODOM HEARTBEAT: (0.342, -0.000)
[planner_local_apf-8] [INFO] [1776380540.454119293] [planner_local_apf]: 🛤️ Rail Updated: 11 points.
[rviz2-5] [WARN] [1776380540.460413817] [rviz2]: Detected jump back in time. Resetting RViz.
[rviz2-5] [WARN] [1776380540.460468909] [tf2_buffer]: Detected jump back in time. Clearing TF buffer.
[rviz2-5] [WARN] [1776380540.478822829] [rviz2]: Detected jump back in time. Resetting RViz.
[rviz2-5] [WARN] [1776380540.478879480] [tf2_buffer]: Detected jump back in time. Clearing TF buffer.
[rviz2-5] [WARN] [1776380540.478918989] [rviz2]: Detected jump back in time. Resetting RViz.
[rviz2-5] [WARN] [1776380540.478936222] [tf2_buffer]: Detected jump back in time. Clearing TF buffer.
[planner_global_dstar-7] [INFO] [1776380540.481145498] [planner_global_dstar]: D* status: g[start]=16.7 waypoints=11 reached_goal=True
[planner_local_apf-8] [INFO] [1776380540.952508208] [planner_local_apf]: 🛤️ Rail Updated: 11 points.
[planner_local_apf-8] [INFO] [1776380541.206330540] [planner_local_apf]: 🛤️ Rail Updated: 11 points.
[planner_local_apf-8] [INFO] [1776380541.493671053] [planner_local_apf]: 🛤️ Rail Updated: 5 points.
[planner_local_apf-8] [INFO] [1776380541.585145027] [planner_local_apf]: 🛣️ Path Received: 5 waypoints. Engaging motors.
[planner_local_apf-8] [INFO] [1776380541.689062023] [planner_local_apf]: 💓 ODOM HEARTBEAT: (0.481, 0.003)
[planner_local_apf-8] [INFO] [1776380541.753555717] [planner_local_apf]: 🛤️ Rail Updated: 9 points.
[planner_local_apf-8] [INFO] [1776380542.154591296] [planner_local_apf]: 🛤️ Rail Updated: 10 points.
[planner_local_apf-8] [INFO] [1776380542.448198925] [planner_local_apf]: 🛤️ Rail Updated: 4 points.
[planner_global_dstar-7] [INFO] [1776380542.508505069] [planner_global_dstar]: D* status: g[start]=11.9 waypoints=7 reached_goal=True
[planner_local_apf-8] [INFO] [1776380542.716434121] [planner_local_apf]: 🛤️ Rail Updated: 7 points.
[planner_local_apf-8] [INFO] [1776380542.903855620] [planner_local_apf]: 💓 ODOM HEARTBEAT: (0.229, -0.000)
[planner_local_apf-8] [INFO] [1776380542.969575639] [planner_local_apf]: 🛤️ Rail Updated: 7 points.
[planner_local_apf-8] [INFO] [1776380543.214938996] [planner_local_apf]: 🛤️ Rail Updated: 6 points.
[planner_local_apf-8] [INFO] [1776380543.432915711] [planner_local_apf]: 🛤️ Rail Updated: 6 points.
[planner_local_apf-8] [INFO] [1776380543.642294575] [planner_local_apf]: 🛤️ Rail Updated: 3 points.
[planner_local_apf-8] [INFO] [1776380543.690846484] [planner_local_apf]: 🛣️ Path Received: 3 waypoints. Engaging motors.
[planner_local_apf-8] [INFO] [1776380543.840434558] [planner_local_apf]: 🛤️ Rail Updated: 7 points.
[planner_local_apf-8] [INFO] [1776380544.012641286] [planner_local_apf]: 💓 ODOM HEARTBEAT: (0.643, 0.006)
[planner_local_apf-8] [INFO] [1776380544.076843844] [planner_local_apf]: 🛤️ Rail Updated: 3 points.
[planner_local_apf-8] [INFO] [1776380544.305091890] [planner_local_apf]: 🛤️ Rail Updated: 6 points.
[planner_local_apf-8] [INFO] [1776380544.499853105] [planner_local_apf]: 🛤️ Rail Updated: 5 points.
[planner_global_dstar-7] [INFO] [1776380544.659646327] [planner_global_dstar]: D* status: g[start]=6.3 waypoints=4 reached_goal=True
[planner_local_apf-8] [INFO] [1776380544.685655666] [planner_local_apf]: 🛤️ Rail Updated: 5 points.
[planner_local_apf-8] [INFO] [1776380544.892817004] [planner_local_apf]: 🛤️ Rail Updated: 5 points.
[planner_local_apf-8] [INFO] [1776380545.016026228] [planner_local_apf]: 💓 ODOM HEARTBEAT: (0.548, 0.004)
[planner_local_apf-8] [INFO] [1776380545.052087446] [planner_local_apf]: 🛤️ Rail Updated: 4 points.
[planner_local_apf-8] [INFO] [1776380545.225883687] [planner_local_apf]: 🛤️ Rail Updated: 4 points.
[planner_local_apf-8] [INFO] [1776380545.363926529] [planner_local_apf]: 🛤️ Rail Updated: 2 points.
[planner_local_apf-8] [INFO] [1776380545.552384877] [planner_local_apf]: 🛤️ Rail Updated: 3 points.
[planner_local_apf-8] [INFO] [1776380545.695788061] [planner_local_apf]: 🛤️ Rail Updated: 3 points.
[planner_local_apf-8] [INFO] [1776380545.733459234] [planner_local_apf]: 🛣️ Path Received: 3 waypoints. Engaging motors.
[planner_local_apf-8] [INFO] [1776380545.881987450] [planner_local_apf]: 🛤️ Rail Updated: 3 points.
[planner_local_apf-8] [INFO] [1776380546.040415194] [planner_local_apf]: 💓 ODOM HEARTBEAT: (0.654, 0.006)
[planner_local_apf-8] [INFO] [1776380546.095155385] [planner_local_apf]: 🛤️ Rail Updated: 3 points.
[planner_local_apf-8] [INFO] [1776380546.287626474] [planner_local_apf]: 🛤️ Rail Updated: 3 points.
[planner_local_apf-8] [INFO] [1776380546.550053715] [planner_local_apf]: 🛤️ Rail Updated: 2 points.
[planner_local_apf-8] [INFO] [1776380546.673394390] [planner_local_apf]: 🏁 ARRIVED AT LOCAL GOAL.
[planner_global_dstar-7] [INFO] [1776380546.673530791] [planner_global_dstar]: D* status: g[start]=3.1 waypoints=2 reached_goal=True
[planner_local_apf-8] [INFO] [1776380546.850673350] [planner_local_apf]: 🛤️ Rail Updated: 1 points.
[planner_local_apf-8] [INFO] [1776380547.062595709] [planner_local_apf]: 🛤️ Rail Updated: 2 points.
[planner_local_apf-8] [INFO] [1776380547.238630468] [planner_local_apf]: 💓 ODOM HEARTBEAT: (0.690, 0.007)
[planner_local_apf-8] [INFO] [1776380547.298029471] [planner_local_apf]: 🛤️ Rail Updated: 2 points.
[planner_local_apf-8] [INFO] [1776380547.472242615] [planner_local_apf]: 🛤️ Rail Updated: 2 points.
[planner_local_apf-8] [INFO] [1776380547.539303178] [planner_local_apf]: 🏁 ARRIVED AT LOCAL GOAL.
[planner_local_apf-8] [INFO] [1776380547.662993748] [planner_local_apf]: 🛤️ Rail Updated: 2 points.
[planner_local_apf-8] [INFO] [1776380547.833622605] [planner_local_apf]: 🛤️ Rail Updated: 2 points.
[planner_local_apf-8] [INFO] [1776380547.890182944] [planner_local_apf]: 🛣️ Path Received: 2 waypoints. Engaging motors.
[planner_local_apf-8] [INFO] [1776380548.048749931] [planner_local_apf]: 🛤️ Rail Updated: 2 points.
[planner_local_apf-8] [INFO] [1776380548.185540413] [planner_local_apf]: 🏁 ARRIVED AT LOCAL GOAL.
[planner_local_apf-8] [INFO] [1776380548.255791827] [planner_local_apf]: 💓 ODOM HEARTBEAT: (0.745, 0.007)
[planner_local_apf-8] [INFO] [1776380548.320906566] [planner_local_apf]: 🛤️ Rail Updated: 2 points.
[cleaner_mission_manager-9] [INFO] [1776380548.342915540] [cleaner_mission_manager]: 🏆 [PICKUP] Target Acquired. Solving IK...
[planner_local_apf-8] [INFO] [1776380548.558298252] [planner_local_apf]: 🛤️ Rail Updated: 2 points.
[planner_local_apf-8] [INFO] [1776380548.651591639] [planner_local_apf]: 🏁 ARRIVED AT LOCAL GOAL.
[planner_local_apf-8] [INFO] [1776380548.738803996] [planner_local_apf]: 🛤️ Rail Updated: 1 points.
[planner_local_apf-8] [INFO] [1776380548.805795534] [planner_local_apf]: 🏁 ARRIVED AT LOCAL GOAL.
[planner_global_dstar-7] [INFO] [1776380548.875001756] [planner_global_dstar]: D* status: g[start]=1.0 waypoints=1 reached_goal=True
[planner_local_apf-8] [INFO] [1776380548.939510299] [planner_local_apf]: 🛤️ Rail Updated: 1 points.
[planner_local_apf-8] [INFO] [1776380549.036614667] [planner_local_apf]: 🏁 ARRIVED AT LOCAL GOAL.
[planner_local_apf-8] [INFO] [1776380549.155961027] [planner_local_apf]: 🛤️ Rail Updated: 1 points.
[planner_local_apf-8] [INFO] [1776380549.269407949] [planner_local_apf]: 🏁 ARRIVED AT LOCAL GOAL.
[planner_local_apf-8] [INFO] [1776380549.320666613] [planner_local_apf]: 💓 ODOM HEARTBEAT: (0.780, 0.007)
[planner_local_apf-8] [INFO] [1776380549.384468125] [planner_local_apf]: 🛤️ Rail Updated: 1 points.
[planner_local_apf-8] [INFO] [1776380549.491003418] [planner_local_apf]: 🏁 ARRIVED AT LOCAL GOAL.
[planner_local_apf-8] [INFO] [1776380549.637004639] [planner_local_apf]: 🛤️ Rail Updated: 1 points.
[planner_local_apf-8] [INFO] [1776380549.729744355] [planner_local_apf]: 🏁 ARRIVED AT LOCAL GOAL.
[planner_local_apf-8] [INFO] [1776380549.853752278] [planner_local_apf]: 🛤️ Rail Updated: 1 points.
[planner_local_apf-8] [INFO] [1776380549.892629610] [planner_local_apf]: 🛣️ Path Received: 1 waypoints. Engaging motors.
[planner_local_apf-8] [INFO] [1776380549.943570829] [planner_local_apf]: 🏁 ARRIVED AT LOCAL GOAL.
[planner_local_apf-8] [INFO] [1776380550.059215935] [planner_local_apf]: 🛤️ Rail Updated: 1 points.
[planner_local_apf-8] [INFO] [1776380550.185839220] [planner_local_apf]: 🏁 ARRIVED AT LOCAL GOAL.
[ERROR] [rviz2-5]: process has died [pid 2673, exit code -11, cmd '/opt/ros/jazzy/lib/rviz2/rviz2 -d /mnt/c/SOLIDWORKS Data/browser/Projects/Robotics Assignment/Robot/install/robot/share/robot/config/robot.rviz --ros-args --params-file /tmp/launch_params_270bkeob'].
[planner_local_apf-8] [INFO] [1776380550.308308597] [planner_local_apf]: 🛤️ Rail Updated: 1 points.
[planner_local_apf-8] [INFO] [1776380550.433929590] [planner_local_apf]: 🏁 ARRIVED AT LOCAL GOAL.
[planner_local_apf-8] [INFO] [1776380550.551181075] [planner_local_apf]: 💓 ODOM HEARTBEAT: (0.791, 0.007)
[planner_local_apf-8] [INFO] [1776380550.586162085] [planner_local_apf]: 🛤️ Rail Updated: 1 points.
[planner_local_apf-8] [INFO] [1776380550.695043696] [planner_local_apf]: 🏁 ARRIVED AT LOCAL GOAL.
[planner_local_apf-8] [INFO] [1776380550.824457427] [planner_local_apf]: 🛤️ Rail Updated: 1 points.
[planner_local_apf-8] [INFO] [1776380550.953056236] [planner_local_apf]: 🏁 ARRIVED AT LOCAL GOAL.
[planner_global_dstar-7] [INFO] [1776380551.180682777] [planner_global_dstar]: D* status: g[start]=1.0 waypoints=1 reached_goal=True
[planner_local_apf-8] [INFO] [1776380551.234727305] [planner_local_apf]: 🛤️ Rail Updated: 1 points.
[planner_local_apf-8] [INFO] [1776380551.370858423] [planner_local_apf]: 🏁 ARRIVED AT LOCAL GOAL.
[planner_local_apf-8] [INFO] [1776380551.424460380] [planner_local_apf]: 🛤️ Rail Updated: 1 points.
[planner_local_apf-8] [INFO] [1776380551.470937306] [planner_local_apf]: 🏁 ARRIVED AT LOCAL GOAL.
[planner_local_apf-8] [INFO] [1776380551.576482315] [planner_local_apf]: 🛤️ Rail Updated: 1 points.
[planner_local_apf-8] [INFO] [1776380551.646815221] [planner_local_apf]: 🏁 ARRIVED AT LOCAL GOAL.
[planner_local_apf-8] [INFO] [1776380551.705916488] [planner_local_apf]: 💓 ODOM HEARTBEAT: (0.791, 0.007)
[planner_local_apf-8] [INFO] [1776380551.729535050] [planner_local_apf]: 🛤️ Rail Updated: 1 points.
[planner_local_apf-8] [INFO] [1776380551.793341971] [planner_local_apf]: 🏁 ARRIVED AT LOCAL GOAL.
[planner_local_apf-8] [INFO] [1776380551.880108732] [planner_local_apf]: 🛤️ Rail Updated: 1 points.
[planner_local_apf-8] [INFO] [1776380551.911597031] [planner_local_apf]: 🛣️ Path Received: 1 waypoints. Engaging motors.
[planner_local_apf-8] [INFO] [1776380551.944297082] [planner_local_apf]: 🏁 ARRIVED AT LOCAL GOAL.
[planner_local_apf-8] [INFO] [1776380552.021471858] [planner_local_apf]: 🛤️ Rail Updated: 1 points.
[planner_local_apf-8] [INFO] [1776380552.085432964] [planner_local_apf]: 🏁 ARRIVED AT LOCAL GOAL.
[planner_local_apf-8] [INFO] [1776380552.170670805] [planner_local_apf]: 🛤️ Rail Updated: 1 points.
[planner_local_apf-8] [INFO] [1776380552.232299250] [planner_local_apf]: 🏁 ARRIVED AT LOCAL GOAL.
[planner_local_apf-8] [INFO] [1776380552.316857927] [planner_local_apf]: 🛤️ Rail Updated: 1 points.
[cleaner_mission_manager-9] [INFO] [1776380552.374973403] [cleaner_mission_manager]: 🧲 GRIP ENGAGED.
[planner_local_apf-8] [INFO] [1776380552.376893468] [planner_local_apf]: 🏁 ARRIVED AT LOCAL GOAL.
[planner_local_apf-8] [INFO] [1776380552.488018364] [planner_local_apf]: 🛤️ Rail Updated: 1 points.
[planner_local_apf-8] [INFO] [1776380552.574754325] [planner_local_apf]: 🏁 ARRIVED AT LOCAL GOAL.
[planner_local_apf-8] [INFO] [1776380552.652571873] [planner_local_apf]: 🛤️ Rail Updated: 1 points.
[planner_local_apf-8] [INFO] [1776380552.713428938] [planner_local_apf]: 🏁 ARRIVED AT LOCAL GOAL.
[planner_local_apf-8] [INFO] [1776380552.752526730] [planner_local_apf]: 💓 ODOM HEARTBEAT: (0.791, 0.007)
[planner_local_apf-8] [INFO] [1776380552.778602345] [planner_local_apf]: 🛤️ Rail Updated: 1 points.
[planner_local_apf-8] [INFO] [1776380552.865129212] [planner_local_apf]: 🏁 ARRIVED AT LOCAL GOAL.
[planner_local_apf-8] [INFO] [1776380552.935584769] [planner_local_apf]: 🛤️ Rail Updated: 1 points.
[planner_local_apf-8] [INFO] [1776380553.016109347] [planner_local_apf]: 🏁 ARRIVED AT LOCAL GOAL.
[planner_local_apf-8] [INFO] [1776380553.129180708] [planner_local_apf]: 🛤️ Rail Updated: 1 points.
[planner_local_apf-8] [INFO] [1776380553.236067087] [planner_local_apf]: 🏁 ARRIVED AT LOCAL GOAL.
[planner_global_dstar-7] [INFO] [1776380553.263061483] [planner_global_dstar]: D* status: g[start]=1.0 waypoints=1 reached_goal=True
[planner_local_apf-8] [INFO] [1776380553.323581212] [planner_local_apf]: 🛤️ Rail Updated: 1 points.
[planner_local_apf-8] [INFO] [1776380553.443737087] [planner_local_apf]: 🏁 ARRIVED AT LOCAL GOAL.
[planner_local_apf-8] [INFO] [1776380553.550873534] [planner_local_apf]: 🛤️ Rail Updated: 1 points.
[planner_local_apf-8] [INFO] [1776380553.628379963] [planner_local_apf]: 🏁 ARRIVED AT LOCAL GOAL.
[planner_local_apf-8] [INFO] [1776380553.758099864] [planner_local_apf]: 🛤️ Rail Updated: 1 points.
[planner_local_apf-8] [INFO] [1776380553.842134845] [planner_local_apf]: 🏁 ARRIVED AT LOCAL GOAL.
[planner_local_apf-8] [INFO] [1776380553.902577298] [planner_local_apf]: 💓 ODOM HEARTBEAT: (0.791, 0.007)
[planner_local_apf-8] [INFO] [1776380553.946701580] [planner_local_apf]: 🛤️ Rail Updated: 1 points.
[planner_local_apf-8] [INFO] [1776380553.980132311] [planner_local_apf]: 🛣️ Path Received: 1 waypoints. Engaging motors.
[planner_local_apf-8] [INFO] [1776380554.008056215] [planner_local_apf]: 🏁 ARRIVED AT LOCAL GOAL.
[planner_local_apf-8] [INFO] [1776380554.087573277] [planner_local_apf]: 🛤️ Rail Updated: 1 points.
[planner_local_apf-8] [INFO] [1776380554.128930396] [planner_local_apf]: 🏁 ARRIVED AT LOCAL GOAL.
[planner_local_apf-8] [INFO] [1776380554.199714031] [planner_local_apf]: 🛤️ Rail Updated: 1 points.
[planner_local_apf-8] [INFO] [1776380554.274508480] [planner_local_apf]: 🏁 ARRIVED AT LOCAL GOAL.
[planner_local_apf-8] [INFO] [1776380554.349900143] [planner_local_apf]: 🛤️ Rail Updated: 1 points.
[planner_local_apf-8] [INFO] [1776380554.408565349] [planner_local_apf]: 🏁 ARRIVED AT LOCAL GOAL.
[planner_local_apf-8] [INFO] [1776380554.473045383] [planner_local_apf]: 🛤️ Rail Updated: 1 points.
[planner_local_apf-8] [INFO] [1776380554.527118969] [planner_local_apf]: 🏁 ARRIVED AT LOCAL GOAL.
[planner_local_apf-8] [INFO] [1776380554.603693508] [planner_local_apf]: 🛤️ Rail Updated: 1 points.
[planner_local_apf-8] [INFO] [1776380554.668676155] [planner_local_apf]: 🏁 ARRIVED AT LOCAL GOAL.
[planner_local_apf-8] [INFO] [1776380554.755854503] [planner_local_apf]: 🛤️ Rail Updated: 1 points.
[planner_local_apf-8] [INFO] [1776380554.805962466] [planner_local_apf]: 🏁 ARRIVED AT LOCAL GOAL.
[planner_local_apf-8] [INFO] [1776380554.869080506] [planner_local_apf]: 🛤️ Rail Updated: 1 points.
[planner_local_apf-8] [INFO] [1776380554.924988357] [planner_local_apf]: 🏁 ARRIVED AT LOCAL GOAL.
[planner_local_apf-8] [INFO] [1776380554.972586925] [planner_local_apf]: 💓 ODOM HEARTBEAT: (0.791, 0.007)
[planner_local_apf-8] [INFO] [1776380555.020022050] [planner_local_apf]: 🛤️ Rail Updated: 1 points.
[planner_local_apf-8] [INFO] [1776380555.129536807] [planner_local_apf]: 🏁 ARRIVED AT LOCAL GOAL.
[planner_local_apf-8] [INFO] [1776380555.234355903] [planner_local_apf]: 🛤️ Rail Updated: 1 points.
[planner_local_apf-8] [INFO] [1776380555.292272644] [planner_local_apf]: 🏁 ARRIVED AT LOCAL GOAL.
[planner_local_apf-8] [INFO] [1776380555.357575944] [planner_local_apf]: 🛤️ Rail Updated: 1 points.
[planner_local_apf-8] [INFO] [1776380555.415598286] [planner_local_apf]: 🏁 ARRIVED AT LOCAL GOAL.
[planner_global_dstar-7] [INFO] [1776380555.455144973] [planner_global_dstar]: D* status: g[start]=1.0 waypoints=1 reached_goal=True
[planner_local_apf-8] [INFO] [1776380555.500609250] [planner_local_apf]: 🛤️ Rail Updated: 1 points.
[planner_local_apf-8] [INFO] [1776380555.562139703] [planner_local_apf]: 🏁 ARRIVED AT LOCAL GOAL.
[planner_local_apf-8] [INFO] [1776380555.634562259] [planner_local_apf]: 🛤️ Rail Updated: 1 points.
[planner_local_apf-8] [INFO] [1776380555.691061639] [planner_local_apf]: 🏁 ARRIVED AT LOCAL GOAL.
[planner_local_apf-8] [INFO] [1776380555.774427539] [planner_local_apf]: 🛤️ Rail Updated: 1 points.
[planner_local_apf-8] [INFO] [1776380555.842343176] [planner_local_apf]: 🏁 ARRIVED AT LOCAL GOAL.
[planner_local_apf-8] [INFO] [1776380555.933008460] [planner_local_apf]: 🛤️ Rail Updated: 1 points.
[planner_local_apf-8] [INFO] [1776380556.010772291] [planner_local_apf]: 🏁 ARRIVED AT LOCAL GOAL.
[planner_local_apf-8] [INFO] [1776380556.052006943] [planner_local_apf]: 💓 ODOM HEARTBEAT: (0.791, 0.007)
[planner_local_apf-8] [INFO] [1776380556.117094824] [planner_local_apf]: 🛤️ Rail Updated: 1 points.
[planner_local_apf-8] [INFO] [1776380556.172667538] [planner_local_apf]: 🛣️ Path Received: 1 waypoints. Engaging motors.
[planner_local_apf-8] [INFO] [1776380556.208995967] [planner_local_apf]: 🏁 ARRIVED AT LOCAL GOAL.
[planner_local_apf-8] [INFO] [1776380556.278611942] [planner_local_apf]: 🛤️ Rail Updated: 1 points.
[planner_local_apf-8] [INFO] [1776380556.334259182] [planner_local_apf]: 🏁 ARRIVED AT LOCAL GOAL.
[planner_local_apf-8] [INFO] [1776380556.396913936] [planner_local_apf]: 🛤️ Rail Updated: 1 points.
[planner_local_apf-8] [INFO] [1776380556.478839834] [planner_local_apf]: 🏁 ARRIVED AT LOCAL GOAL.
[planner_local_apf-8] [INFO] [1776380556.577576890] [planner_local_apf]: 🛤️ Rail Updated: 1 points.
[planner_local_apf-8] [INFO] [1776380556.652499674] [planner_local_apf]: 🏁 ARRIVED AT LOCAL GOAL.
[planner_local_apf-8] [INFO] [1776380556.741475802] [planner_local_apf]: 🛤️ Rail Updated: 1 points.
[planner_local_apf-8] [INFO] [1776380556.818477053] [planner_local_apf]: 🏁 ARRIVED AT LOCAL GOAL.
[planner_local_apf-8] [INFO] [1776380556.900932055] [planner_local_apf]: 🛤️ Rail Updated: 1 points.
[planner_local_apf-8] [INFO] [1776380556.952233252] [planner_local_apf]: 🏁 ARRIVED AT LOCAL GOAL.
[planner_local_apf-8] [INFO] [1776380557.022751693] [planner_local_apf]: 🛤️ Rail Updated: 1 points.
[planner_local_apf-8] [INFO] [1776380557.069566230] [planner_local_apf]: 🏁 ARRIVED AT LOCAL GOAL.
[planner_local_apf-8] [INFO] [1776380557.123182120] [planner_local_apf]: 💓 ODOM HEARTBEAT: (0.791, 0.007)
[planner_local_apf-8] [INFO] [1776380557.152543736] [planner_local_apf]: 🛤️ Rail Updated: 1 points.
[planner_local_apf-8] [INFO] [1776380557.211767195] [planner_local_apf]: 🏁 ARRIVED AT LOCAL GOAL.
[planner_local_apf-8] [INFO] [1776380557.293340907] [planner_local_apf]: 🛤️ Rail Updated: 1 points.
[planner_local_apf-8] [INFO] [1776380557.340730473] [planner_local_apf]: 🏁 ARRIVED AT LOCAL GOAL.
[planner_global_dstar-7] [INFO] [1776380557.414713758] [planner_global_dstar]: 🎯 New Target Locked: (200, 200). Engaging immediately.
[planner_local_apf-8] [INFO] [1776380557.425021665] [planner_local_apf]: 🛤️ Rail Updated: 1 points.
[planner_local_apf-8] [INFO] [1776380557.477281520] [planner_local_apf]: 🏁 ARRIVED AT LOCAL GOAL.
[planner_local_apf-8] [INFO] [1776380557.534902725] [planner_local_apf]: 🛤️ Rail Updated: 1 points.
[planner_local_apf-8] [INFO] [1776380557.605770694] [planner_local_apf]: 🏁 ARRIVED AT LOCAL GOAL.
[planner_local_apf-8] [INFO] [1776380557.713179027] [planner_local_apf]: 🛤️ Rail Updated: 1 points.
[planner_local_apf-8] [INFO] [1776380557.793809572] [planner_local_apf]: 🏁 ARRIVED AT LOCAL GOAL.
[planner_local_apf-8] [INFO] [1776380557.891109925] [planner_local_apf]: 🛤️ Rail Updated: 1 points.
[planner_local_apf-8] [INFO] [1776380557.956125114] [planner_local_apf]: 🏁 ARRIVED AT LOCAL GOAL.
[planner_local_apf-8] [INFO] [1776380558.040962002] [planner_local_apf]: 🛤️ Rail Updated: 1 points.
[planner_global_dstar-7] [INFO] [1776380558.089825030] [planner_global_dstar]: D* status: g[start]=15.7 waypoints=11 reached_goal=True
[planner_local_apf-8] [INFO] [1776380558.101960050] [planner_local_apf]: 🏁 ARRIVED AT LOCAL GOAL.
[planner_local_apf-8] [INFO] [1776380558.152379866] [planner_local_apf]: 💓 ODOM HEARTBEAT: (0.791, 0.007)
[planner_local_apf-8] [INFO] [1776380558.186656228] [planner_local_apf]: 🛤️ Rail Updated: 1 points.
[planner_local_apf-8] [INFO] [1776380558.217805358] [planner_local_apf]: 🛣️ Path Received: 1 waypoints. Engaging motors.
[planner_local_apf-8] [INFO] [1776380558.249058347] [planner_local_apf]: 🏁 ARRIVED AT LOCAL GOAL.
[planner_local_apf-8] [INFO] [1776380558.354558256] [planner_local_apf]: 🛤️ Rail Updated: 11 points.
[planner_local_apf-8] [INFO] [1776380558.503953829] [planner_local_apf]: 🛤️ Rail Updated: 11 points.
[planner_local_apf-8] [INFO] [1776380558.646562073] [planner_local_apf]: 🛤️ Rail Updated: 11 points.
[planner_local_apf-8] [INFO] [1776380558.777454125] [planner_local_apf]: 🛤️ Rail Updated: 11 points.
[planner_local_apf-8] [INFO] [1776380558.898875835] [planner_local_apf]: 🛤️ Rail Updated: 11 points.
[planner_local_apf-8] [INFO] [1776380559.039808491] [planner_local_apf]: 🛤️ Rail Updated: 11 points.
[planner_local_apf-8] [INFO] [1776380559.276955699] [planner_local_apf]: 🛤️ Rail Updated: 11 points.
[planner_local_apf-8] [INFO] [1776380559.414239351] [planner_local_apf]: 💓 ODOM HEARTBEAT: (0.724, 0.061)
[planner_local_apf-8] [INFO] [1776380559.456304142] [planner_local_apf]: 🛤️ Rail Updated: 11 points.
[planner_local_apf-8] [INFO] [1776380559.625709515] [planner_local_apf]: 🛤️ Rail Updated: 11 points.
[planner_local_apf-8] [INFO] [1776380559.813818152] [planner_local_apf]: 🛤️ Rail Updated: 10 points.
[planner_local_apf-8] [INFO] [1776380559.961126367] [planner_local_apf]: 🛤️ Rail Updated: 10 points.
[planner_global_dstar-7] [INFO] [1776380560.092073969] [planner_global_dstar]: D* status: g[start]=14.0 waypoints=10 reached_goal=True
[planner_local_apf-8] [INFO] [1776380560.108077812] [planner_local_apf]: 🛤️ Rail Updated: 10 points.
[planner_local_apf-8] [INFO] [1776380560.281404166] [planner_local_apf]: 🛤️ Rail Updated: 10 points.
[planner_local_apf-8] [INFO] [1776380560.318608293] [planner_local_apf]: 🛣️ Path Received: 10 waypoints. Engaging motors.
[planner_local_apf-8] [INFO] [1776380560.431235800] [planner_local_apf]: 🛤️ Rail Updated: 10 points.
[planner_local_apf-8] [INFO] [1776380560.576752559] [planner_local_apf]: 💓 ODOM HEARTBEAT: (0.606, 0.108)
[planner_local_apf-8] [INFO] [1776380560.618315471] [planner_local_apf]: 🛤️ Rail Updated: 9 points.
[planner_local_apf-8] [INFO] [1776380560.778366645] [planner_local_apf]: 🛤️ Rail Updated: 9 points.
[planner_local_apf-8] [INFO] [1776380560.922100106] [planner_local_apf]: 🛤️ Rail Updated: 9 points.
[planner_local_apf-8] [INFO] [1776380561.070659214] [planner_local_apf]: 🛤️ Rail Updated: 8 points.
[planner_local_apf-8] [INFO] [1776380561.212585820] [planner_local_apf]: 🛤️ Rail Updated: 8 points.
[planner_local_apf-8] [INFO] [1776380561.349769188] [planner_local_apf]: 🛤️ Rail Updated: 8 points.
[planner_local_apf-8] [INFO] [1776380561.499896450] [planner_local_apf]: 🛤️ Rail Updated: 8 points.
[planner_local_apf-8] [INFO] [1776380561.613583265] [planner_local_apf]: 💓 ODOM HEARTBEAT: (0.518, 0.164)
[planner_local_apf-8] [INFO] [1776380561.675114360] [planner_local_apf]: 🛤️ Rail Updated: 8 points.
[planner_local_apf-8] [INFO] [1776380561.801385000] [planner_local_apf]: 🛤️ Rail Updated: 8 points.
[planner_local_apf-8] [INFO] [1776380561.925548207] [planner_local_apf]: 🛤️ Rail Updated: 8 points.
[planner_local_apf-8] [INFO] [1776380562.068423570] [planner_local_apf]: 🛤️ Rail Updated: 8 points.
[planner_local_apf-8] [INFO] [1776380562.220569806] [planner_local_apf]: 🛤️ Rail Updated: 8 points.
[planner_global_dstar-7] [INFO] [1776380562.242769998] [planner_global_dstar]: D* status: g[start]=11.7 waypoints=8 reached_goal=True
[planner_local_apf-8] [INFO] [1776380562.321016184] [planner_local_apf]: 🛤️ Rail Updated: 8 points.
[planner_local_apf-8] [INFO] [1776380562.361396678] [planner_local_apf]: 🛣️ Path Received: 8 waypoints. Engaging motors.
[planner_local_apf-8] [INFO] [1776380562.475672915] [planner_local_apf]: 🛤️ Rail Updated: 8 points.
[planner_local_apf-8] [INFO] [1776380562.626488965] [planner_local_apf]: 🛤️ Rail Updated: 8 points.
[planner_local_apf-8] [INFO] [1776380562.748507247] [planner_local_apf]: 💓 ODOM HEARTBEAT: (0.499, 0.193)
[planner_local_apf-8] [INFO] [1776380562.791027991] [planner_local_apf]: 🛤️ Rail Updated: 8 points.
[planner_local_apf-8] [INFO] [1776380562.949135358] [planner_local_apf]: 🛤️ Rail Updated: 8 points.
[planner_local_apf-8] [INFO] [1776380563.067508211] [planner_local_apf]: 🛤️ Rail Updated: 8 points.
[planner_local_apf-8] [INFO] [1776380563.234620249] [planner_local_apf]: 🛤️ Rail Updated: 8 points.
[planner_local_apf-8] [INFO] [1776380563.418468644] [planner_local_apf]: 🛤️ Rail Updated: 8 points.
[planner_local_apf-8] [INFO] [1776380563.568424030] [planner_local_apf]: 🛤️ Rail Updated: 8 points.
[planner_local_apf-8] [INFO] [1776380563.730814280] [planner_local_apf]: 🛤️ Rail Updated: 8 points.
[planner_local_apf-8] [INFO] [1776380563.862352587] [planner_local_apf]: 💓 ODOM HEARTBEAT: (0.497, 0.175)
[planner_local_apf-8] [INFO] [1776380563.908172532] [planner_local_apf]: 🛤️ Rail Updated: 8 points.
[planner_local_apf-8] [INFO] [1776380564.030436574] [planner_local_apf]: 🛤️ Rail Updated: 8 points.
[planner_local_apf-8] [INFO] [1776380564.151800442] [planner_local_apf]: 🛤️ Rail Updated: 8 points.
[planner_global_dstar-7] [INFO] [1776380564.254052759] [planner_global_dstar]: D* status: g[start]=10.7 waypoints=8 reached_goal=True
[planner_local_apf-8] [INFO] [1776380564.293149910] [planner_local_apf]: 🛤️ Rail Updated: 8 points.
[planner_local_apf-8] [INFO] [1776380564.458066422] [planner_local_apf]: 🛤️ Rail Updated: 8 points.
[planner_local_apf-8] [INFO] [1776380564.525929350] [planner_local_apf]: 🛣️ Path Received: 8 waypoints. Engaging motors.
[planner_local_apf-8] [INFO] [1776380564.638905835] [planner_local_apf]: 🛤️ Rail Updated: 8 points.
[planner_local_apf-8] [INFO] [1776380564.791112205] [planner_local_apf]: 🛤️ Rail Updated: 8 points.
[planner_local_apf-8] [INFO] [1776380564.882653462] [planner_local_apf]: 💓 ODOM HEARTBEAT: (0.496, 0.150)
[planner_local_apf-8] [INFO] [1776380564.905116648] [planner_local_apf]: 🛤️ Rail Updated: 8 points.
[planner_local_apf-8] [INFO] [1776380565.034692723] [planner_local_apf]: 🛤️ Rail Updated: 8 points.
[planner_local_apf-8] [INFO] [1776380565.144983261] [planner_local_apf]: 🛤️ Rail Updated: 8 points.
[planner_local_apf-8] [INFO] [1776380565.286923892] [planner_local_apf]: 🛤️ Rail Updated: 8 points.
[planner_local_apf-8] [INFO] [1776380565.402365588] [planner_local_apf]: 🛤️ Rail Updated: 7 points.
[planner_local_apf-8] [INFO] [1776380565.464116226] [planner_local_apf]: 🛤️ Rail Updated: 7 points.
[INFO] [gazebo-1]: process has finished cleanly [pid 2668]
[planner_local_apf-8] [INFO] [1776380568.425743079] [planner_local_apf]: 💓 ODOM HEARTBEAT: (0.497, 0.129)
[planner_local_apf-8] [INFO] [1776380568.441477970] [planner_local_apf]: 🛤️ Rail Updated: 7 points.
[planner_global_dstar-7] [INFO] [1776380568.452351831] [planner_global_dstar]: D* status: g[start]=10.2 waypoints=7 reached_goal=True
[planner_local_apf-8] [INFO] [1776380568.457660748] [planner_local_apf]: 🛣️ Path Received: 7 waypoints. Engaging motors.
[planner_local_apf-8] [INFO] [1776380568.495461722] [planner_local_apf]: 🛤️ Rail Updated: 7 points.
[planner_local_apf-8] [INFO] [1776380568.555011059] [planner_local_apf]: 🛤️ Rail Updated: 7 points.
[planner_local_apf-8] [INFO] [1776380568.619069057] [planner_local_apf]: 🛤️ Rail Updated: 7 points.
[planner_local_apf-8] [INFO] [1776380568.723566400] [planner_local_apf]: 🛤️ Rail Updated: 7 points.
[planner_local_apf-8] [INFO] [1776380568.865156678] [planner_local_apf]: 🛤️ Rail Updated: 7 points.
[planner_local_apf-8] [INFO] [1776380568.939881277] [planner_local_apf]: 🛤️ Rail Updated: 7 points.
[planner_local_apf-8] [INFO] [1776380569.011496335] [planner_local_apf]: 🛤️ Rail Updated: 7 points.
[planner_local_apf-8] [INFO] [1776380569.061680382] [planner_local_apf]: 🛤️ Rail Updated: 7 points.
[planner_local_apf-8] [INFO] [1776380569.108356409] [planner_local_apf]: 🛤️ Rail Updated: 7 points.
[planner_local_apf-8] [INFO] [1776380569.167261875] [planner_local_apf]: 🛤️ Rail Updated: 7 points.
[planner_local_apf-8] [INFO] [1776380569.235419055] [planner_local_apf]: 🛤️ Rail Updated: 7 points.
[planner_local_apf-8] [INFO] [1776380569.284597786] [planner_local_apf]: 🛤️ Rail Updated: 7 points.
[planner_local_apf-8] [INFO] [1776380569.330724726] [planner_local_apf]: 🛤️ Rail Updated: 7 points.
[planner_local_apf-8] [INFO] [1776380569.375482246] [planner_local_apf]: 🛤️ Rail Updated: 7 points.
[planner_local_apf-8] [INFO] [1776380569.438859614] [planner_local_apf]: 🛤️ Rail Updated: 7 points.
[planner_local_apf-8] [INFO] [1776380569.494787906] [planner_local_apf]: 🛤️ Rail Updated: 7 points.
[planner_local_apf-8] [INFO] [1776380569.541301041] [planner_local_apf]: 🛤️ Rail Updated: 7 points.
[planner_local_apf-8] [INFO] [1776380569.581458050] [planner_local_apf]: 🛤️ Rail Updated: 7 points.
[planner_local_apf-8] [INFO] [1776380569.622207780] [planner_local_apf]: 🛤️ Rail Updated: 7 points.
[planner_local_apf-8] [INFO] [1776380569.665486247] [planner_local_apf]: 🛤️ Rail Updated: 7 points.
[planner_local_apf-8] [INFO] [1776380569.697334249] [planner_local_apf]: 🛤️ Rail Updated: 7 points.
[planner_local_apf-8] [INFO] [1776380569.741046395] [planner_local_apf]: 🛤️ Rail Updated: 7 points.
[planner_local_apf-8] [INFO] [1776380569.775084697] [planner_local_apf]: 🛤️ Rail Updated: 7 points.
[planner_local_apf-8] [INFO] [1776380569.813732403] [planner_local_apf]: 🛤️ Rail Updated: 7 points.
[planner_local_apf-8] [INFO] [1776380569.841936534] [planner_local_apf]: 🛤️ Rail Updated: 7 points.
[planner_local_apf-8] [INFO] [1776380569.883251578] [planner_local_apf]: 🛤️ Rail Updated: 7 points.
[planner_local_apf-8] [INFO] [1776380569.926919814] [planner_local_apf]: 🛤️ Rail Updated: 7 points.
[planner_local_apf-8] [INFO] [1776380569.968360442] [planner_local_apf]: 🛤️ Rail Updated: 7 points.
[planner_local_apf-8] [INFO] [1776380569.995942335] [planner_local_apf]: 🛤️ Rail Updated: 7 points.
[planner_local_apf-8] [INFO] [1776380570.039764940] [planner_local_apf]: 🛤️ Rail Updated: 7 points.
[planner_local_apf-8] [INFO] [1776380570.080429970] [planner_local_apf]: 🛤️ Rail Updated: 7 points.
[planner_local_apf-8] [INFO] [1776380570.131079687] [planner_local_apf]: 🛤️ Rail Updated: 7 points.
[planner_local_apf-8] [INFO] [1776380570.169021920] [planner_local_apf]: 🛤️ Rail Updated: 7 points.
[planner_local_apf-8] [INFO] [1776380570.215358687] [planner_local_apf]: 🛤️ Rail Updated: 7 points.
[planner_local_apf-8] [INFO] [1776380570.246368849] [planner_local_apf]: 🛤️ Rail Updated: 7 points.
[planner_local_apf-8] [INFO] [1776380570.287714417] [planner_local_apf]: 🛤️ Rail Updated: 7 points.
[planner_local_apf-8] [INFO] [1776380570.327436923] [planner_local_apf]: 🛤️ Rail Updated: 7 points.
[planner_local_apf-8] [INFO] [1776380570.370197744] [planner_local_apf]: 🛤️ Rail Updated: 7 points.
[planner_local_apf-8] [INFO] [1776380570.410258961] [planner_local_apf]: 🛤️ Rail Updated: 7 points.
[planner_local_apf-8] [INFO] [1776380570.443378298] [planner_local_apf]: 🛤️ Rail Updated: 7 points.
[planner_local_apf-8] [INFO] [1776380570.482037187] [planner_local_apf]: 🛤️ Rail Updated: 7 points.
[planner_local_apf-8] [INFO] [1776380570.495807187] [planner_local_apf]: 🛣️ Path Received: 7 waypoints. Engaging motors.
[planner_local_apf-8] [INFO] [1776380570.521494774] [planner_local_apf]: 🛤️ Rail Updated: 7 points.
[planner_local_apf-8] [INFO] [1776380570.562359822] [planner_local_apf]: 🛤️ Rail Updated: 7 points.
[planner_local_apf-8] [INFO] [1776380570.605565964] [planner_local_apf]: 🛤️ Rail Updated: 7 points.
[planner_global_dstar-7] [INFO] [1776380570.626886790] [planner_global_dstar]: D* status: g[start]=10.2 waypoints=7 reached_goal=True
[planner_local_apf-8] [INFO] [1776380570.636241173] [planner_local_apf]: 🛤️ Rail Updated: 7 points.
[planner_local_apf-8] [INFO] [1776380570.687873106] [planner_local_apf]: 🛤️ Rail Updated: 7 points.
[planner_local_apf-8] [INFO] [1776380570.734087405] [planner_local_apf]: 🛤️ Rail Updated: 7 points.
[planner_local_apf-8] [INFO] [1776380570.786524819] [planner_local_apf]: 🛤️ Rail Updated: 7 points.
[planner_local_apf-8] [INFO] [1776380570.901809947] [planner_local_apf]: 🛤️ Rail Updated: 7 points.
[planner_local_apf-8] [INFO] [1776380571.021136599] [planner_local_apf]: 🛤️ Rail Updated: 7 points.
[planner_local_apf-8] [INFO] [1776380571.111204853] [planner_local_apf]: 🛤️ Rail Updated: 7 points.
[planner_local_apf-8] [INFO] [1776380571.154931574] [planner_local_apf]: 🛤️ Rail Updated: 7 points.
[planner_local_apf-8] [INFO] [1776380571.203335165] [planner_local_apf]: 🛤️ Rail Updated: 7 points.
[planner_local_apf-8] [INFO] [1776380571.264038411] [planner_local_apf]: 🛤️ Rail Updated: 7 points.
[planner_local_apf-8] [INFO] [1776380571.308080560] [planner_local_apf]: 🛤️ Rail Updated: 7 points.
[planner_local_apf-8] [INFO] [1776380571.365018110] [planner_local_apf]: 🛤️ Rail Updated: 7 points.
[planner_local_apf-8] [INFO] [1776380571.421212971] [planner_local_apf]: 🛤️ Rail Updated: 7 points.
[planner_local_apf-8] [INFO] [1776380571.476694293] [planner_local_apf]: 🛤️ Rail Updated: 7 points.
[planner_local_apf-8] [INFO] [1776380571.524674197] [planner_local_apf]: 🛤️ Rail Updated: 7 points.
[planner_local_apf-8] [INFO] [1776380571.571921496] [planner_local_apf]: 🛤️ Rail Updated: 7 points.
[planner_local_apf-8] [INFO] [1776380571.619415196] [planner_local_apf]: 🛤️ Rail Updated: 7 points.
[planner_local_apf-8] [INFO] [1776380571.673220013] [planner_local_apf]: 🛤️ Rail Updated: 7 points.
[planner_local_apf-8] [INFO] [1776380571.740470420] [planner_local_apf]: 🛤️ Rail Updated: 7 points.
[planner_local_apf-8] [INFO] [1776380571.795546480] [planner_local_apf]: 🛤️ Rail Updated: 7 points.
[planner_local_apf-8] [INFO] [1776380571.844129556] [planner_local_apf]: 🛤️ Rail Updated: 7 points.
[planner_local_apf-8] [INFO] [1776380571.885643334] [planner_local_apf]: 🛤️ Rail Updated: 7 points.
[planner_local_apf-8] [INFO] [1776380571.928741034] [planner_local_apf]: 🛤️ Rail Updated: 7 points.
[planner_local_apf-8] [INFO] [1776380572.027259921] [planner_local_apf]: 🛤️ Rail Updated: 7 points.
[planner_local_apf-8] [INFO] [1776380572.114934006] [planner_local_apf]: 🛤️ Rail Updated: 7 points.
[planner_local_apf-8] [INFO] [1776380572.144852226] [planner_local_apf]: 🛤️ Rail Updated: 7 points.
[planner_local_apf-8] [INFO] [1776380572.252981614] [planner_local_apf]: 🛤️ Rail Updated: 7 points.
[planner_local_apf-8] [INFO] [1776380572.296371182] [planner_local_apf]: 🛤️ Rail Updated: 7 points.
[planner_local_apf-8] [INFO] [1776380572.337060962] [planner_local_apf]: 🛤️ Rail Updated: 7 points.
[planner_local_apf-8] [INFO] [1776380572.376216138] [planner_local_apf]: 🛤️ Rail Updated: 7 points.
[planner_local_apf-8] [INFO] [1776380572.418190087] [planner_local_apf]: 🛤️ Rail Updated: 7 points.
[planner_local_apf-8] [INFO] [1776380572.464441327] [planner_local_apf]: 🛤️ Rail Updated: 7 points.
[planner_local_apf-8] [INFO] [1776380572.493524549] [planner_local_apf]: 🛤️ Rail Updated: 7 points.
[planner_local_apf-8] [INFO] [1776380572.502799547] [planner_local_apf]: 🛣️ Path Received: 7 waypoints. Engaging motors.
[planner_local_apf-8] [INFO] [1776380572.536386480] [planner_local_apf]: 🛤️ Rail Updated: 7 points.
[planner_local_apf-8] [INFO] [1776380572.575050502] [planner_local_apf]: 🛤️ Rail Updated: 7 points.
[planner_local_apf-8] [INFO] [1776380572.616743582] [planner_local_apf]: 🛤️ Rail Updated: 7 points.
[planner_local_apf-8] [INFO] [1776380572.670092903] [planner_local_apf]: 🛤️ Rail Updated: 7 points.
[planner_local_apf-8] [INFO] [1776380572.719010199] [planner_local_apf]: 🛤️ Rail Updated: 7 points.
[planner_local_apf-8] [INFO] [1776380572.746013854] [planner_local_apf]: 🛤️ Rail Updated: 7 points.
[planner_local_apf-8] [INFO] [1776380572.788297363] [planner_local_apf]: 🛤️ Rail Updated: 7 points.
[planner_global_dstar-7] [INFO] [1776380572.834813431] [planner_global_dstar]: D* status: g[start]=10.2 waypoints=7 reached_goal=True
[planner_local_apf-8] [INFO] [1776380572.835542095] [planner_local_apf]: 🛤️ Rail Updated: 7 points.
[planner_local_apf-8] [INFO] [1776380572.880231140] [planner_local_apf]: 🛤️ Rail Updated: 7 points.
[planner_local_apf-8] [INFO] [1776380572.926588990] [planner_local_apf]: 🛤️ Rail Updated: 7 points.
[planner_local_apf-8] [INFO] [1776380572.963717217] [planner_local_apf]: 🛤️ Rail Updated: 7 points.
[planner_local_apf-8] [INFO] [1776380572.991506645] [planner_local_apf]: 🛤️ Rail Updated: 7 points.
[planner_local_apf-8] [INFO] [1776380573.034615344] [planner_local_apf]: 🛤️ Rail Updated: 7 points.
[planner_local_apf-8] [INFO] [1776380573.075085764] [planner_local_apf]: 🛤️ Rail Updated: 7 points.
[planner_local_apf-8] [INFO] [1776380573.115749602] [planner_local_apf]: 🛤️ Rail Updated: 7 points.
[planner_local_apf-8] [INFO] [1776380573.146899923] [planner_local_apf]: 🛤️ Rail Updated: 7 points.
[planner_local_apf-8] [INFO] [1776380573.185226976] [planner_local_apf]: 🛤️ Rail Updated: 7 points.
[planner_local_apf-8] [INFO] [1776380573.225486836] [planner_local_apf]: 🛤️ Rail Updated: 7 points.
[planner_local_apf-8] [INFO] [1776380573.263812698] [planner_local_apf]: 🛤️ Rail Updated: 7 points.
[planner_local_apf-8] [INFO] [1776380573.311531717] [planner_local_apf]: 🛤️ Rail Updated: 7 points.
[planner_local_apf-8] [INFO] [1776380573.345243775] [planner_local_apf]: 🛤️ Rail Updated: 7 points.
[planner_local_apf-8] [INFO] [1776380573.387817961] [planner_local_apf]: 🛤️ Rail Updated: 7 points.
[planner_local_apf-8] [INFO] [1776380573.429476574] [planner_local_apf]: 🛤️ Rail Updated: 7 points.
[planner_local_apf-8] [INFO] [1776380573.468599850] [planner_local_apf]: 🛤️ Rail Updated: 7 points.
[planner_local_apf-8] [INFO] [1776380573.495365262] [planner_local_apf]: 🛤️ Rail Updated: 7 points.
[planner_local_apf-8] [INFO] [1776380573.541027723] [planner_local_apf]: 🛤️ Rail Updated: 7 points.
[planner_local_apf-8] [INFO] [1776380573.606212038] [planner_local_apf]: 🛤️ Rail Updated: 7 points.
[planner_local_apf-8] [INFO] [1776380573.662796211] [planner_local_apf]: 🛤️ Rail Updated: 7 points.
[planner_local_apf-8] [INFO] [1776380573.691405328] [planner_local_apf]: 🛤️ Rail Updated: 7 points.
[planner_local_apf-8] [INFO] [1776380573.729233894] [planner_local_apf]: 🛤️ Rail Updated: 7 points.
[planner_local_apf-8] [INFO] [1776380573.767623923] [planner_local_apf]: 🛤️ Rail Updated: 7 points.
[planner_local_apf-8] [INFO] [1776380573.797575693] [planner_local_apf]: 🛤️ Rail Updated: 7 points.
[planner_local_apf-8] [INFO] [1776380573.838952062] [planner_local_apf]: 🛤️ Rail Updated: 7 points.
[planner_local_apf-8] [INFO] [1776380573.879961944] [planner_local_apf]: 🛤️ Rail Updated: 7 points.
[planner_local_apf-8] [INFO] [1776380573.926117484] [planner_local_apf]: 🛤️ Rail Updated: 7 points.
[planner_local_apf-8] [INFO] [1776380573.962739157] [planner_local_apf]: 🛤️ Rail Updated: 7 points.
[planner_local_apf-8] [INFO] [1776380573.996403182] [planner_local_apf]: 🛤️ Rail Updated: 7 points.
[planner_local_apf-8] [INFO] [1776380574.041018343] [planner_local_apf]: 🛤️ Rail Updated: 7 points.
[planner_local_apf-8] [INFO] [1776380574.089243366] [planner_local_apf]: 🛤️ Rail Updated: 7 points.
[planner_local_apf-8] [INFO] [1776380574.136021327] [planner_local_apf]: 🛤️ Rail Updated: 7 points.
[planner_local_apf-8] [INFO] [1776380574.179665089] [planner_local_apf]: 🛤️ Rail Updated: 7 points.
[planner_local_apf-8] [INFO] [1776380574.225692386] [planner_local_apf]: 🛤️ Rail Updated: 7 points.
[planner_local_apf-8] [INFO] [1776380574.267001654] [planner_local_apf]: 🛤️ Rail Updated: 7 points.
[planner_local_apf-8] [INFO] [1776380574.311092845] [planner_local_apf]: 🛤️ Rail Updated: 7 points.
[planner_local_apf-8] [INFO] [1776380574.342174965] [planner_local_apf]: 🛤️ Rail Updated: 7 points.
[planner_local_apf-8] [INFO] [1776380574.381201166] [planner_local_apf]: 🛤️ Rail Updated: 7 points.
[planner_local_apf-8] [INFO] [1776380574.426032295] [planner_local_apf]: 🛤️ Rail Updated: 7 points.
[planner_local_apf-8] [INFO] [1776380574.465359348] [planner_local_apf]: 🛤️ Rail Updated: 7 points.
[planner_local_apf-8] [INFO] [1776380574.492773398] [planner_local_apf]: 🛤️ Rail Updated: 7 points.
[planner_local_apf-8] [INFO] [1776380574.504703817] [planner_local_apf]: 🛣️ Path Received: 7 waypoints. Engaging motors.
[planner_local_apf-8] [INFO] [1776380574.539050764] [planner_local_apf]: 🛤️ Rail Updated: 7 points.
[planner_local_apf-8] [INFO] [1776380574.577922596] [planner_local_apf]: 🛤️ Rail Updated: 7 points.
[planner_local_apf-8] [INFO] [1776380574.617461859] [planner_local_apf]: 🛤️ Rail Updated: 7 points.
[planner_local_apf-8] [INFO] [1776380574.654639036] [planner_local_apf]: 🛤️ Rail Updated: 7 points.
[planner_local_apf-8] [INFO] [1776380574.685660381] [planner_local_apf]: 🛤️ Rail Updated: 7 points.
[planner_local_apf-8] [INFO] [1776380574.727202210] [planner_local_apf]: 🛤️ Rail Updated: 7 points.
[planner_local_apf-8] [INFO] [1776380574.765218510] [planner_local_apf]: 🛤️ Rail Updated: 7 points.
[planner_local_apf-8] [INFO] [1776380574.795325290] [planner_local_apf]: 🛤️ Rail Updated: 7 points.
[planner_local_apf-8] [INFO] [1776380574.838507598] [planner_local_apf]: 🛤️ Rail Updated: 7 points.
[planner_local_apf-8] [INFO] [1776380574.878210395] [planner_local_apf]: 🛤️ Rail Updated: 7 points.
[planner_local_apf-8] [INFO] [1776380574.925390318] [planner_local_apf]: 🛤️ Rail Updated: 7 points.
[planner_local_apf-8] [INFO] [1776380574.972026379] [planner_local_apf]: 🛤️ Rail Updated: 7 points.
[planner_local_apf-8] [INFO] [1776380575.025735312] [planner_local_apf]: 🛤️ Rail Updated: 7 points.
[planner_global_dstar-7] [INFO] [1776380575.035507514] [planner_global_dstar]: D* status: g[start]=10.2 waypoints=7 reached_goal=True
[planner_local_apf-8] [INFO] [1776380575.065603294] [planner_local_apf]: 🛤️ Rail Updated: 7 points.
[planner_local_apf-8] [INFO] [1776380575.106150347] [planner_local_apf]: 🛤️ Rail Updated: 7 points.
[planner_local_apf-8] [INFO] [1776380575.133048952] [planner_local_apf]: 🛤️ Rail Updated: 7 points.
[planner_local_apf-8] [INFO] [1776380575.178582895] [planner_local_apf]: 🛤️ Rail Updated: 7 points.
[planner_local_apf-8] [INFO] [1776380575.226866310] [planner_local_apf]: 🛤️ Rail Updated: 7 points.
[planner_local_apf-8] [INFO] [1776380575.271844841] [planner_local_apf]: 🛤️ Rail Updated: 7 points.
[planner_local_apf-8] [INFO] [1776380575.312366136] [planner_local_apf]: 🛤️ Rail Updated: 7 points.
[planner_local_apf-8] [INFO] [1776380575.339054181] [planner_local_apf]: 🛤️ Rail Updated: 7 points.
[planner_local_apf-8] [INFO] [1776380575.377744145] [planner_local_apf]: 🛤️ Rail Updated: 7 points.
[planner_local_apf-8] [INFO] [1776380575.418474167] [planner_local_apf]: 🛤️ Rail Updated: 7 points.
[planner_local_apf-8] [INFO] [1776380575.450956690] [planner_local_apf]: 🛤️ Rail Updated: 7 points.
[planner_local_apf-8] [INFO] [1776380575.493250008] [planner_local_apf]: 🛤️ Rail Updated: 7 points.
[planner_local_apf-8] [INFO] [1776380575.535859395] [planner_local_apf]: 🛤️ Rail Updated: 7 points.
[planner_local_apf-8] [INFO] [1776380575.574211565] [planner_local_apf]: 🛤️ Rail Updated: 7 points.
[planner_local_apf-8] [INFO] [1776380575.616814077] [planner_local_apf]: 🛤️ Rail Updated: 7 points.
[planner_local_apf-8] [INFO] [1776380575.674803327] [planner_local_apf]: 🛤️ Rail Updated: 7 points.
[planner_local_apf-8] [INFO] [1776380575.723870865] [planner_local_apf]: 🛤️ Rail Updated: 7 points.
[planner_local_apf-8] [INFO] [1776380575.765499136] [planner_local_apf]: 🛤️ Rail Updated: 7 points.
[planner_local_apf-8] [INFO] [1776380575.792180397] [planner_local_apf]: 🛤️ Rail Updated: 7 points.
[planner_local_apf-8] [INFO] [1776380575.835102369] [planner_local_apf]: 🛤️ Rail Updated: 7 points.
[planner_local_apf-8] [INFO] [1776380575.876458480] [planner_local_apf]: 🛤️ Rail Updated: 7 points.
[planner_local_apf-8] [INFO] [1776380575.923386592] [planner_local_apf]: 🛤️ Rail Updated: 7 points.
[planner_local_apf-8] [INFO] [1776380575.964464492] [planner_local_apf]: 🛤️ Rail Updated: 7 points.
[planner_local_apf-8] [INFO] [1776380575.990942526] [planner_local_apf]: 🛤️ Rail Updated: 7 points.
[planner_local_apf-8] [INFO] [1776380576.035017033] [planner_local_apf]: 🛤️ Rail Updated: 7 points.
[planner_local_apf-8] [INFO] [1776380576.080419801] [planner_local_apf]: 🛤️ Rail Updated: 7 points.
[planner_local_apf-8] [INFO] [1776380576.125725034] [planner_local_apf]: 🛤️ Rail Updated: 7 points.
[planner_local_apf-8] [INFO] [1776380576.168933284] [planner_local_apf]: 🛤️ Rail Updated: 7 points.
[planner_local_apf-8] [INFO] [1776380576.221506458] [planner_local_apf]: 🛤️ Rail Updated: 7 points.
[planner_local_apf-8] [INFO] [1776380576.265319529] [planner_local_apf]: 🛤️ Rail Updated: 7 points.
[planner_local_apf-8] [INFO] [1776380576.297686368] [planner_local_apf]: 🛤️ Rail Updated: 7 points.
[planner_local_apf-8] [INFO] [1776380576.347584688] [planner_local_apf]: 🛤️ Rail Updated: 7 points.
[planner_local_apf-8] [INFO] [1776380576.395814019] [planner_local_apf]: 🛤️ Rail Updated: 7 points.
[planner_local_apf-8] [INFO] [1776380576.439164904] [planner_local_apf]: 🛤️ Rail Updated: 7 points.
[planner_local_apf-8] [INFO] [1776380576.475809952] [planner_local_apf]: 🛤️ Rail Updated: 7 points.
[planner_local_apf-8] [INFO] [1776380576.523769598] [planner_local_apf]: 🛤️ Rail Updated: 7 points.
[planner_local_apf-8] [INFO] [1776380576.537266338] [planner_local_apf]: 🛣️ Path Received: 7 waypoints. Engaging motors.
[planner_local_apf-8] [INFO] [1776380576.565558378] [planner_local_apf]: 🛤️ Rail Updated: 7 points.
[planner_local_apf-8] [INFO] [1776380576.611434791] [planner_local_apf]: 🛤️ Rail Updated: 7 points.
[planner_local_apf-8] [INFO] [1776380576.647914379] [planner_local_apf]: 🛤️ Rail Updated: 7 points.
[planner_local_apf-8] [INFO] [1776380576.702600853] [planner_local_apf]: 🛤️ Rail Updated: 7 points.
[planner_local_apf-8] [INFO] [1776380576.750520715] [planner_local_apf]: 🛤️ Rail Updated: 7 points.
[planner_local_apf-8] [INFO] [1776380576.790614199] [planner_local_apf]: 🛤️ Rail Updated: 7 points.
[planner_local_apf-8] [INFO] [1776380576.838554136] [planner_local_apf]: 🛤️ Rail Updated: 7 points.
[planner_local_apf-8] [INFO] [1776380576.883923628] [planner_local_apf]: 🛤️ Rail Updated: 7 points.
[planner_local_apf-8] [INFO] [1776380576.931101627] [planner_local_apf]: 🛤️ Rail Updated: 7 points.
[planner_local_apf-8] [INFO] [1776380576.975959156] [planner_local_apf]: 🛤️ Rail Updated: 7 points.
[planner_local_apf-8] [INFO] [1776380577.021555708] [planner_local_apf]: 🛤️ Rail Updated: 7 points.
[planner_local_apf-8] [INFO] [1776380577.061244755] [planner_local_apf]: 🛤️ Rail Updated: 7 points.
[planner_local_apf-8] [INFO] [1776380577.088017684] [planner_local_apf]: 🛤️ Rail Updated: 7 points.
[planner_local_apf-8] [INFO] [1776380577.128475454] [planner_local_apf]: 🛤️ Rail Updated: 7 points.
[planner_local_apf-8] [INFO] [1776380577.168001150] [planner_local_apf]: 🛤️ Rail Updated: 7 points.
[planner_local_apf-8] [INFO] [1776380577.210235342] [planner_local_apf]: 🛤️ Rail Updated: 7 points.
[planner_global_dstar-7] [INFO] [1776380577.229803122] [planner_global_dstar]: D* status: g[start]=10.2 waypoints=7 reached_goal=True
[planner_local_apf-8] [INFO] [1776380577.241215070] [planner_local_apf]: 🛤️ Rail Updated: 7 points.
[planner_local_apf-8] [INFO] [1776380577.286959757] [planner_local_apf]: 🛤️ Rail Updated: 7 points.
[planner_local_apf-8] [INFO] [1776380577.337410097] [planner_local_apf]: 🛤️ Rail Updated: 7 points.
[planner_local_apf-8] [INFO] [1776380577.378242512] [planner_local_apf]: 🛤️ Rail Updated: 7 points.
[planner_local_apf-8] [INFO] [1776380577.419271370] [planner_local_apf]: 🛤️ Rail Updated: 7 points.
[planner_local_apf-8] [INFO] [1776380577.458337995] [planner_local_apf]: 🛤️ Rail Updated: 7 points.
[planner_local_apf-8] [INFO] [1776380577.495509947] [planner_local_apf]: 🛤️ Rail Updated: 7 points.
[planner_local_apf-8] [INFO] [1776380577.539181301] [planner_local_apf]: 🛤️ Rail Updated: 7 points.
[planner_local_apf-8] [INFO] [1776380577.582289175] [planner_local_apf]: 🛤️ Rail Updated: 7 points.
[planner_local_apf-8] [INFO] [1776380577.625288240] [planner_local_apf]: 🛤️ Rail Updated: 7 points.
[planner_local_apf-8] [INFO] [1776380577.661647011] [planner_local_apf]: 🛤️ Rail Updated: 7 points.
[planner_local_apf-8] [INFO] [1776380577.694248427] [planner_local_apf]: 🛤️ Rail Updated: 7 points.
[planner_local_apf-8] [INFO] [1776380577.745595733] [planner_local_apf]: 🛤️ Rail Updated: 7 points.
[planner_local_apf-8] [INFO] [1776380577.790394871] [planner_local_apf]: 🛤️ Rail Updated: 7 points.
[planner_local_apf-8] [INFO] [1776380577.834918823] [planner_local_apf]: 🛤️ Rail Updated: 7 points.
[planner_local_apf-8] [INFO] [1776380577.877172632] [planner_local_apf]: 🛤️ Rail Updated: 7 points.
[planner_local_apf-8] [INFO] [1776380577.920511691] [planner_local_apf]: 🛤️ Rail Updated: 7 points.
[planner_local_apf-8] [INFO] [1776380577.963267471] [planner_local_apf]: 🛤️ Rail Updated: 7 points.
[planner_local_apf-8] [INFO] [1776380577.992952672] [planner_local_apf]: 🛤️ Rail Updated: 7 points.
[planner_local_apf-8] [INFO] [1776380578.029908381] [planner_local_apf]: 🛤️ Rail Updated: 7 points.
[planner_local_apf-8] [INFO] [1776380578.067337002] [planner_local_apf]: 🛤️ Rail Updated: 7 points.
[planner_local_apf-8] [INFO] [1776380578.109506385] [planner_local_apf]: 🛤️ Rail Updated: 7 points.
[planner_local_apf-8] [INFO] [1776380578.142706573] [planner_local_apf]: 🛤️ Rail Updated: 7 points.
[planner_local_apf-8] [INFO] [1776380578.189327050] [planner_local_apf]: 🛤️ Rail Updated: 7 points.
[planner_local_apf-8] [INFO] [1776380578.254708725] [planner_local_apf]: 🛤️ Rail Updated: 7 points.
[planner_local_apf-8] [INFO] [1776380578.304376134] [planner_local_apf]: 🛤️ Rail Updated: 7 points.
[planner_local_apf-8] [INFO] [1776380578.353923184] [planner_local_apf]: 🛤️ Rail Updated: 7 points.
[planner_local_apf-8] [INFO] [1776380578.397985316] [planner_local_apf]: 🛤️ Rail Updated: 7 points.
[planner_local_apf-8] [INFO] [1776380578.443598918] [planner_local_apf]: 🛤️ Rail Updated: 7 points.
[planner_local_apf-8] [INFO] [1776380578.481936422] [planner_local_apf]: 🛤️ Rail Updated: 7 points.
[planner_local_apf-8] [INFO] [1776380578.527751692] [planner_local_apf]: 🛤️ Rail Updated: 7 points.
[planner_local_apf-8] [INFO] [1776380578.542274465] [planner_local_apf]: 🛣️ Path Received: 7 waypoints. Engaging motors.
[planner_local_apf-8] [INFO] [1776380578.570980842] [planner_local_apf]: 🛤️ Rail Updated: 7 points.
[planner_local_apf-8] [INFO] [1776380578.613331544] [planner_local_apf]: 🛤️ Rail Updated: 7 points.
[planner_local_apf-8] [INFO] [1776380578.644955235] [planner_local_apf]: 🛤️ Rail Updated: 7 points.
[planner_local_apf-8] [INFO] [1776380578.691810473] [planner_local_apf]: 🛤️ Rail Updated: 7 points.
[planner_local_apf-8] [INFO] [1776380578.736070331] [planner_local_apf]: 🛤️ Rail Updated: 7 points.
[planner_local_apf-8] [INFO] [1776380578.774726836] [planner_local_apf]: 🛤️ Rail Updated: 7 points.
[planner_local_apf-8] [INFO] [1776380578.812234475] [planner_local_apf]: 🛤️ Rail Updated: 7 points.
[planner_local_apf-8] [INFO] [1776380578.845545855] [planner_local_apf]: 🛤️ Rail Updated: 7 points.
[planner_local_apf-8] [INFO] [1776380578.890654920] [planner_local_apf]: 🛤️ Rail Updated: 7 points.
[planner_local_apf-8] [INFO] [1776380578.930768387] [planner_local_apf]: 🛤️ Rail Updated: 7 points.
[planner_local_apf-8] [INFO] [1776380578.968667812] [planner_local_apf]: 🛤️ Rail Updated: 7 points.
[planner_local_apf-8] [INFO] [1776380578.997641491] [planner_local_apf]: 🛤️ Rail Updated: 7 points.
[planner_local_apf-8] [INFO] [1776380579.039497005] [planner_local_apf]: 🛤️ Rail Updated: 7 points.
[planner_local_apf-8] [INFO] [1776380579.079943500] [planner_local_apf]: 🛤️ Rail Updated: 7 points.
[planner_local_apf-8] [INFO] [1776380579.130458007] [planner_local_apf]: 🛤️ Rail Updated: 7 points.
[planner_local_apf-8] [INFO] [1776380579.171620058] [planner_local_apf]: 🛤️ Rail Updated: 7 points.
[planner_local_apf-8] [INFO] [1776380579.214218353] [planner_local_apf]: 🛤️ Rail Updated: 7 points.
[planner_local_apf-8] [INFO] [1776380579.247727276] [planner_local_apf]: 🛤️ Rail Updated: 7 points.
[planner_local_apf-8] [INFO] [1776380579.288130046] [planner_local_apf]: 🛤️ Rail Updated: 7 points.
[planner_local_apf-8] [INFO] [1776380579.336927898] [planner_local_apf]: 🛤️ Rail Updated: 7 points.
[planner_local_apf-8] [INFO] [1776380579.377460194] [planner_local_apf]: 🛤️ Rail Updated: 7 points.
[planner_local_apf-8] [INFO] [1776380579.425505549] [planner_local_apf]: 🛤️ Rail Updated: 7 points.
[planner_global_dstar-7] [INFO] [1776380579.430301861] [planner_global_dstar]: D* status: g[start]=10.2 waypoints=7 reached_goal=True
[planner_local_apf-8] [INFO] [1776380579.467555673] [planner_local_apf]: 🛤️ Rail Updated: 7 points.
[planner_local_apf-8] [INFO] [1776380579.514954589] [planner_local_apf]: 🛤️ Rail Updated: 7 points.
[planner_local_apf-8] [INFO] [1776380579.542984827] [planner_local_apf]: 🛤️ Rail Updated: 7 points.
[planner_local_apf-8] [INFO] [1776380579.583110211] [planner_local_apf]: 🛤️ Rail Updated: 7 points.
[planner_local_apf-8] [INFO] [1776380579.626154010] [planner_local_apf]: 🛤️ Rail Updated: 7 points.
[planner_local_apf-8] [INFO] [1776380579.669557603] [planner_local_apf]: 🛤️ Rail Updated: 7 points.
[planner_local_apf-8] [INFO] [1776380579.710270667] [planner_local_apf]: 🛤️ Rail Updated: 7 points.
[planner_local_apf-8] [INFO] [1776380579.743257544] [planner_local_apf]: 🛤️ Rail Updated: 7 points.
[planner_local_apf-8] [INFO] [1776380579.793159530] [planner_local_apf]: 🛤️ Rail Updated: 7 points.
[planner_local_apf-8] [INFO] [1776380579.832918245] [planner_local_apf]: 🛤️ Rail Updated: 7 points.
[planner_local_apf-8] [INFO] [1776380579.871690893] [planner_local_apf]: 🛤️ Rail Updated: 7 points.
[planner_local_apf-8] [INFO] [1776380579.928599935] [planner_local_apf]: 🛤️ Rail Updated: 7 points.
[planner_local_apf-8] [INFO] [1776380579.972226555] [planner_local_apf]: 🛤️ Rail Updated: 7 points.
[planner_local_apf-8] [INFO] [1776380580.014271912] [planner_local_apf]: 🛤️ Rail Updated: 7 points.
[planner_local_apf-8] [INFO] [1776380580.069072054] [planner_local_apf]: 🛤️ Rail Updated: 7 points.
[planner_local_apf-8] [INFO] [1776380580.112225486] [planner_local_apf]: 🛤️ Rail Updated: 7 points.
[planner_local_apf-8] [INFO] [1776380580.134908124] [planner_local_apf]: 🛤️ Rail Updated: 7 points.
[planner_local_apf-8] [INFO] [1776380580.175625313] [planner_local_apf]: 🛤️ Rail Updated: 7 points.
[planner_local_apf-8] [INFO] [1776380580.219071348] [planner_local_apf]: 🛤️ Rail Updated: 7 points.
[planner_local_apf-8] [INFO] [1776380580.266094795] [planner_local_apf]: 🛤️ Rail Updated: 7 points.
[planner_local_apf-8] [INFO] [1776380580.295660920] [planner_local_apf]: 🛤️ Rail Updated: 7 points.
[planner_local_apf-8] [INFO] [1776380580.335626253] [planner_local_apf]: 🛤️ Rail Updated: 7 points.
[planner_local_apf-8] [INFO] [1776380580.374683162] [planner_local_apf]: 🛤️ Rail Updated: 7 points.
[planner_local_apf-8] [INFO] [1776380580.417257532] [planner_local_apf]: 🛤️ Rail Updated: 7 points.
[planner_local_apf-8] [INFO] [1776380580.454934571] [planner_local_apf]: 🛤️ Rail Updated: 7 points.
[planner_local_apf-8] [INFO] [1776380580.482438180] [planner_local_apf]: 🛤️ Rail Updated: 7 points.
[planner_local_apf-8] [INFO] [1776380580.526982024] [planner_local_apf]: 🛤️ Rail Updated: 7 points.
[planner_local_apf-8] [INFO] [1776380580.566415319] [planner_local_apf]: 🛤️ Rail Updated: 7 points.
[planner_local_apf-8] [INFO] [1776380580.576576650] [planner_local_apf]: 🛣️ Path Received: 7 waypoints. Engaging motors.
[planner_local_apf-8] [INFO] [1776380580.592301091] [planner_local_apf]: 🛤️ Rail Updated: 7 points.
[planner_local_apf-8] [INFO] [1776380580.630421617] [planner_local_apf]: 🛤️ Rail Updated: 7 points.
[planner_local_apf-8] [INFO] [1776380580.677015235] [planner_local_apf]: 🛤️ Rail Updated: 7 points.
[planner_local_apf-8] [INFO] [1776380580.727146207] [planner_local_apf]: 🛤️ Rail Updated: 7 points.
[planner_local_apf-8] [INFO] [1776380580.772172038] [planner_local_apf]: 🛤️ Rail Updated: 7 points.
[planner_local_apf-8] [INFO] [1776380580.811424565] [planner_local_apf]: 🛤️ Rail Updated: 7 points.
[planner_local_apf-8] [INFO] [1776380580.842508519] [planner_local_apf]: 🛤️ Rail Updated: 7 points.
[planner_local_apf-8] [INFO] [1776380580.880201233] [planner_local_apf]: 🛤️ Rail Updated: 7 points.
[planner_local_apf-8] [INFO] [1776380580.922474934] [planner_local_apf]: 🛤️ Rail Updated: 7 points.
[planner_local_apf-8] [INFO] [1776380580.968325589] [planner_local_apf]: 🛤️ Rail Updated: 7 points.
[planner_local_apf-8] [INFO] [1776380581.009141595] [planner_local_apf]: 🛤️ Rail Updated: 7 points.
[planner_local_apf-8] [INFO] [1776380581.043436932] [planner_local_apf]: 🛤️ Rail Updated: 7 points.
[planner_local_apf-8] [INFO] [1776380581.083573866] [planner_local_apf]: 🛤️ Rail Updated: 7 points.
[planner_local_apf-8] [INFO] [1776380581.128058493] [planner_local_apf]: 🛤️ Rail Updated: 7 points.
[planner_local_apf-8] [INFO] [1776380581.172392327] [planner_local_apf]: 🛤️ Rail Updated: 7 points.
[planner_local_apf-8] [INFO] [1776380581.216619093] [planner_local_apf]: 🛤️ Rail Updated: 7 points.
[planner_local_apf-8] [INFO] [1776380581.259004537] [planner_local_apf]: 🛤️ Rail Updated: 7 points.
[planner_local_apf-8] [INFO] [1776380581.286259452] [planner_local_apf]: 🛤️ Rail Updated: 7 points.
[planner_local_apf-8] [INFO] [1776380581.326790556] [planner_local_apf]: 🛤️ Rail Updated: 7 points.
[planner_local_apf-8] [INFO] [1776380581.364876341] [planner_local_apf]: 🛤️ Rail Updated: 7 points.
[planner_local_apf-8] [INFO] [1776380581.394751202] [planner_local_apf]: 🛤️ Rail Updated: 7 points.
[planner_global_dstar-7] [INFO] [1776380581.432661535] [planner_global_dstar]: D* status: g[start]=10.2 waypoints=7 reached_goal=True
[planner_local_apf-8] [INFO] [1776380581.444643563] [planner_local_apf]: 🛤️ Rail Updated: 7 points.
[planner_local_apf-8] [INFO] [1776380581.485895172] [planner_local_apf]: 🛤️ Rail Updated: 7 points.
[planner_local_apf-8] [INFO] [1776380581.525259075] [planner_local_apf]: 🛤️ Rail Updated: 7 points.
[planner_local_apf-8] [INFO] [1776380581.567949038] [planner_local_apf]: 🛤️ Rail Updated: 7 points.
[planner_local_apf-8] [INFO] [1776380581.612563832] [planner_local_apf]: 🛤️ Rail Updated: 7 points.
[planner_local_apf-8] [INFO] [1776380581.641935806] [planner_local_apf]: 🛤️ Rail Updated: 7 points.
[planner_local_apf-8] [INFO] [1776380581.683138649] [planner_local_apf]: 🛤️ Rail Updated: 7 points.
[planner_local_apf-8] [INFO] [1776380581.723065756] [planner_local_apf]: 🛤️ Rail Updated: 7 points.
[planner_local_apf-8] [INFO] [1776380581.764332582] [planner_local_apf]: 🛤️ Rail Updated: 7 points.
[planner_local_apf-8] [INFO] [1776380581.791194245] [planner_local_apf]: 🛤️ Rail Updated: 7 points.
[planner_local_apf-8] [INFO] [1776380581.837402310] [planner_local_apf]: 🛤️ Rail Updated: 7 points.
[planner_local_apf-8] [INFO] [1776380581.881192831] [planner_local_apf]: 🛤️ Rail Updated: 7 points.
[planner_local_apf-8] [INFO] [1776380581.928859233] [planner_local_apf]: 🛤️ Rail Updated: 7 points.
[planner_local_apf-8] [INFO] [1776380581.965839967] [planner_local_apf]: 🛤️ Rail Updated: 7 points.
[planner_local_apf-8] [INFO] [1776380581.996793479] [planner_local_apf]: 🛤️ Rail Updated: 7 points.
[planner_local_apf-8] [INFO] [1776380582.046776682] [planner_local_apf]: 🛤️ Rail Updated: 7 points.
[planner_local_apf-8] [INFO] [1776380582.088647046] [planner_local_apf]: 🛤️ Rail Updated: 7 points.
[planner_local_apf-8] [INFO] [1776380582.131295850] [planner_local_apf]: 🛤️ Rail Updated: 7 points.
[planner_local_apf-8] [INFO] [1776380582.171254583] [planner_local_apf]: 🛤️ Rail Updated: 7 points.
[planner_local_apf-8] [INFO] [1776380582.211424792] [planner_local_apf]: 🛤️ Rail Updated: 7 points.
[planner_local_apf-8] [INFO] [1776380582.239434680] [planner_local_apf]: 🛤️ Rail Updated: 7 points.
[planner_local_apf-8] [INFO] [1776380582.284165984] [planner_local_apf]: 🛤️ Rail Updated: 7 points.
[planner_local_apf-8] [INFO] [1776380582.324962740] [planner_local_apf]: 🛤️ Rail Updated: 7 points.
[planner_local_apf-8] [INFO] [1776380582.365091882] [planner_local_apf]: 🛤️ Rail Updated: 7 points.
[planner_local_apf-8] [INFO] [1776380582.390768652] [planner_local_apf]: 🛤️ Rail Updated: 7 points.
[planner_local_apf-8] [INFO] [1776380582.431290864] [planner_local_apf]: 🛤️ Rail Updated: 7 points.
[planner_local_apf-8] [INFO] [1776380582.467062138] [planner_local_apf]: 🛤️ Rail Updated: 7 points.
[planner_local_apf-8] [INFO] [1776380582.490620108] [planner_local_apf]: 🛤️ Rail Updated: 7 points.
[planner_local_apf-8] [INFO] [1776380582.531106295] [planner_local_apf]: 🛤️ Rail Updated: 7 points.
[planner_local_apf-8] [INFO] [1776380582.567007462] [planner_local_apf]: 🛤️ Rail Updated: 7 points.
[planner_local_apf-8] [INFO] [1776380582.581028356] [planner_local_apf]: 🛣️ Path Received: 7 waypoints. Engaging motors.
[planner_local_apf-8] [INFO] [1776380582.611906792] [planner_local_apf]: 🛤️ Rail Updated: 7 points.
[planner_local_apf-8] [INFO] [1776380582.640917871] [planner_local_apf]: 🛤️ Rail Updated: 7 points.
[planner_local_apf-8] [INFO] [1776380582.680263257] [planner_local_apf]: 🛤️ Rail Updated: 7 points.
[planner_local_apf-8] [INFO] [1776380582.723333731] [planner_local_apf]: 🛤️ Rail Updated: 7 points.
[planner_local_apf-8] [INFO] [1776380582.763863277] [planner_local_apf]: 🛤️ Rail Updated: 7 points.
[planner_local_apf-8] [INFO] [1776380582.792393561] [planner_local_apf]: 🛤️ Rail Updated: 7 points.
[planner_local_apf-8] [INFO] [1776380582.839566242] [planner_local_apf]: 🛤️ Rail Updated: 7 points.
[planner_local_apf-8] [INFO] [1776380582.885154819] [planner_local_apf]: 🛤️ Rail Updated: 7 points.
[planner_local_apf-8] [INFO] [1776380582.930868614] [planner_local_apf]: 🛤️ Rail Updated: 7 points.
[planner_local_apf-8] [INFO] [1776380582.972492760] [planner_local_apf]: 🛤️ Rail Updated: 7 points.
[planner_local_apf-8] [INFO] [1776380583.011528310] [planner_local_apf]: 🛤️ Rail Updated: 7 points.
[planner_local_apf-8] [INFO] [1776380583.043728131] [planner_local_apf]: 🛤️ Rail Updated: 7 points.
[planner_local_apf-8] [INFO] [1776380583.084977816] [planner_local_apf]: 🛤️ Rail Updated: 7 points.
[planner_local_apf-8] [INFO] [1776380583.125217967] [planner_local_apf]: 🛤️ Rail Updated: 7 points.
[planner_local_apf-8] [INFO] [1776380583.163755305] [planner_local_apf]: 🛤️ Rail Updated: 7 points.
[planner_local_apf-8] [INFO] [1776380583.191647492] [planner_local_apf]: 🛤️ Rail Updated: 7 points.
[planner_local_apf-8] [INFO] [1776380583.236193261] [planner_local_apf]: 🛤️ Rail Updated: 7 points.
[planner_local_apf-8] [INFO] [1776380583.282666612] [planner_local_apf]: 🛤️ Rail Updated: 7 points.
[planner_local_apf-8] [INFO] [1776380583.323251799] [planner_local_apf]: 🛤️ Rail Updated: 7 points.
[planner_local_apf-8] [INFO] [1776380583.363022797] [planner_local_apf]: 🛤️ Rail Updated: 7 points.
[planner_local_apf-8] [INFO] [1776380583.387579300] [planner_local_apf]: 🛤️ Rail Updated: 7 points.
[planner_local_apf-8] [INFO] [1776380583.427142763] [planner_local_apf]: 🛤️ Rail Updated: 7 points.
[planner_local_apf-8] [INFO] [1776380583.468632157] [planner_local_apf]: 🛤️ Rail Updated: 7 points.
[planner_local_apf-8] [INFO] [1776380583.512289027] [planner_local_apf]: 🛤️ Rail Updated: 7 points.
[planner_local_apf-8] [INFO] [1776380583.541524417] [planner_local_apf]: 🛤️ Rail Updated: 7 points.
[planner_local_apf-8] [INFO] [1776380583.580814161] [planner_local_apf]: 🛤️ Rail Updated: 7 points.
[planner_local_apf-8] [INFO] [1776380583.622642267] [planner_local_apf]: 🛤️ Rail Updated: 7 points.
[planner_global_dstar-7] [INFO] [1776380583.628799657] [planner_global_dstar]: D* status: g[start]=10.2 waypoints=7 reached_goal=True
[planner_local_apf-8] [INFO] [1776380583.662679283] [planner_local_apf]: 🛤️ Rail Updated: 7 points.
[planner_local_apf-8] [INFO] [1776380583.693301509] [planner_local_apf]: 🛤️ Rail Updated: 7 points.
[planner_local_apf-8] [INFO] [1776380583.737631767] [planner_local_apf]: 🛤️ Rail Updated: 7 points.
[planner_local_apf-8] [INFO] [1776380583.787515237] [planner_local_apf]: 🛤️ Rail Updated: 7 points.
[planner_local_apf-8] [INFO] [1776380583.831809470] [planner_local_apf]: 🛤️ Rail Updated: 7 points.
[planner_local_apf-8] [INFO] [1776380583.873469275] [planner_local_apf]: 🛤️ Rail Updated: 7 points.
[planner_local_apf-8] [INFO] [1776380583.914463116] [planner_local_apf]: 🛤️ Rail Updated: 7 points.
[planner_local_apf-8] [INFO] [1776380583.940233844] [planner_local_apf]: 🛤️ Rail Updated: 7 points.
[planner_local_apf-8] [INFO] [1776380583.985610578] [planner_local_apf]: 🛤️ Rail Updated: 7 points.
[planner_local_apf-8] [INFO] [1776380584.030028471] [planner_local_apf]: 🛤️ Rail Updated: 7 points.
[planner_local_apf-8] [INFO] [1776380584.072398881] [planner_local_apf]: 🛤️ Rail Updated: 7 points.
[planner_local_apf-8] [INFO] [1776380584.120774788] [planner_local_apf]: 🛤️ Rail Updated: 7 points.
[planner_local_apf-8] [INFO] [1776380584.165257124] [planner_local_apf]: 🛤️ Rail Updated: 7 points.
[planner_local_apf-8] [INFO] [1776380584.211159111] [planner_local_apf]: 🛤️ Rail Updated: 7 points.
[planner_local_apf-8] [INFO] [1776380584.248220513] [planner_local_apf]: 🛤️ Rail Updated: 7 points.
[planner_local_apf-8] [INFO] [1776380584.289313263] [planner_local_apf]: 🛤️ Rail Updated: 7 points.
[planner_local_apf-8] [INFO] [1776380584.327604382] [planner_local_apf]: 🛤️ Rail Updated: 7 points.
[planner_local_apf-8] [INFO] [1776380584.369919608] [planner_local_apf]: 🛤️ Rail Updated: 7 points.
[planner_local_apf-8] [INFO] [1776380584.410832507] [planner_local_apf]: 🛤️ Rail Updated: 7 points.
[planner_local_apf-8] [INFO] [1776380584.441834144] [planner_local_apf]: 🛤️ Rail Updated: 7 points.
[planner_local_apf-8] [INFO] [1776380584.484656566] [planner_local_apf]: 🛤️ Rail Updated: 7 points.
[planner_local_apf-8] [INFO] [1776380584.529206918] [planner_local_apf]: 🛤️ Rail Updated: 7 points.
[planner_local_apf-8] [INFO] [1776380584.567768823] [planner_local_apf]: 🛤️ Rail Updated: 7 points.
[planner_local_apf-8] [INFO] [1776380584.596478041] [planner_local_apf]: 🛤️ Rail Updated: 7 points.
[planner_local_apf-8] [INFO] [1776380584.613614802] [planner_local_apf]: 🛣️ Path Received: 7 waypoints. Engaging motors.
[planner_local_apf-8] [INFO] [1776380584.647217684] [planner_local_apf]: 🛤️ Rail Updated: 7 points.
[planner_local_apf-8] [INFO] [1776380584.705002791] [planner_local_apf]: 🛤️ Rail Updated: 7 points.
[planner_local_apf-8] [INFO] [1776380584.749729145] [planner_local_apf]: 🛤️ Rail Updated: 7 points.
[planner_local_apf-8] [INFO] [1776380584.789484009] [planner_local_apf]: 🛤️ Rail Updated: 7 points.
[planner_local_apf-8] [INFO] [1776380584.829787778] [planner_local_apf]: 🛤️ Rail Updated: 7 points.
[planner_local_apf-8] [INFO] [1776380584.872367373] [planner_local_apf]: 🛤️ Rail Updated: 7 points.
[planner_local_apf-8] [INFO] [1776380584.916373221] [planner_local_apf]: 🛤️ Rail Updated: 7 points.
[planner_local_apf-8] [INFO] [1776380584.948495858] [planner_local_apf]: 🛤️ Rail Updated: 7 points.
[planner_local_apf-8] [INFO] [1776380584.989265939] [planner_local_apf]: 🛤️ Rail Updated: 7 points.
[planner_local_apf-8] [INFO] [1776380585.033692448] [planner_local_apf]: 🛤️ Rail Updated: 7 points.
[planner_local_apf-8] [INFO] [1776380585.075622946] [planner_local_apf]: 🛤️ Rail Updated: 7 points.
[planner_local_apf-8] [INFO] [1776380585.121679119] [planner_local_apf]: 🛤️ Rail Updated: 7 points.
[planner_local_apf-8] [INFO] [1776380585.165523724] [planner_local_apf]: 🛤️ Rail Updated: 7 points.
[planner_local_apf-8] [INFO] [1776380585.194962523] [planner_local_apf]: 🛤️ Rail Updated: 7 points.
[planner_local_apf-8] [INFO] [1776380585.235201575] [planner_local_apf]: 🛤️ Rail Updated: 7 points.
[planner_local_apf-8] [INFO] [1776380585.272582070] [planner_local_apf]: 🛤️ Rail Updated: 7 points.
[planner_local_apf-8] [INFO] [1776380585.310176609] [planner_local_apf]: 🛤️ Rail Updated: 7 points.
[planner_local_apf-8] [INFO] [1776380585.338563067] [planner_local_apf]: 🛤️ Rail Updated: 7 points.
[planner_local_apf-8] [INFO] [1776380585.378510249] [planner_local_apf]: 🛤️ Rail Updated: 7 points.
[planner_local_apf-8] [INFO] [1776380585.417893128] [planner_local_apf]: 🛤️ Rail Updated: 7 points.
[planner_local_apf-8] [INFO] [1776380585.462532855] [planner_local_apf]: 🛤️ Rail Updated: 7 points.
[planner_local_apf-8] [INFO] [1776380585.495229697] [planner_local_apf]: 🛤️ Rail Updated: 7 points.
[planner_local_apf-8] [INFO] [1776380585.536745309] [planner_local_apf]: 🛤️ Rail Updated: 7 points.
[planner_local_apf-8] [INFO] [1776380585.587289700] [planner_local_apf]: 🛤️ Rail Updated: 7 points.
[planner_global_dstar-7] [INFO] [1776380585.631711626] [planner_global_dstar]: D* status: g[start]=10.2 waypoints=7 reached_goal=True
[planner_local_apf-8] [INFO] [1776380585.634994236] [planner_local_apf]: 🛤️ Rail Updated: 7 points.
[planner_local_apf-8] [INFO] [1776380585.679908599] [planner_local_apf]: 🛤️ Rail Updated: 7 points.
[planner_local_apf-8] [INFO] [1776380585.721140775] [planner_local_apf]: 🛤️ Rail Updated: 7 points.
[planner_local_apf-8] [INFO] [1776380585.760526862] [planner_local_apf]: 🛤️ Rail Updated: 7 points.
[planner_local_apf-8] [INFO] [1776380585.791368080] [planner_local_apf]: 🛤️ Rail Updated: 7 points.
[planner_local_apf-8] [INFO] [1776380585.838680646] [planner_local_apf]: 🛤️ Rail Updated: 7 points.
[planner_local_apf-8] [INFO] [1776380585.881910255] [planner_local_apf]: 🛤️ Rail Updated: 7 points.
[planner_local_apf-8] [INFO] [1776380585.929810775] [planner_local_apf]: 🛤️ Rail Updated: 7 points.
[planner_local_apf-8] [INFO] [1776380585.973015175] [planner_local_apf]: 🛤️ Rail Updated: 7 points.
[planner_local_apf-8] [INFO] [1776380586.014586154] [planner_local_apf]: 🛤️ Rail Updated: 7 points.
[planner_local_apf-8] [INFO] [1776380586.063259797] [planner_local_apf]: 🛤️ Rail Updated: 7 points.
[planner_local_apf-8] [INFO] [1776380586.094085065] [planner_local_apf]: 🛤️ Rail Updated: 7 points.
[planner_local_apf-8] [INFO] [1776380586.128168927] [planner_local_apf]: 🛤️ Rail Updated: 7 points.
[planner_local_apf-8] [INFO] [1776380586.171375985] [planner_local_apf]: 🛤️ Rail Updated: 7 points.
[planner_local_apf-8] [INFO] [1776380586.214113706] [planner_local_apf]: 🛤️ Rail Updated: 7 points.
[planner_local_apf-8] [INFO] [1776380586.245774706] [planner_local_apf]: 🛤️ Rail Updated: 7 points.
[planner_local_apf-8] [INFO] [1776380586.289866630] [planner_local_apf]: 🛤️ Rail Updated: 7 points.
[planner_local_apf-8] [INFO] [1776380586.333503242] [planner_local_apf]: 🛤️ Rail Updated: 7 points.
[planner_local_apf-8] [INFO] [1776380586.373448866] [planner_local_apf]: 🛤️ Rail Updated: 7 points.
[planner_local_apf-8] [INFO] [1776380586.415508065] [planner_local_apf]: 🛤️ Rail Updated: 7 points.
[planner_local_apf-8] [INFO] [1776380586.445151650] [planner_local_apf]: 🛤️ Rail Updated: 7 points.
[planner_local_apf-8] [INFO] [1776380586.560806839] [planner_local_apf]: 🛤️ Rail Updated: 7 points.
[planner_local_apf-8] [INFO] [1776380586.634395129] [planner_local_apf]: 🛤️ Rail Updated: 7 points.
[planner_local_apf-8] [INFO] [1776380586.663928988] [planner_local_apf]: 🛣️ Path Received: 7 waypoints. Engaging motors.
[planner_local_apf-8] [INFO] [1776380586.710461647] [planner_local_apf]: 🛤️ Rail Updated: 7 points.
[planner_local_apf-8] [INFO] [1776380586.760584919] [planner_local_apf]: 🛤️ Rail Updated: 7 points.
[planner_local_apf-8] [INFO] [1776380586.803979987] [planner_local_apf]: 🛤️ Rail Updated: 7 points.
[planner_local_apf-8] [INFO] [1776380586.843382023] [planner_local_apf]: 🛤️ Rail Updated: 7 points.
[planner_local_apf-8] [INFO] [1776380586.890294736] [planner_local_apf]: 🛤️ Rail Updated: 7 points.
[planner_local_apf-8] [INFO] [1776380586.954973047] [planner_local_apf]: 🛤️ Rail Updated: 7 points.
[planner_local_apf-8] [INFO] [1776380587.010492228] [planner_local_apf]: 🛤️ Rail Updated: 7 points.
[planner_local_apf-8] [INFO] [1776380587.058551791] [planner_local_apf]: 🛤️ Rail Updated: 7 points.
[planner_local_apf-8] [INFO] [1776380587.102661406] [planner_local_apf]: 🛤️ Rail Updated: 7 points.
[planner_local_apf-8] [INFO] [1776380587.147484836] [planner_local_apf]: 🛤️ Rail Updated: 7 points.
[planner_local_apf-8] [INFO] [1776380587.199534497] [planner_local_apf]: 🛤️ Rail Updated: 7 points.
[planner_local_apf-8] [INFO] [1776380587.250344082] [planner_local_apf]: 🛤️ Rail Updated: 7 points.
[planner_local_apf-8] [INFO] [1776380587.286677553] [planner_local_apf]: 🛤️ Rail Updated: 7 points.
[planner_local_apf-8] [INFO] [1776380587.327981688] [planner_local_apf]: 🛤️ Rail Updated: 7 points.
[planner_local_apf-8] [INFO] [1776380587.362200575] [planner_local_apf]: 🛤️ Rail Updated: 7 points.
[planner_local_apf-8] [INFO] [1776380587.390836735] [planner_local_apf]: 🛤️ Rail Updated: 7 points.
[planner_local_apf-8] [INFO] [1776380587.441631653] [planner_local_apf]: 🛤️ Rail Updated: 7 points.
[planner_local_apf-8] [INFO] [1776380587.484937071] [planner_local_apf]: 🛤️ Rail Updated: 7 points.
[planner_local_apf-8] [INFO] [1776380587.530497414] [planner_local_apf]: 🛤️ Rail Updated: 7 points.
[planner_local_apf-8] [INFO] [1776380587.571074352] [planner_local_apf]: 🛤️ Rail Updated: 7 points.
[planner_local_apf-8] [INFO] [1776380587.612221644] [planner_local_apf]: 🛤️ Rail Updated: 7 points.
[planner_local_apf-8] [INFO] [1776380587.642280115] [planner_local_apf]: 🛤️ Rail Updated: 7 points.
[planner_local_apf-8] [INFO] [1776380587.685624949] [planner_local_apf]: 🛤️ Rail Updated: 7 points.
[planner_local_apf-8] [INFO] [1776380587.730658022] [planner_local_apf]: 🛤️ Rail Updated: 7 points.
[planner_local_apf-8] [INFO] [1776380587.769525179] [planner_local_apf]: 🛤️ Rail Updated: 7 points.
[planner_local_apf-8] [INFO] [1776380587.809166467] [planner_local_apf]: 🛤️ Rail Updated: 7 points.
[planner_global_dstar-7] [INFO] [1776380587.827794198] [planner_global_dstar]: D* status: g[start]=10.2 waypoints=7 reached_goal=True
[planner_local_apf-8] [INFO] [1776380587.836142806] [planner_local_apf]: 🛤️ Rail Updated: 7 points.
[planner_local_apf-8] [INFO] [1776380587.875713877] [planner_local_apf]: 🛤️ Rail Updated: 7 points.
[planner_local_apf-8] [INFO] [1776380587.924266978] [planner_local_apf]: 🛤️ Rail Updated: 7 points.
[planner_local_apf-8] [INFO] [1776380587.963331861] [planner_local_apf]: 🛤️ Rail Updated: 7 points.
[planner_local_apf-8] [INFO] [1776380587.992872412] [planner_local_apf]: 🛤️ Rail Updated: 7 points.
[planner_local_apf-8] [INFO] [1776380588.038684382] [planner_local_apf]: 🛤️ Rail Updated: 7 points.
[planner_local_apf-8] [INFO] [1776380588.081268652] [planner_local_apf]: 🛤️ Rail Updated: 7 points.
[planner_local_apf-8] [INFO] [1776380588.136823216] [planner_local_apf]: 🛤️ Rail Updated: 7 points.
[planner_local_apf-8] [INFO] [1776380588.188541042] [planner_local_apf]: 🛤️ Rail Updated: 7 points.
[planner_local_apf-8] [INFO] [1776380588.237331653] [planner_local_apf]: 🛤️ Rail Updated: 7 points.
[planner_local_apf-8] [INFO] [1776380588.302139582] [planner_local_apf]: 🛤️ Rail Updated: 7 points.
[planner_local_apf-8] [INFO] [1776380588.363623651] [planner_local_apf]: 🛤️ Rail Updated: 7 points.
[planner_local_apf-8] [INFO] [1776380588.431083060] [planner_local_apf]: 🛤️ Rail Updated: 7 points.
[planner_local_apf-8] [INFO] [1776380588.481077905] [planner_local_apf]: 🛤️ Rail Updated: 7 points.
[planner_local_apf-8] [INFO] [1776380588.530222719] [planner_local_apf]: 🛤️ Rail Updated: 7 points.
[planner_local_apf-8] [INFO] [1776380588.571708538] [planner_local_apf]: 🛤️ Rail Updated: 7 points.
[planner_local_apf-8] [INFO] [1776380588.623970685] [planner_local_apf]: 🛤️ Rail Updated: 7 points.
[planner_local_apf-8] [INFO] [1776380588.677193506] [planner_local_apf]: 🛤️ Rail Updated: 7 points.
[planner_local_apf-8] [INFO] [1776380588.693972397] [planner_local_apf]: 🛣️ Path Received: 7 waypoints. Engaging motors.
[planner_local_apf-8] [INFO] [1776380588.725927466] [planner_local_apf]: 🛤️ Rail Updated: 7 points.
[planner_local_apf-8] [INFO] [1776380588.776090612] [planner_local_apf]: 🛤️ Rail Updated: 7 points.
[planner_local_apf-8] [INFO] [1776380588.837305546] [planner_local_apf]: 🛤️ Rail Updated: 7 points.
[planner_local_apf-8] [INFO] [1776380588.903501962] [planner_local_apf]: 🛤️ Rail Updated: 7 points.
[planner_local_apf-8] [INFO] [1776380588.971237655] [planner_local_apf]: 🛤️ Rail Updated: 7 points.
[planner_local_apf-8] [INFO] [1776380589.036537013] [planner_local_apf]: 🛤️ Rail Updated: 7 points.
[planner_local_apf-8] [INFO] [1776380589.097259418] [planner_local_apf]: 🛤️ Rail Updated: 7 points.
[planner_local_apf-8] [INFO] [1776380589.154579588] [planner_local_apf]: 🛤️ Rail Updated: 7 points.
[planner_local_apf-8] [INFO] [1776380589.192779957] [planner_local_apf]: 🛤️ Rail Updated: 7 points.
[planner_local_apf-8] [INFO] [1776380589.232141935] [planner_local_apf]: 🛤️ Rail Updated: 7 points.
[planner_local_apf-8] [INFO] [1776380589.270561847] [planner_local_apf]: 🛤️ Rail Updated: 7 points.
[planner_local_apf-8] [INFO] [1776380589.309444954] [planner_local_apf]: 🛤️ Rail Updated: 7 points.
[planner_local_apf-8] [INFO] [1776380589.338495267] [planner_local_apf]: 🛤️ Rail Updated: 7 points.
[planner_local_apf-8] [INFO] [1776380589.371761181] [planner_local_apf]: 🛤️ Rail Updated: 7 points.
[planner_local_apf-8] [INFO] [1776380589.414035798] [planner_local_apf]: 🛤️ Rail Updated: 7 points.
[planner_local_apf-8] [INFO] [1776380589.445092527] [planner_local_apf]: 🛤️ Rail Updated: 7 points.
[planner_local_apf-8] [INFO] [1776380589.488548187] [planner_local_apf]: 🛤️ Rail Updated: 7 points.
[planner_local_apf-8] [INFO] [1776380589.537611325] [planner_local_apf]: 🛤️ Rail Updated: 7 points.
[planner_local_apf-8] [INFO] [1776380589.589253892] [planner_local_apf]: 🛤️ Rail Updated: 7 points.
[planner_local_apf-8] [INFO] [1776380589.643323994] [planner_local_apf]: 🛤️ Rail Updated: 7 points.
[planner_local_apf-8] [INFO] [1776380589.694399506] [planner_local_apf]: 🛤️ Rail Updated: 7 points.
[planner_local_apf-8] [INFO] [1776380589.745297092] [planner_local_apf]: 🛤️ Rail Updated: 7 points.
[planner_local_apf-8] [INFO] [1776380589.814875576] [planner_local_apf]: 🛤️ Rail Updated: 7 points.
[planner_global_dstar-7] [INFO] [1776380589.834870984] [planner_global_dstar]: D* status: g[start]=10.2 waypoints=7 reached_goal=True
[planner_local_apf-8] [INFO] [1776380589.865741811] [planner_local_apf]: 🛤️ Rail Updated: 7 points.
[planner_local_apf-8] [INFO] [1776380589.896145502] [planner_local_apf]: 🛤️ Rail Updated: 7 points.
[planner_local_apf-8] [INFO] [1776380589.942378317] [planner_local_apf]: 🛤️ Rail Updated: 7 points.
[planner_local_apf-8] [INFO] [1776380589.988123370] [planner_local_apf]: 🛤️ Rail Updated: 7 points.
[planner_local_apf-8] [INFO] [1776380590.029003177] [planner_local_apf]: 🛤️ Rail Updated: 7 points.
[planner_local_apf-8] [INFO] [1776380590.079342417] [planner_local_apf]: 🛤️ Rail Updated: 7 points.
[planner_local_apf-8] [INFO] [1776380590.131028984] [planner_local_apf]: 🛤️ Rail Updated: 7 points.
[planner_local_apf-8] [INFO] [1776380590.181980653] [planner_local_apf]: 🛤️ Rail Updated: 7 points.
[planner_local_apf-8] [INFO] [1776380590.233487185] [planner_local_apf]: 🛤️ Rail Updated: 7 points.
[planner_local_apf-8] [INFO] [1776380590.280089237] [planner_local_apf]: 🛤️ Rail Updated: 7 points.
[planner_local_apf-8] [INFO] [1776380590.318856935] [planner_local_apf]: 🛤️ Rail Updated: 7 points.
[planner_local_apf-8] [INFO] [1776380590.361122936] [planner_local_apf]: 🛤️ Rail Updated: 7 points.
[planner_local_apf-8] [INFO] [1776380590.393326699] [planner_local_apf]: 🛤️ Rail Updated: 7 points.
[planner_local_apf-8] [INFO] [1776380590.441976509] [planner_local_apf]: 🛤️ Rail Updated: 7 points.
[planner_local_apf-8] [INFO] [1776380590.483397153] [planner_local_apf]: 🛤️ Rail Updated: 7 points.
[planner_local_apf-8] [INFO] [1776380590.526280809] [planner_local_apf]: 🛤️ Rail Updated: 7 points.
[planner_local_apf-8] [INFO] [1776380590.564882131] [planner_local_apf]: 🛤️ Rail Updated: 7 points.
[planner_local_apf-8] [INFO] [1776380590.595309471] [planner_local_apf]: 🛤️ Rail Updated: 7 points.
[planner_local_apf-8] [INFO] [1776380590.652507265] [planner_local_apf]: 🛤️ Rail Updated: 7 points.
[planner_local_apf-8] [INFO] [1776380590.703535294] [planner_local_apf]: 🛤️ Rail Updated: 7 points.
[planner_local_apf-8] [INFO] [1776380590.722563336] [planner_local_apf]: 🛣️ Path Received: 7 waypoints. Engaging motors.
[planner_local_apf-8] [INFO] [1776380590.764653427] [planner_local_apf]: 🛤️ Rail Updated: 7 points.
[planner_local_apf-8] [INFO] [1776380590.837602612] [planner_local_apf]: 🛤️ Rail Updated: 7 points.
[planner_local_apf-8] [INFO] [1776380590.897161758] [planner_local_apf]: 🛤️ Rail Updated: 7 points.
[planner_local_apf-8] [INFO] [1776380590.948788649] [planner_local_apf]: 🛤️ Rail Updated: 7 points.
[planner_local_apf-8] [INFO] [1776380591.000272173] [planner_local_apf]: 🛤️ Rail Updated: 7 points.
[planner_local_apf-8] [INFO] [1776380591.048105868] [planner_local_apf]: 🛤️ Rail Updated: 7 points.
[planner_local_apf-8] [INFO] [1776380591.091511203] [planner_local_apf]: 🛤️ Rail Updated: 7 points.
[planner_local_apf-8] [INFO] [1776380591.135798103] [planner_local_apf]: 🛤️ Rail Updated: 7 points.
[planner_local_apf-8] [INFO] [1776380591.175614384] [planner_local_apf]: 🛤️ Rail Updated: 7 points.
[planner_local_apf-8] [INFO] [1776380591.219135770] [planner_local_apf]: 🛤️ Rail Updated: 7 points.
[planner_local_apf-8] [INFO] [1776380591.259639007] [planner_local_apf]: 🛤️ Rail Updated: 7 points.
[planner_local_apf-8] [INFO] [1776380591.290127398] [planner_local_apf]: 🛤️ Rail Updated: 7 points.
[planner_local_apf-8] [INFO] [1776380591.326958714] [planner_local_apf]: 🛤️ Rail Updated: 7 points.
[planner_local_apf-8] [INFO] [1776380591.371758127] [planner_local_apf]: 🛤️ Rail Updated: 7 points.
[planner_local_apf-8] [INFO] [1776380591.412920361] [planner_local_apf]: 🛤️ Rail Updated: 7 points.
[planner_local_apf-8] [INFO] [1776380591.443884047] [planner_local_apf]: 🛤️ Rail Updated: 7 points.
[planner_local_apf-8] [INFO] [1776380591.486456400] [planner_local_apf]: 🛤️ Rail Updated: 7 points.
[planner_local_apf-8] [INFO] [1776380591.526068264] [planner_local_apf]: 🛤️ Rail Updated: 7 points.
[planner_local_apf-8] [INFO] [1776380591.563321433] [planner_local_apf]: 🛤️ Rail Updated: 7 points.
[planner_local_apf-8] [INFO] [1776380591.592351671] [planner_local_apf]: 🛤️ Rail Updated: 7 points.
[planner_local_apf-8] [INFO] [1776380591.636480720] [planner_local_apf]: 🛤️ Rail Updated: 7 points.
[planner_local_apf-8] [INFO] [1776380591.678242275] [planner_local_apf]: 🛤️ Rail Updated: 7 points.
[planner_local_apf-8] [INFO] [1776380591.718221449] [planner_local_apf]: 🛤️ Rail Updated: 7 points.
[planner_local_apf-8] [INFO] [1776380591.744397990] [planner_local_apf]: 🛤️ Rail Updated: 7 points.
[planner_local_apf-8] [INFO] [1776380591.789187411] [planner_local_apf]: 🛤️ Rail Updated: 7 points.
[planner_local_apf-8] [INFO] [1776380591.838255315] [planner_local_apf]: 🛤️ Rail Updated: 7 points.
[planner_local_apf-8] [INFO] [1776380591.878965537] [planner_local_apf]: 🛤️ Rail Updated: 7 points.
[planner_local_apf-8] [INFO] [1776380591.930611220] [planner_local_apf]: 🛤️ Rail Updated: 7 points.
[planner_local_apf-8] [INFO] [1776380591.973711303] [planner_local_apf]: 🛤️ Rail Updated: 7 points.
[planner_local_apf-8] [INFO] [1776380592.016638409] [planner_local_apf]: 🛤️ Rail Updated: 7 points.
[planner_global_dstar-7] [INFO] [1776380592.028209125] [planner_global_dstar]: D* status: g[start]=10.2 waypoints=7 reached_goal=True
[planner_local_apf-8] [INFO] [1776380592.044306744] [planner_local_apf]: 🛤️ Rail Updated: 7 points.
[planner_local_apf-8] [INFO] [1776380592.090474476] [planner_local_apf]: 🛤️ Rail Updated: 7 points.
[planner_local_apf-8] [INFO] [1776380592.134996045] [planner_local_apf]: 🛤️ Rail Updated: 7 points.
[planner_local_apf-8] [INFO] [1776380592.172938278] [planner_local_apf]: 🛤️ Rail Updated: 7 points.
[planner_local_apf-8] [INFO] [1776380592.217490555] [planner_local_apf]: 🛤️ Rail Updated: 7 points.
[planner_local_apf-8] [INFO] [1776380592.261559104] [planner_local_apf]: 🛤️ Rail Updated: 7 points.
[planner_local_apf-8] [INFO] [1776380592.293290688] [planner_local_apf]: 🛤️ Rail Updated: 7 points.
[planner_local_apf-8] [INFO] [1776380592.332911626] [planner_local_apf]: 🛤️ Rail Updated: 7 points.
[planner_local_apf-8] [INFO] [1776380592.369793268] [planner_local_apf]: 🛤️ Rail Updated: 7 points.
[planner_local_apf-8] [INFO] [1776380592.409065778] [planner_local_apf]: 🛤️ Rail Updated: 7 points.
[planner_local_apf-8] [INFO] [1776380592.439528869] [planner_local_apf]: 🛤️ Rail Updated: 7 points.
[planner_local_apf-8] [INFO] [1776380592.480542327] [planner_local_apf]: 🛤️ Rail Updated: 7 points.
[planner_local_apf-8] [INFO] [1776380592.520933088] [planner_local_apf]: 🛤️ Rail Updated: 7 points.
[planner_local_apf-8] [INFO] [1776380592.558015481] [planner_local_apf]: 🛤️ Rail Updated: 7 points.
[planner_local_apf-8] [INFO] [1776380592.583381957] [planner_local_apf]: 🛤️ Rail Updated: 7 points.
[planner_local_apf-8] [INFO] [1776380592.622640167] [planner_local_apf]: 🛤️ Rail Updated: 7 points.
[planner_local_apf-8] [INFO] [1776380592.659277057] [planner_local_apf]: 🛤️ Rail Updated: 7 points.
[planner_local_apf-8] [INFO] [1776380592.695921280] [planner_local_apf]: 🛤️ Rail Updated: 7 points.
[planner_local_apf-8] [INFO] [1776380592.746867174] [planner_local_apf]: 🛤️ Rail Updated: 7 points.
[planner_local_apf-8] [INFO] [1776380592.763443022] [planner_local_apf]: 🛣️ Path Received: 7 waypoints. Engaging motors.
[planner_local_apf-8] [INFO] [1776380592.802239045] [planner_local_apf]: 🛤️ Rail Updated: 7 points.
[planner_local_apf-8] [INFO] [1776380592.852568568] [planner_local_apf]: 🛤️ Rail Updated: 7 points.
[planner_local_apf-8] [INFO] [1776380592.908993056] [planner_local_apf]: 🛤️ Rail Updated: 7 points.
[planner_local_apf-8] [INFO] [1776380592.963988083] [planner_local_apf]: 🛤️ Rail Updated: 7 points.
[planner_local_apf-8] [INFO] [1776380592.997897134] [planner_local_apf]: 🛤️ Rail Updated: 7 points.
[planner_local_apf-8] [INFO] [1776380593.062606062] [planner_local_apf]: 🛤️ Rail Updated: 7 points.
[planner_local_apf-8] [INFO] [1776380593.116322054] [planner_local_apf]: 🛤️ Rail Updated: 7 points.
[planner_local_apf-8] [INFO] [1776380593.172547257] [planner_local_apf]: 🛤️ Rail Updated: 7 points.
[planner_local_apf-8] [INFO] [1776380593.221540177] [planner_local_apf]: 🛤️ Rail Updated: 7 points.
[planner_local_apf-8] [INFO] [1776380593.268182838] [planner_local_apf]: 🛤️ Rail Updated: 7 points.
[planner_local_apf-8] [INFO] [1776380593.307055403] [planner_local_apf]: 🛤️ Rail Updated: 7 points.
[planner_local_apf-8] [INFO] [1776380593.337219933] [planner_local_apf]: 🛤️ Rail Updated: 7 points.
[planner_local_apf-8] [INFO] [1776380593.378508943] [planner_local_apf]: 🛤️ Rail Updated: 7 points.
[planner_local_apf-8] [INFO] [1776380593.417886413] [planner_local_apf]: 🛤️ Rail Updated: 7 points.
[planner_local_apf-8] [INFO] [1776380593.461488099] [planner_local_apf]: 🛤️ Rail Updated: 7 points.
[planner_local_apf-8] [INFO] [1776380593.492514578] [planner_local_apf]: 🛤️ Rail Updated: 7 points.
[planner_local_apf-8] [INFO] [1776380593.531231492] [planner_local_apf]: 🛤️ Rail Updated: 7 points.
[planner_local_apf-8] [INFO] [1776380593.575350275] [planner_local_apf]: 🛤️ Rail Updated: 7 points.
[planner_local_apf-8] [INFO] [1776380593.620042345] [planner_local_apf]: 🛤️ Rail Updated: 7 points.
[planner_local_apf-8] [INFO] [1776380593.663218786] [planner_local_apf]: 🛤️ Rail Updated: 7 points.
[planner_local_apf-8] [INFO] [1776380593.692613127] [planner_local_apf]: 🛤️ Rail Updated: 7 points.
[planner_local_apf-8] [INFO] [1776380593.733002054] [planner_local_apf]: 🛤️ Rail Updated: 7 points.
[planner_local_apf-8] [INFO] [1776380593.774748118] [planner_local_apf]: 🛤️ Rail Updated: 7 points.
[planner_local_apf-8] [INFO] [1776380593.821287927] [planner_local_apf]: 🛤️ Rail Updated: 7 points.
[planner_local_apf-8] [INFO] [1776380593.871515058] [planner_local_apf]: 🛤️ Rail Updated: 7 points.
[planner_local_apf-8] [INFO] [1776380593.917465355] [planner_local_apf]: 🛤️ Rail Updated: 7 points.
[planner_local_apf-8] [INFO] [1776380593.962879672] [planner_local_apf]: 🛤️ Rail Updated: 7 points.
[planner_local_apf-8] [INFO] [1776380593.992923201] [planner_local_apf]: 🛤️ Rail Updated: 7 points.
[planner_local_apf-8] [INFO] [1776380594.033763316] [planner_local_apf]: 🛤️ Rail Updated: 7 points.
[planner_local_apf-8] [INFO] [1776380594.075617180] [planner_local_apf]: 🛤️ Rail Updated: 7 points.
[planner_local_apf-8] [INFO] [1776380594.123200440] [planner_local_apf]: 🛤️ Rail Updated: 7 points.
[planner_local_apf-8] [INFO] [1776380594.167525107] [planner_local_apf]: 🛤️ Rail Updated: 7 points.
[planner_local_apf-8] [INFO] [1776380594.212318652] [planner_local_apf]: 🛤️ Rail Updated: 7 points.
[planner_global_dstar-7] [INFO] [1776380594.229029251] [planner_global_dstar]: D* status: g[start]=10.2 waypoints=7 reached_goal=True
[planner_local_apf-8] [INFO] [1776380594.240095247] [planner_local_apf]: 🛤️ Rail Updated: 7 points.
[planner_local_apf-8] [INFO] [1776380594.281747718] [planner_local_apf]: 🛤️ Rail Updated: 7 points.
[planner_local_apf-8] [INFO] [1776380594.326740274] [planner_local_apf]: 🛤️ Rail Updated: 7 points.
[planner_local_apf-8] [INFO] [1776380594.368581763] [planner_local_apf]: 🛤️ Rail Updated: 7 points.
[planner_local_apf-8] [INFO] [1776380594.397835761] [planner_local_apf]: 🛤️ Rail Updated: 7 points.
[planner_local_apf-8] [INFO] [1776380594.440665333] [planner_local_apf]: 🛤️ Rail Updated: 7 points.
[planner_local_apf-8] [INFO] [1776380594.479933810] [planner_local_apf]: 🛤️ Rail Updated: 7 points.
[planner_local_apf-8] [INFO] [1776380594.519630466] [planner_local_apf]: 🛤️ Rail Updated: 7 points.
[planner_local_apf-8] [INFO] [1776380594.562170827] [planner_local_apf]: 🛤️ Rail Updated: 7 points.
[planner_local_apf-8] [INFO] [1776380594.592953287] [planner_local_apf]: 🛤️ Rail Updated: 7 points.
[planner_local_apf-8] [INFO] [1776380594.633043104] [planner_local_apf]: 🛤️ Rail Updated: 7 points.
[planner_local_apf-8] [INFO] [1776380594.673407098] [planner_local_apf]: 🛤️ Rail Updated: 7 points.
[planner_local_apf-8] [INFO] [1776380594.718754773] [planner_local_apf]: 🛤️ Rail Updated: 7 points.
[planner_local_apf-8] [INFO] [1776380594.771437215] [planner_local_apf]: 🛤️ Rail Updated: 7 points.
[planner_local_apf-8] [INFO] [1776380594.785179623] [planner_local_apf]: 🛣️ Path Received: 7 waypoints. Engaging motors.
[planner_local_apf-8] [INFO] [1776380594.819014974] [planner_local_apf]: 🛤️ Rail Updated: 7 points.
[planner_local_apf-8] [INFO] [1776380594.866541033] [planner_local_apf]: 🛤️ Rail Updated: 7 points.
[planner_local_apf-8] [INFO] [1776380594.918538995] [planner_local_apf]: 🛤️ Rail Updated: 7 points.
[planner_local_apf-8] [INFO] [1776380594.961851745] [planner_local_apf]: 🛤️ Rail Updated: 7 points.
[planner_local_apf-8] [INFO] [1776380594.989754841] [planner_local_apf]: 🛤️ Rail Updated: 7 points.
[planner_local_apf-8] [INFO] [1776380595.032319677] [planner_local_apf]: 🛤️ Rail Updated: 7 points.
[planner_local_apf-8] [INFO] [1776380595.075362651] [planner_local_apf]: 🛤️ Rail Updated: 7 points.
[planner_local_apf-8] [INFO] [1776380595.114543311] [planner_local_apf]: 🛤️ Rail Updated: 7 points.
[planner_local_apf-8] [INFO] [1776380595.141722326] [planner_local_apf]: 🛤️ Rail Updated: 7 points.
[planner_local_apf-8] [INFO] [1776380595.180501849] [planner_local_apf]: 🛤️ Rail Updated: 7 points.
[planner_local_apf-8] [INFO] [1776380595.223561873] [planner_local_apf]: 🛤️ Rail Updated: 7 points.
[planner_local_apf-8] [INFO] [1776380595.262892409] [planner_local_apf]: 🛤️ Rail Updated: 7 points.
[planner_local_apf-8] [INFO] [1776380595.292134307] [planner_local_apf]: 🛤️ Rail Updated: 7 points.
[planner_local_apf-8] [INFO] [1776380595.332254649] [planner_local_apf]: 🛤️ Rail Updated: 7 points.
[planner_local_apf-8] [INFO] [1776380595.374722043] [planner_local_apf]: 🛤️ Rail Updated: 7 points.
[planner_local_apf-8] [INFO] [1776380595.418087044] [planner_local_apf]: 🛤️ Rail Updated: 7 points.
[planner_local_apf-8] [INFO] [1776380595.456869134] [planner_local_apf]: 🛤️ Rail Updated: 7 points.
[planner_local_apf-8] [INFO] [1776380595.487023123] [planner_local_apf]: 🛤️ Rail Updated: 7 points.
[planner_local_apf-8] [INFO] [1776380595.530264373] [planner_local_apf]: 🛤️ Rail Updated: 7 points.
[planner_local_apf-8] [INFO] [1776380595.568113472] [planner_local_apf]: 🛤️ Rail Updated: 7 points.
[planner_local_apf-8] [INFO] [1776380595.598712414] [planner_local_apf]: 🛤️ Rail Updated: 7 points.
[planner_local_apf-8] [INFO] [1776380595.639080442] [planner_local_apf]: 🛤️ Rail Updated: 7 points.
[planner_local_apf-8] [INFO] [1776380595.681804413] [planner_local_apf]: 🛤️ Rail Updated: 7 points.
[planner_local_apf-8] [INFO] [1776380595.726565508] [planner_local_apf]: 🛤️ Rail Updated: 7 points.
[planner_local_apf-8] [INFO] [1776380595.772643589] [planner_local_apf]: 🛤️ Rail Updated: 7 points.
[planner_local_apf-8] [INFO] [1776380595.815826172] [planner_local_apf]: 🛤️ Rail Updated: 7 points.
[planner_local_apf-8] [INFO] [1776380595.856997389] [planner_local_apf]: 🛤️ Rail Updated: 7 points.
[planner_local_apf-8] [INFO] [1776380595.883949161] [planner_local_apf]: 🛤️ Rail Updated: 7 points.
[planner_local_apf-8] [INFO] [1776380595.926218462] [planner_local_apf]: 🛤️ Rail Updated: 7 points.
[planner_local_apf-8] [INFO] [1776380595.962511324] [planner_local_apf]: 🛤️ Rail Updated: 7 points.
[planner_local_apf-8] [INFO] [1776380595.993744696] [planner_local_apf]: 🛤️ Rail Updated: 7 points.
[planner_local_apf-8] [INFO] [1776380596.030302751] [planner_local_apf]: 🛤️ Rail Updated: 7 points.
[planner_local_apf-8] [INFO] [1776380596.068613671] [planner_local_apf]: 🛤️ Rail Updated: 7 points.
[planner_local_apf-8] [INFO] [1776380596.112065848] [planner_local_apf]: 🛤️ Rail Updated: 7 points.
[planner_local_apf-8] [INFO] [1776380596.142886442] [planner_local_apf]: 🛤️ Rail Updated: 7 points.
[planner_local_apf-8] [INFO] [1776380596.184788431] [planner_local_apf]: 🛤️ Rail Updated: 7 points.
[planner_global_dstar-7] [INFO] [1776380596.233789327] [planner_global_dstar]: D* status: g[start]=10.2 waypoints=7 reached_goal=True
[planner_local_apf-8] [INFO] [1776380596.237502131] [planner_local_apf]: 🛤️ Rail Updated: 7 points.
[planner_local_apf-8] [INFO] [1776380596.287421993] [planner_local_apf]: 🛤️ Rail Updated: 7 points.
[planner_local_apf-8] [INFO] [1776380596.346022756] [planner_local_apf]: 🛤️ Rail Updated: 7 points.
[planner_local_apf-8] [INFO] [1776380596.394160328] [planner_local_apf]: 🛤️ Rail Updated: 7 points.
[planner_local_apf-8] [INFO] [1776380596.448559883] [planner_local_apf]: 🛤️ Rail Updated: 7 points.
[planner_local_apf-8] [INFO] [1776380596.489694800] [planner_local_apf]: 🛤️ Rail Updated: 7 points.
[planner_local_apf-8] [INFO] [1776380596.531540964] [planner_local_apf]: 🛤️ Rail Updated: 7 points.
[planner_local_apf-8] [INFO] [1776380596.576191509] [planner_local_apf]: 🛤️ Rail Updated: 7 points.
[planner_local_apf-8] [INFO] [1776380596.623852411] [planner_local_apf]: 🛤️ Rail Updated: 7 points.
[planner_local_apf-8] [INFO] [1776380596.666888785] [planner_local_apf]: 🛤️ Rail Updated: 7 points.
[planner_local_apf-8] [INFO] [1776380596.709600931] [planner_local_apf]: 🛤️ Rail Updated: 7 points.
[planner_local_apf-8] [INFO] [1776380596.739373399] [planner_local_apf]: 🛤️ Rail Updated: 7 points.
[planner_local_apf-8] [INFO] [1776380596.774498419] [planner_local_apf]: 🛤️ Rail Updated: 7 points.
[planner_local_apf-8] [INFO] [1776380596.787869849] [planner_local_apf]: 🛣️ Path Received: 7 waypoints. Engaging motors.
[planner_local_apf-8] [INFO] [1776380596.816944638] [planner_local_apf]: 🛤️ Rail Updated: 7 points.
[planner_local_apf-8] [INFO] [1776380596.858574375] [planner_local_apf]: 🛤️ Rail Updated: 7 points.
[planner_local_apf-8] [INFO] [1776380596.888227310] [planner_local_apf]: 🛤️ Rail Updated: 7 points.
[planner_local_apf-8] [INFO] [1776380596.935563892] [planner_local_apf]: 🛤️ Rail Updated: 7 points.
[planner_local_apf-8] [INFO] [1776380596.972466892] [planner_local_apf]: 🛤️ Rail Updated: 7 points.
[planner_local_apf-8] [INFO] [1776380597.013316815] [planner_local_apf]: 🛤️ Rail Updated: 7 points.
[planner_local_apf-8] [INFO] [1776380597.043197360] [planner_local_apf]: 🛤️ Rail Updated: 7 points.
[planner_local_apf-8] [INFO] [1776380597.111241056] [planner_local_apf]: 🛤️ Rail Updated: 7 points.
[planner_local_apf-8] [INFO] [1776380597.159888849] [planner_local_apf]: 🛤️ Rail Updated: 7 points.
[planner_local_apf-8] [INFO] [1776380597.211389148] [planner_local_apf]: 🛤️ Rail Updated: 7 points.
[planner_local_apf-8] [INFO] [1776380597.259787789] [planner_local_apf]: 🛤️ Rail Updated: 7 points.
[planner_local_apf-8] [INFO] [1776380597.307773193] [planner_local_apf]: 🛤️ Rail Updated: 7 points.
[planner_local_apf-8] [INFO] [1776380597.353926625] [planner_local_apf]: 🛤️ Rail Updated: 7 points.
[planner_local_apf-8] [INFO] [1776380597.413432054] [planner_local_apf]: 🛤️ Rail Updated: 7 points.
[planner_local_apf-8] [INFO] [1776380597.455898990] [planner_local_apf]: 🛤️ Rail Updated: 7 points.
[planner_local_apf-8] [INFO] [1776380597.506840759] [planner_local_apf]: 🛤️ Rail Updated: 7 points.
[planner_local_apf-8] [INFO] [1776380597.550524946] [planner_local_apf]: 🛤️ Rail Updated: 7 points.
[planner_local_apf-8] [INFO] [1776380597.591981524] [planner_local_apf]: 🛤️ Rail Updated: 7 points.
[planner_local_apf-8] [INFO] [1776380597.632562586] [planner_local_apf]: 🛤️ Rail Updated: 7 points.
[planner_local_apf-8] [INFO] [1776380597.675006880] [planner_local_apf]: 🛤️ Rail Updated: 7 points.
[planner_local_apf-8] [INFO] [1776380597.716517817] [planner_local_apf]: 🛤️ Rail Updated: 7 points.
[planner_local_apf-8] [INFO] [1776380597.759781709] [planner_local_apf]: 🛤️ Rail Updated: 7 points.
[planner_local_apf-8] [INFO] [1776380597.785600655] [planner_local_apf]: 🛤️ Rail Updated: 7 points.
[planner_local_apf-8] [INFO] [1776380597.832776819] [planner_local_apf]: 🛤️ Rail Updated: 7 points.
[planner_local_apf-8] [INFO] [1776380597.871841520] [planner_local_apf]: 🛤️ Rail Updated: 7 points.
[planner_local_apf-8] [INFO] [1776380597.917129245] [planner_local_apf]: 🛤️ Rail Updated: 7 points.
[planner_local_apf-8] [INFO] [1776380597.961177718] [planner_local_apf]: 🛤️ Rail Updated: 7 points.
[planner_local_apf-8] [INFO] [1776380597.991995470] [planner_local_apf]: 🛤️ Rail Updated: 7 points.
[planner_local_apf-8] [INFO] [1776380598.034935226] [planner_local_apf]: 🛤️ Rail Updated: 7 points.
[planner_local_apf-8] [INFO] [1776380598.073482006] [planner_local_apf]: 🛤️ Rail Updated: 7 points.
[planner_local_apf-8] [INFO] [1776380598.114998167] [planner_local_apf]: 🛤️ Rail Updated: 7 points.
[planner_local_apf-8] [INFO] [1776380598.143403875] [planner_local_apf]: 🛤️ Rail Updated: 7 points.
[planner_local_apf-8] [INFO] [1776380598.180089165] [planner_local_apf]: 🛤️ Rail Updated: 7 points.
[planner_local_apf-8] [INFO] [1776380598.217394219] [planner_local_apf]: 🛤️ Rail Updated: 7 points.
[planner_local_apf-8] [INFO] [1776380598.259647111] [planner_local_apf]: 🛤️ Rail Updated: 7 points.
[planner_local_apf-8] [INFO] [1776380598.297544886] [planner_local_apf]: 🛤️ Rail Updated: 7 points.
[planner_local_apf-8] [INFO] [1776380598.338093865] [planner_local_apf]: 🛤️ Rail Updated: 7 points.
[planner_local_apf-8] [INFO] [1776380598.384875860] [planner_local_apf]: 🛤️ Rail Updated: 7 points.
[planner_global_dstar-7] [INFO] [1776380598.436378358] [planner_global_dstar]: D* status: g[start]=10.2 waypoints=7 reached_goal=True
[planner_local_apf-8] [INFO] [1776380598.436616694] [planner_local_apf]: 🛤️ Rail Updated: 7 points.
[planner_local_apf-8] [INFO] [1776380598.476985363] [planner_local_apf]: 🛤️ Rail Updated: 7 points.
[planner_local_apf-8] [INFO] [1776380598.518038787] [planner_local_apf]: 🛤️ Rail Updated: 7 points.
[planner_local_apf-8] [INFO] [1776380598.562216512] [planner_local_apf]: 🛤️ Rail Updated: 7 points.
[planner_local_apf-8] [INFO] [1776380598.588370135] [planner_local_apf]: 🛤️ Rail Updated: 7 points.
[planner_local_apf-8] [INFO] [1776380598.629509360] [planner_local_apf]: 🛤️ Rail Updated: 7 points.
[planner_local_apf-8] [INFO] [1776380598.670937888] [planner_local_apf]: 🛤️ Rail Updated: 7 points.
[planner_local_apf-8] [INFO] [1776380598.713268056] [planner_local_apf]: 🛤️ Rail Updated: 7 points.
[planner_local_apf-8] [INFO] [1776380598.743077375] [planner_local_apf]: 🛤️ Rail Updated: 7 points.
[planner_local_apf-8] [INFO] [1776380598.788139965] [planner_local_apf]: 🛤️ Rail Updated: 7 points.
[planner_local_apf-8] [INFO] [1776380598.803421102] [planner_local_apf]: 🛣️ Path Received: 7 waypoints. Engaging motors.
[planner_local_apf-8] [INFO] [1776380598.831089713] [planner_local_apf]: 🛤️ Rail Updated: 7 points.
[planner_local_apf-8] [INFO] [1776380598.875633373] [planner_local_apf]: 🛤️ Rail Updated: 7 points.
[planner_local_apf-8] [INFO] [1776380598.917311053] [planner_local_apf]: 🛤️ Rail Updated: 7 points.
[planner_local_apf-8] [INFO] [1776380598.959360352] [planner_local_apf]: 🛤️ Rail Updated: 7 points.
[planner_local_apf-8] [INFO] [1776380598.989537807] [planner_local_apf]: 🛤️ Rail Updated: 7 points.
[planner_local_apf-8] [INFO] [1776380599.033326770] [planner_local_apf]: 🛤️ Rail Updated: 7 points.
[planner_local_apf-8] [INFO] [1776380599.069748974] [planner_local_apf]: 🛤️ Rail Updated: 7 points.
[planner_local_apf-8] [INFO] [1776380599.107754917] [planner_local_apf]: 🛤️ Rail Updated: 7 points.
[planner_local_apf-8] [INFO] [1776380599.141405283] [planner_local_apf]: 🛤️ Rail Updated: 7 points.
[planner_local_apf-8] [INFO] [1776380599.183656983] [planner_local_apf]: 🛤️ Rail Updated: 7 points.
[planner_local_apf-8] [INFO] [1776380599.224517357] [planner_local_apf]: 🛤️ Rail Updated: 7 points.
[planner_local_apf-8] [INFO] [1776380599.271408069] [planner_local_apf]: 🛤️ Rail Updated: 7 points.
[planner_local_apf-8] [INFO] [1776380599.313582769] [planner_local_apf]: 🛤️ Rail Updated: 7 points.
[planner_local_apf-8] [INFO] [1776380599.341827051] [planner_local_apf]: 🛤️ Rail Updated: 7 points.
[planner_local_apf-8] [INFO] [1776380599.382480347] [planner_local_apf]: 🛤️ Rail Updated: 7 points.
[planner_local_apf-8] [INFO] [1776380599.427351169] [planner_local_apf]: 🛤️ Rail Updated: 7 points.
[planner_local_apf-8] [INFO] [1776380599.474876036] [planner_local_apf]: 🛤️ Rail Updated: 7 points.
[planner_local_apf-8] [INFO] [1776380599.512589559] [planner_local_apf]: 🛤️ Rail Updated: 7 points.
[planner_local_apf-8] [INFO] [1776380599.540079510] [planner_local_apf]: 🛤️ Rail Updated: 7 points.
[planner_local_apf-8] [INFO] [1776380599.577627115] [planner_local_apf]: 🛤️ Rail Updated: 7 points.
[planner_local_apf-8] [INFO] [1776380599.616935009] [planner_local_apf]: 🛤️ Rail Updated: 7 points.
[planner_local_apf-8] [INFO] [1776380599.660728005] [planner_local_apf]: 🛤️ Rail Updated: 7 points.
[planner_local_apf-8] [INFO] [1776380599.694012252] [planner_local_apf]: 🛤️ Rail Updated: 7 points.
[planner_local_apf-8] [INFO] [1776380599.736634747] [planner_local_apf]: 🛤️ Rail Updated: 7 points.
[planner_local_apf-8] [INFO] [1776380599.778921832] [planner_local_apf]: 🛤️ Rail Updated: 7 points.
[planner_local_apf-8] [INFO] [1776380599.821523793] [planner_local_apf]: 🛤️ Rail Updated: 7 points.
[planner_local_apf-8] [INFO] [1776380599.861321833] [planner_local_apf]: 🛤️ Rail Updated: 7 points.
[planner_local_apf-8] [INFO] [1776380599.891019043] [planner_local_apf]: 🛤️ Rail Updated: 7 points.
[planner_local_apf-8] [INFO] [1776380599.936684346] [planner_local_apf]: 🛤️ Rail Updated: 7 points.
[planner_local_apf-8] [INFO] [1776380599.977863721] [planner_local_apf]: 🛤️ Rail Updated: 7 points.
[planner_local_apf-8] [INFO] [1776380600.015551944] [planner_local_apf]: 🛤️ Rail Updated: 7 points.
[planner_local_apf-8] [INFO] [1776380600.057841229] [planner_local_apf]: 🛤️ Rail Updated: 7 points.
[planner_local_apf-8] [INFO] [1776380600.088977341] [planner_local_apf]: 🛤️ Rail Updated: 7 points.
[planner_local_apf-8] [INFO] [1776380600.130779322] [planner_local_apf]: 🛤️ Rail Updated: 7 points.
[planner_local_apf-8] [INFO] [1776380600.168152667] [planner_local_apf]: 🛤️ Rail Updated: 7 points.
[planner_local_apf-8] [INFO] [1776380600.212828512] [planner_local_apf]: 🛤️ Rail Updated: 7 points.
[planner_local_apf-8] [INFO] [1776380600.247932357] [planner_local_apf]: 🛤️ Rail Updated: 7 points.
[planner_local_apf-8] [INFO] [1776380600.291756886] [planner_local_apf]: 🛤️ Rail Updated: 7 points.
[planner_local_apf-8] [INFO] [1776380600.331417975] [planner_local_apf]: 🛤️ Rail Updated: 7 points.
[planner_local_apf-8] [INFO] [1776380600.372471675] [planner_local_apf]: 🛤️ Rail Updated: 7 points.
[planner_local_apf-8] [INFO] [1776380600.416815042] [planner_local_apf]: 🛤️ Rail Updated: 7 points.
[planner_local_apf-8] [INFO] [1776380600.458343212] [planner_local_apf]: 🛤️ Rail Updated: 7 points.
[planner_local_apf-8] [INFO] [1776380600.487474559] [planner_local_apf]: 🛤️ Rail Updated: 7 points.
[planner_local_apf-8] [INFO] [1776380600.524691703] [planner_local_apf]: 🛤️ Rail Updated: 7 points.
[planner_local_apf-8] [INFO] [1776380600.567195764] [planner_local_apf]: 🛤️ Rail Updated: 7 points.
[planner_local_apf-8] [INFO] [1776380600.619035141] [planner_local_apf]: 🛤️ Rail Updated: 7 points.
[planner_global_dstar-7] [INFO] [1776380603.566911469] [planner_global_dstar]: D* status: g[start]=10.2 waypoints=7 reached_goal=True
[planner_local_apf-8] [INFO] [1776380603.570028527] [planner_local_apf]: 🛣️ Path Received: 7 waypoints. Engaging motors.
[planner_local_apf-8] [INFO] [1776380603.597985981] [planner_local_apf]: 🛤️ Rail Updated: 7 points.
[planner_local_apf-8] [INFO] [1776380603.643885769] [planner_local_apf]: 🛤️ Rail Updated: 7 points.
[planner_local_apf-8] [INFO] [1776380603.693026366] [planner_local_apf]: 🛤️ Rail Updated: 7 points.
[planner_local_apf-8] [INFO] [1776380603.740234064] [planner_local_apf]: 🛤️ Rail Updated: 7 points.
[planner_local_apf-8] [INFO] [1776380603.783958127] [planner_local_apf]: 🛤️ Rail Updated: 7 points.
[planner_local_apf-8] [INFO] [1776380603.843199645] [planner_local_apf]: 🛤️ Rail Updated: 7 points.
[planner_local_apf-8] [INFO] [1776380603.896469858] [planner_local_apf]: 🛤️ Rail Updated: 7 points.
[planner_local_apf-8] [INFO] [1776380603.941406221] [planner_local_apf]: 🛤️ Rail Updated: 7 points.
[planner_local_apf-8] [INFO] [1776380603.989090132] [planner_local_apf]: 🛤️ Rail Updated: 7 points.
[planner_local_apf-8] [INFO] [1776380604.040578514] [planner_local_apf]: 🛤️ Rail Updated: 7 points.
[planner_local_apf-8] [INFO] [1776380604.093522024] [planner_local_apf]: 🛤️ Rail Updated: 7 points.
[planner_local_apf-8] [INFO] [1776380604.137121969] [planner_local_apf]: 🛤️ Rail Updated: 7 points.
[planner_local_apf-8] [INFO] [1776380604.182177683] [planner_local_apf]: 🛤️ Rail Updated: 7 points.
[planner_local_apf-8] [INFO] [1776380604.224402801] [planner_local_apf]: 🛤️ Rail Updated: 7 points.
[planner_local_apf-8] [INFO] [1776380604.264807495] [planner_local_apf]: 🛤️ Rail Updated: 7 points.
[planner_local_apf-8] [INFO] [1776380604.293251428] [planner_local_apf]: 🛤️ Rail Updated: 7 points.
[planner_local_apf-8] [INFO] [1776380604.336596813] [planner_local_apf]: 🛤️ Rail Updated: 7 points.
[planner_local_apf-8] [INFO] [1776380604.372456730] [planner_local_apf]: 🛤️ Rail Updated: 7 points.
[planner_local_apf-8] [INFO] [1776380604.413699997] [planner_local_apf]: 🛤️ Rail Updated: 7 points.
[planner_local_apf-8] [INFO] [1776380604.443080771] [planner_local_apf]: 🛤️ Rail Updated: 7 points.
[planner_local_apf-8] [INFO] [1776380604.481735902] [planner_local_apf]: 🛤️ Rail Updated: 7 points.
[planner_local_apf-8] [INFO] [1776380604.547890792] [planner_local_apf]: 🛤️ Rail Updated: 7 points.
[planner_local_apf-8] [INFO] [1776380604.603248363] [planner_local_apf]: 🛤️ Rail Updated: 7 points.
[planner_local_apf-8] [INFO] [1776380604.653296100] [planner_local_apf]: 🛤️ Rail Updated: 7 points.
[planner_local_apf-8] [INFO] [1776380604.703084969] [planner_local_apf]: 🛤️ Rail Updated: 7 points.
[planner_local_apf-8] [INFO] [1776380604.742127211] [planner_local_apf]: 🛤️ Rail Updated: 7 points.
[planner_local_apf-8] [INFO] [1776380604.782552989] [planner_local_apf]: 🛤️ Rail Updated: 7 points.
[planner_local_apf-8] [INFO] [1776380604.831834387] [planner_local_apf]: 🛤️ Rail Updated: 7 points.
[planner_local_apf-8] [INFO] [1776380604.871075730] [planner_local_apf]: 🛤️ Rail Updated: 7 points.
[planner_local_apf-8] [INFO] [1776380604.910377024] [planner_local_apf]: 🛤️ Rail Updated: 7 points.
[planner_local_apf-8] [INFO] [1776380604.941169201] [planner_local_apf]: 🛤️ Rail Updated: 7 points.
[planner_local_apf-8] [INFO] [1776380604.986744303] [planner_local_apf]: 🛤️ Rail Updated: 7 points.
[planner_local_apf-8] [INFO] [1776380605.031718434] [planner_local_apf]: 🛤️ Rail Updated: 7 points.
[planner_local_apf-8] [INFO] [1776380605.070549841] [planner_local_apf]: 🛤️ Rail Updated: 7 points.
[planner_local_apf-8] [INFO] [1776380605.122196441] [planner_local_apf]: 🛤️ Rail Updated: 7 points.
[planner_local_apf-8] [INFO] [1776380605.173022893] [planner_local_apf]: 🛤️ Rail Updated: 7 points.
[planner_local_apf-8] [INFO] [1776380605.215383219] [planner_local_apf]: 🛤️ Rail Updated: 7 points.
[planner_local_apf-8] [INFO] [1776380605.246021211] [planner_local_apf]: 🛤️ Rail Updated: 7 points.
[planner_local_apf-8] [INFO] [1776380605.290752240] [planner_local_apf]: 🛤️ Rail Updated: 7 points.
[planner_local_apf-8] [INFO] [1776380605.328385463] [planner_local_apf]: 🛤️ Rail Updated: 7 points.
[planner_local_apf-8] [INFO] [1776380605.363719484] [planner_local_apf]: 🛤️ Rail Updated: 7 points.
[planner_local_apf-8] [INFO] [1776380605.398208056] [planner_local_apf]: 🛤️ Rail Updated: 7 points.
[planner_local_apf-8] [INFO] [1776380605.493311967] [planner_local_apf]: 🛤️ Rail Updated: 7 points.
[planner_local_apf-8] [INFO] [1776380605.572117781] [planner_local_apf]: 🛤️ Rail Updated: 7 points.
[planner_local_apf-8] [INFO] [1776380605.597893002] [planner_local_apf]: 🛣️ Path Received: 7 waypoints. Engaging motors.
[planner_global_dstar-7] [INFO] [1776380605.645745122] [planner_global_dstar]: D* status: g[start]=10.2 waypoints=7 reached_goal=True
[planner_local_apf-8] [INFO] [1776380605.649298333] [planner_local_apf]: 🛤️ Rail Updated: 7 points.
[planner_local_apf-8] [INFO] [1776380605.692030646] [planner_local_apf]: 🛤️ Rail Updated: 7 points.
[planner_local_apf-8] [INFO] [1776380605.733053271] [planner_local_apf]: 🛤️ Rail Updated: 7 points.
[planner_local_apf-8] [INFO] [1776380605.771498483] [planner_local_apf]: 🛤️ Rail Updated: 7 points.
[planner_local_apf-8] [INFO] [1776380605.809193306] [planner_local_apf]: 🛤️ Rail Updated: 7 points.
[planner_local_apf-8] [INFO] [1776380605.841986857] [planner_local_apf]: 🛤️ Rail Updated: 7 points.
[planner_local_apf-8] [INFO] [1776380605.878556188] [planner_local_apf]: 🛤️ Rail Updated: 7 points.
[planner_local_apf-8] [INFO] [1776380605.917174835] [planner_local_apf]: 🛤️ Rail Updated: 7 points.
[planner_local_apf-8] [INFO] [1776380605.958852972] [planner_local_apf]: 🛤️ Rail Updated: 7 points.
[planner_local_apf-8] [INFO] [1776380605.990214770] [planner_local_apf]: 🛤️ Rail Updated: 7 points.
[planner_local_apf-8] [INFO] [1776380606.030806925] [planner_local_apf]: 🛤️ Rail Updated: 7 points.
[planner_local_apf-8] [INFO] [1776380606.074348019] [planner_local_apf]: 🛤️ Rail Updated: 7 points.
[planner_local_apf-8] [INFO] [1776380606.119317658] [planner_local_apf]: 🛤️ Rail Updated: 7 points.
[planner_local_apf-8] [INFO] [1776380606.162150713] [planner_local_apf]: 🛤️ Rail Updated: 7 points.
[planner_local_apf-8] [INFO] [1776380606.194059765] [planner_local_apf]: 🛤️ Rail Updated: 7 points.
[planner_local_apf-8] [INFO] [1776380606.237068639] [planner_local_apf]: 🛤️ Rail Updated: 7 points.
[planner_local_apf-8] [INFO] [1776380606.288711572] [planner_local_apf]: 🛤️ Rail Updated: 7 points.
[planner_local_apf-8] [INFO] [1776380606.339118737] [planner_local_apf]: 🛤️ Rail Updated: 7 points.
[planner_local_apf-8] [INFO] [1776380606.383745724] [planner_local_apf]: 🛤️ Rail Updated: 7 points.
[planner_local_apf-8] [INFO] [1776380606.429709587] [planner_local_apf]: 🛤️ Rail Updated: 7 points.
[planner_local_apf-8] [INFO] [1776380606.479655299] [planner_local_apf]: 🛤️ Rail Updated: 7 points.
[planner_local_apf-8] [INFO] [1776380606.525088866] [planner_local_apf]: 🛤️ Rail Updated: 7 points.
[planner_local_apf-8] [INFO] [1776380606.575645541] [planner_local_apf]: 🛤️ Rail Updated: 7 points.
[planner_local_apf-8] [INFO] [1776380606.633757350] [planner_local_apf]: 🛤️ Rail Updated: 7 points.
[planner_local_apf-8] [INFO] [1776380606.695327037] [planner_local_apf]: 🛤️ Rail Updated: 7 points.
[planner_local_apf-8] [INFO] [1776380606.741191716] [planner_local_apf]: 🛤️ Rail Updated: 7 points.
[planner_local_apf-8] [INFO] [1776380606.800331851] [planner_local_apf]: 🛤️ Rail Updated: 7 points.
[planner_local_apf-8] [INFO] [1776380606.852333570] [planner_local_apf]: 🛤️ Rail Updated: 7 points.
[planner_local_apf-8] [INFO] [1776380606.897322368] [planner_local_apf]: 🛤️ Rail Updated: 7 points.
[planner_local_apf-8] [INFO] [1776380606.935900681] [planner_local_apf]: 🛤️ Rail Updated: 7 points.
[planner_local_apf-8] [INFO] [1776380606.977223974] [planner_local_apf]: 🛤️ Rail Updated: 7 points.
[planner_local_apf-8] [INFO] [1776380607.026241920] [planner_local_apf]: 🛤️ Rail Updated: 7 points.
[planner_local_apf-8] [INFO] [1776380607.087713890] [planner_local_apf]: 🛤️ Rail Updated: 7 points.
[planner_local_apf-8] [INFO] [1776380607.125929108] [planner_local_apf]: 🛤️ Rail Updated: 7 points.
[planner_local_apf-8] [INFO] [1776380607.162652532] [planner_local_apf]: 🛤️ Rail Updated: 7 points.
[planner_local_apf-8] [INFO] [1776380607.190506769] [planner_local_apf]: 🛤️ Rail Updated: 7 points.
[planner_local_apf-8] [INFO] [1776380607.234581734] [planner_local_apf]: 🛤️ Rail Updated: 7 points.
[planner_local_apf-8] [INFO] [1776380607.276085521] [planner_local_apf]: 🛤️ Rail Updated: 7 points.
[planner_local_apf-8] [INFO] [1776380607.320635323] [planner_local_apf]: 🛤️ Rail Updated: 7 points.
[planner_local_apf-8] [INFO] [1776380607.365506328] [planner_local_apf]: 🛤️ Rail Updated: 7 points.
[planner_local_apf-8] [INFO] [1776380607.409641793] [planner_local_apf]: 🛤️ Rail Updated: 7 points.
[planner_local_apf-8] [INFO] [1776380607.443352843] [planner_local_apf]: 🛤️ Rail Updated: 7 points.
[planner_local_apf-8] [INFO] [1776380607.493728750] [planner_local_apf]: 🛤️ Rail Updated: 7 points.
[planner_local_apf-8] [INFO] [1776380607.533900426] [planner_local_apf]: 🛤️ Rail Updated: 7 points.
[planner_local_apf-8] [INFO] [1776380607.573989143] [planner_local_apf]: 🛤️ Rail Updated: 7 points.
[planner_local_apf-8] [INFO] [1776380607.615497879] [planner_local_apf]: 🛤️ Rail Updated: 7 points.
[planner_local_apf-8] [INFO] [1776380607.628879485] [planner_local_apf]: 🛣️ Path Received: 7 waypoints. Engaging motors.
[planner_local_apf-8] [INFO] [1776380607.646138621] [planner_local_apf]: 🛤️ Rail Updated: 7 points.
[planner_local_apf-8] [INFO] [1776380607.692175177] [planner_local_apf]: 🛤️ Rail Updated: 7 points.
[planner_local_apf-8] [INFO] [1776380607.732662005] [planner_local_apf]: 🛤️ Rail Updated: 7 points.
[planner_local_apf-8] [INFO] [1776380607.775688571] [planner_local_apf]: 🛤️ Rail Updated: 7 points.
[planner_local_apf-8] [INFO] [1776380607.822768760] [planner_local_apf]: 🛤️ Rail Updated: 7 points.
[planner_global_dstar-7] [INFO] [1776380607.828988025] [planner_global_dstar]: D* status: g[start]=10.2 waypoints=7 reached_goal=True
[planner_local_apf-8] [INFO] [1776380607.863735375] [planner_local_apf]: 🛤️ Rail Updated: 7 points.
[planner_local_apf-8] [INFO] [1776380607.894903480] [planner_local_apf]: 🛤️ Rail Updated: 7 points.
[planner_local_apf-8] [INFO] [1776380607.943540089] [planner_local_apf]: 🛤️ Rail Updated: 7 points.
[planner_local_apf-8] [INFO] [1776380607.987067067] [planner_local_apf]: 🛤️ Rail Updated: 7 points.
[planner_local_apf-8] [INFO] [1776380608.028870514] [planner_local_apf]: 🛤️ Rail Updated: 7 points.
[planner_local_apf-8] [INFO] [1776380608.070685603] [planner_local_apf]: 🛤️ Rail Updated: 7 points.
[planner_local_apf-8] [INFO] [1776380608.118095245] [planner_local_apf]: 🛤️ Rail Updated: 7 points.
[planner_local_apf-8] [INFO] [1776380608.164479953] [planner_local_apf]: 🛤️ Rail Updated: 7 points.
[planner_local_apf-8] [INFO] [1776380608.216761991] [planner_local_apf]: 🛤️ Rail Updated: 7 points.
[planner_local_apf-8] [INFO] [1776380608.265289975] [planner_local_apf]: 🛤️ Rail Updated: 7 points.
[planner_local_apf-8] [INFO] [1776380608.313879834] [planner_local_apf]: 🛤️ Rail Updated: 7 points.
[planner_local_apf-8] [INFO] [1776380608.344317900] [planner_local_apf]: 🛤️ Rail Updated: 7 points.
[planner_local_apf-8] [INFO] [1776380608.388271222] [planner_local_apf]: 🛤️ Rail Updated: 7 points.
[planner_local_apf-8] [INFO] [1776380608.448786184] [planner_local_apf]: 🛤️ Rail Updated: 7 points.
[planner_local_apf-8] [INFO] [1776380608.493219752] [planner_local_apf]: 🛤️ Rail Updated: 7 points.
[planner_local_apf-8] [INFO] [1776380608.541005597] [planner_local_apf]: 🛤️ Rail Updated: 7 points.
[planner_local_apf-8] [INFO] [1776380608.592649722] [planner_local_apf]: 🛤️ Rail Updated: 7 points.
[planner_local_apf-8] [INFO] [1776380608.644113537] [planner_local_apf]: 🛤️ Rail Updated: 7 points.
[planner_local_apf-8] [INFO] [1776380608.697845295] [planner_local_apf]: 🛤️ Rail Updated: 7 points.
[planner_local_apf-8] [INFO] [1776380608.745305812] [planner_local_apf]: 🛤️ Rail Updated: 7 points.
[planner_local_apf-8] [INFO] [1776380608.790871014] [planner_local_apf]: 🛤️ Rail Updated: 7 points.
[planner_local_apf-8] [INFO] [1776380608.847028016] [planner_local_apf]: 🛤️ Rail Updated: 7 points.
[planner_local_apf-8] [INFO] [1776380608.897116454] [planner_local_apf]: 🛤️ Rail Updated: 7 points.
[planner_local_apf-8] [INFO] [1776380608.949181699] [planner_local_apf]: 🛤️ Rail Updated: 7 points.
[planner_local_apf-8] [INFO] [1776380608.992791177] [planner_local_apf]: 🛤️ Rail Updated: 7 points.
[planner_local_apf-8] [INFO] [1776380609.043533203] [planner_local_apf]: 🛤️ Rail Updated: 7 points.
[planner_local_apf-8] [INFO] [1776380609.099121043] [planner_local_apf]: 🛤️ Rail Updated: 7 points.
[planner_local_apf-8] [INFO] [1776380609.150072162] [planner_local_apf]: 🛤️ Rail Updated: 7 points.
[planner_local_apf-8] [INFO] [1776380609.185313508] [planner_local_apf]: 🛤️ Rail Updated: 7 points.
[planner_local_apf-8] [INFO] [1776380609.234876049] [planner_local_apf]: 🛤️ Rail Updated: 7 points.
[planner_local_apf-8] [INFO] [1776380609.276768597] [planner_local_apf]: 🛤️ Rail Updated: 7 points.
[planner_local_apf-8] [INFO] [1776380609.318250384] [planner_local_apf]: 🛤️ Rail Updated: 7 points.
[planner_local_apf-8] [INFO] [1776380609.364898361] [planner_local_apf]: 🛤️ Rail Updated: 7 points.
[planner_local_apf-8] [INFO] [1776380609.393801181] [planner_local_apf]: 🛤️ Rail Updated: 7 points.
[planner_local_apf-8] [INFO] [1776380609.437244833] [planner_local_apf]: 🛤️ Rail Updated: 7 points.
[planner_local_apf-8] [INFO] [1776380609.473109516] [planner_local_apf]: 🛤️ Rail Updated: 7 points.
[planner_local_apf-8] [INFO] [1776380609.515067056] [planner_local_apf]: 🛤️ Rail Updated: 7 points.
[planner_local_apf-8] [INFO] [1776380609.542628049] [planner_local_apf]: 🛤️ Rail Updated: 7 points.
[planner_local_apf-8] [INFO] [1776380609.579866919] [planner_local_apf]: 🛤️ Rail Updated: 7 points.
[planner_local_apf-8] [INFO] [1776380609.621195987] [planner_local_apf]: 🛤️ Rail Updated: 7 points.
[planner_local_apf-8] [INFO] [1776380609.637233472] [planner_local_apf]: 🛣️ Path Received: 7 waypoints. Engaging motors.
[planner_local_apf-8] [INFO] [1776380609.668799597] [planner_local_apf]: 🛤️ Rail Updated: 7 points.
[planner_local_apf-8] [INFO] [1776380609.714209973] [planner_local_apf]: 🛤️ Rail Updated: 7 points.
[planner_local_apf-8] [INFO] [1776380609.759268712] [planner_local_apf]: 🛤️ Rail Updated: 7 points.
[planner_local_apf-8] [INFO] [1776380609.790462851] [planner_local_apf]: 🛤️ Rail Updated: 7 points.
[planner_local_apf-8] [INFO] [1776380609.839468971] [planner_local_apf]: 🛤️ Rail Updated: 7 points.
[planner_local_apf-8] [INFO] [1776380609.888782545] [planner_local_apf]: 🛤️ Rail Updated: 7 points.
[planner_local_apf-8] [INFO] [1776380609.929638701] [planner_local_apf]: 🛤️ Rail Updated: 7 points.
[planner_local_apf-8] [INFO] [1776380609.966125348] [planner_local_apf]: 🛤️ Rail Updated: 7 points.
[planner_local_apf-8] [INFO] [1776380610.015285653] [planner_local_apf]: 🛤️ Rail Updated: 7 points.
[planner_global_dstar-7] [INFO] [1776380610.029998636] [planner_global_dstar]: D* status: g[start]=10.2 waypoints=7 reached_goal=True
[planner_local_apf-8] [INFO] [1776380610.045262448] [planner_local_apf]: 🛤️ Rail Updated: 7 points.
[planner_local_apf-8] [INFO] [1776380610.086781635] [planner_local_apf]: 🛤️ Rail Updated: 7 points.
[planner_local_apf-8] [INFO] [1776380610.126336756] [planner_local_apf]: 🛤️ Rail Updated: 7 points.
[planner_local_apf-8] [INFO] [1776380610.167650424] [planner_local_apf]: 🛤️ Rail Updated: 7 points.
[planner_local_apf-8] [INFO] [1776380610.196355701] [planner_local_apf]: 🛤️ Rail Updated: 7 points.
[planner_local_apf-8] [INFO] [1776380610.244337714] [planner_local_apf]: 🛤️ Rail Updated: 7 points.
[planner_local_apf-8] [INFO] [1776380610.289855432] [planner_local_apf]: 🛤️ Rail Updated: 7 points.
[planner_local_apf-8] [INFO] [1776380610.331000524] [planner_local_apf]: 🛤️ Rail Updated: 7 points.
[planner_local_apf-8] [INFO] [1776380610.372240400] [planner_local_apf]: 🛤️ Rail Updated: 7 points.
[planner_local_apf-8] [INFO] [1776380610.412440493] [planner_local_apf]: 🛤️ Rail Updated: 7 points.
[planner_local_apf-8] [INFO] [1776380610.443262004] [planner_local_apf]: 🛤️ Rail Updated: 7 points.
[planner_local_apf-8] [INFO] [1776380610.485435329] [planner_local_apf]: 🛤️ Rail Updated: 7 points.
[planner_local_apf-8] [INFO] [1776380610.523964967] [planner_local_apf]: 🛤️ Rail Updated: 7 points.
[planner_local_apf-8] [INFO] [1776380610.568388268] [planner_local_apf]: 🛤️ Rail Updated: 7 points.
[planner_local_apf-8] [INFO] [1776380610.612791586] [planner_local_apf]: 🛤️ Rail Updated: 7 points.
[planner_local_apf-8] [INFO] [1776380610.641325995] [planner_local_apf]: 🛤️ Rail Updated: 7 points.
[planner_local_apf-8] [INFO] [1776380610.682577971] [planner_local_apf]: 🛤️ Rail Updated: 7 points.
[planner_local_apf-8] [INFO] [1776380610.729540367] [planner_local_apf]: 🛤️ Rail Updated: 7 points.
[planner_local_apf-8] [INFO] [1776380610.766757420] [planner_local_apf]: 🛤️ Rail Updated: 7 points.
[planner_local_apf-8] [INFO] [1776380610.794826433] [planner_local_apf]: 🛤️ Rail Updated: 7 points.
[planner_local_apf-8] [INFO] [1776380610.841941639] [planner_local_apf]: 🛤️ Rail Updated: 7 points.
[planner_local_apf-8] [INFO] [1776380610.877712822] [planner_local_apf]: 🛤️ Rail Updated: 7 points.
[planner_local_apf-8] [INFO] [1776380610.916633421] [planner_local_apf]: 🛤️ Rail Updated: 7 points.
[planner_local_apf-8] [INFO] [1776380610.956132075] [planner_local_apf]: 🛤️ Rail Updated: 7 points.
[planner_local_apf-8] [INFO] [1776380610.982809669] [planner_local_apf]: 🛤️ Rail Updated: 7 points.
[planner_local_apf-8] [INFO] [1776380611.025523832] [planner_local_apf]: 🛤️ Rail Updated: 7 points.
[planner_local_apf-8] [INFO] [1776380611.063556908] [planner_local_apf]: 🛤️ Rail Updated: 7 points.
[planner_local_apf-8] [INFO] [1776380611.104545524] [planner_local_apf]: 🛤️ Rail Updated: 7 points.
[planner_local_apf-8] [INFO] [1776380611.134091941] [planner_local_apf]: 🛤️ Rail Updated: 7 points.
[planner_local_apf-8] [INFO] [1776380611.179087705] [planner_local_apf]: 🛤️ Rail Updated: 7 points.
[planner_local_apf-8] [INFO] [1776380611.220466274] [planner_local_apf]: 🛤️ Rail Updated: 7 points.
[planner_local_apf-8] [INFO] [1776380611.256483950] [planner_local_apf]: 🛤️ Rail Updated: 7 points.
[planner_local_apf-8] [INFO] [1776380611.285984442] [planner_local_apf]: 🛤️ Rail Updated: 7 points.
[planner_local_apf-8] [INFO] [1776380611.328930981] [planner_local_apf]: 🛤️ Rail Updated: 7 points.
[planner_local_apf-8] [INFO] [1776380611.374097247] [planner_local_apf]: 🛤️ Rail Updated: 7 points.
[planner_local_apf-8] [INFO] [1776380611.423551988] [planner_local_apf]: 🛤️ Rail Updated: 7 points.
[planner_local_apf-8] [INFO] [1776380611.464328302] [planner_local_apf]: 🛤️ Rail Updated: 7 points.
[planner_local_apf-8] [INFO] [1776380611.520863432] [planner_local_apf]: 🛤️ Rail Updated: 7 points.
[planner_local_apf-8] [INFO] [1776380611.585466759] [planner_local_apf]: 🛤️ Rail Updated: 7 points.
[planner_local_apf-8] [INFO] [1776380611.646996479] [planner_local_apf]: 🛤️ Rail Updated: 7 points.
[planner_local_apf-8] [INFO] [1776380611.666686085] [planner_local_apf]: 🛣️ Path Received: 7 waypoints. Engaging motors.
[planner_local_apf-8] [INFO] [1776380611.706282640] [planner_local_apf]: 🛤️ Rail Updated: 7 points.
[planner_local_apf-8] [INFO] [1776380611.761831704] [planner_local_apf]: 🛤️ Rail Updated: 7 points.
[planner_local_apf-8] [INFO] [1776380611.801968821] [planner_local_apf]: 🛤️ Rail Updated: 7 points.
[planner_local_apf-8] [INFO] [1776380611.847661257] [planner_local_apf]: 🛤️ Rail Updated: 7 points.
[planner_local_apf-8] [INFO] [1776380611.888448113] [planner_local_apf]: 🛤️ Rail Updated: 7 points.
[planner_local_apf-8] [INFO] [1776380611.925631157] [planner_local_apf]: 🛤️ Rail Updated: 7 points.
[planner_local_apf-8] [INFO] [1776380611.963118262] [planner_local_apf]: 🛤️ Rail Updated: 7 points.
[planner_local_apf-8] [INFO] [1776380611.993924097] [planner_local_apf]: 🛤️ Rail Updated: 7 points.
[planner_local_apf-8] [INFO] [1776380612.037299090] [planner_local_apf]: 🛤️ Rail Updated: 7 points.
[planner_local_apf-8] [INFO] [1776380612.075910770] [planner_local_apf]: 🛤️ Rail Updated: 7 points.
[planner_local_apf-8] [INFO] [1776380612.116104447] [planner_local_apf]: 🛤️ Rail Updated: 7 points.
[planner_local_apf-8] [INFO] [1776380612.141119469] [planner_local_apf]: 🛤️ Rail Updated: 7 points.
[planner_local_apf-8] [INFO] [1776380612.184561196] [planner_local_apf]: 🛤️ Rail Updated: 7 points.
[planner_local_apf-8] [INFO] [1776380612.222650372] [planner_local_apf]: 🛤️ Rail Updated: 7 points.
[planner_global_dstar-7] [INFO] [1776380612.227933714] [planner_global_dstar]: D* status: g[start]=10.2 waypoints=7 reached_goal=True
[planner_local_apf-8] [INFO] [1776380612.263422286] [planner_local_apf]: 🛤️ Rail Updated: 7 points.
[planner_local_apf-8] [INFO] [1776380612.290889870] [planner_local_apf]: 🛤️ Rail Updated: 7 points.
[planner_local_apf-8] [INFO] [1776380612.344244692] [planner_local_apf]: 🛤️ Rail Updated: 7 points.
[planner_local_apf-8] [INFO] [1776380612.383236609] [planner_local_apf]: 🛤️ Rail Updated: 7 points.
[planner_local_apf-8] [INFO] [1776380612.425389400] [planner_local_apf]: 🛤️ Rail Updated: 7 points.
[planner_local_apf-8] [INFO] [1776380612.468369765] [planner_local_apf]: 🛤️ Rail Updated: 7 points.
[planner_local_apf-8] [INFO] [1776380612.511957518] [planner_local_apf]: 🛤️ Rail Updated: 7 points.
[planner_local_apf-8] [INFO] [1776380612.541997014] [planner_local_apf]: 🛤️ Rail Updated: 7 points.
[planner_local_apf-8] [INFO] [1776380612.589638116] [planner_local_apf]: 🛤️ Rail Updated: 7 points.
[planner_local_apf-8] [INFO] [1776380612.633700797] [planner_local_apf]: 🛤️ Rail Updated: 7 points.
[planner_local_apf-8] [INFO] [1776380612.681375083] [planner_local_apf]: 🛤️ Rail Updated: 7 points.
[planner_local_apf-8] [INFO] [1776380612.724532732] [planner_local_apf]: 🛤️ Rail Updated: 7 points.
[planner_local_apf-8] [INFO] [1776380612.762525291] [planner_local_apf]: 🛤️ Rail Updated: 7 points.
[planner_local_apf-8] [INFO] [1776380612.793965281] [planner_local_apf]: 🛤️ Rail Updated: 7 points.
[planner_local_apf-8] [INFO] [1776380612.838046663] [planner_local_apf]: 🛤️ Rail Updated: 7 points.
[planner_local_apf-8] [INFO] [1776380612.886440812] [planner_local_apf]: 🛤️ Rail Updated: 7 points.
[planner_local_apf-8] [INFO] [1776380612.924091268] [planner_local_apf]: 🛤️ Rail Updated: 7 points.
[planner_local_apf-8] [INFO] [1776380612.961679849] [planner_local_apf]: 🛤️ Rail Updated: 7 points.
[planner_local_apf-8] [INFO] [1776380612.993573868] [planner_local_apf]: 🛤️ Rail Updated: 7 points.
[planner_local_apf-8] [INFO] [1776380613.031304166] [planner_local_apf]: 🛤️ Rail Updated: 7 points.
[planner_local_apf-8] [INFO] [1776380613.077192037] [planner_local_apf]: 🛤️ Rail Updated: 7 points.
[planner_local_apf-8] [INFO] [1776380613.115175521] [planner_local_apf]: 🛤️ Rail Updated: 7 points.
[planner_local_apf-8] [INFO] [1776380613.144378552] [planner_local_apf]: 🛤️ Rail Updated: 7 points.
[planner_local_apf-8] [INFO] [1776380613.188505126] [planner_local_apf]: 🛤️ Rail Updated: 7 points.
[planner_local_apf-8] [INFO] [1776380613.257713456] [planner_local_apf]: 🛤️ Rail Updated: 7 points.
[planner_local_apf-8] [INFO] [1776380613.349092462] [planner_local_apf]: 🛤️ Rail Updated: 7 points.
[planner_local_apf-8] [INFO] [1776380613.394737323] [planner_local_apf]: 🛤️ Rail Updated: 7 points.
[planner_local_apf-8] [INFO] [1776380613.461771394] [planner_local_apf]: 🛤️ Rail Updated: 7 points.
[planner_local_apf-8] [INFO] [1776380613.515854514] [planner_local_apf]: 🛤️ Rail Updated: 7 points.
[planner_local_apf-8] [INFO] [1776380613.570235827] [planner_local_apf]: 🛤️ Rail Updated: 7 points.
[planner_local_apf-8] [INFO] [1776380613.629824307] [planner_local_apf]: 🛤️ Rail Updated: 7 points.
[planner_local_apf-8] [INFO] [1776380613.695363191] [planner_local_apf]: 🛤️ Rail Updated: 7 points.
[planner_local_apf-8] [INFO] [1776380613.713443209] [planner_local_apf]: 🛣️ Path Received: 7 waypoints. Engaging motors.
[planner_local_apf-8] [INFO] [1776380613.750788963] [planner_local_apf]: 🛤️ Rail Updated: 7 points.
[planner_local_apf-8] [INFO] [1776380613.793706811] [planner_local_apf]: 🛤️ Rail Updated: 7 points.
[planner_local_apf-8] [INFO] [1776380613.834399432] [planner_local_apf]: 🛤️ Rail Updated: 7 points.
[planner_local_apf-8] [INFO] [1776380613.875115796] [planner_local_apf]: 🛤️ Rail Updated: 7 points.
[planner_local_apf-8] [INFO] [1776380613.914518199] [planner_local_apf]: 🛤️ Rail Updated: 7 points.
[planner_local_apf-8] [INFO] [1776380613.941281961] [planner_local_apf]: 🛤️ Rail Updated: 7 points.
[planner_local_apf-8] [INFO] [1776380613.981067167] [planner_local_apf]: 🛤️ Rail Updated: 7 points.
[planner_local_apf-8] [INFO] [1776380614.026143690] [planner_local_apf]: 🛤️ Rail Updated: 7 points.
[planner_local_apf-8] [INFO] [1776380614.065502643] [planner_local_apf]: 🛤️ Rail Updated: 7 points.
[planner_local_apf-8] [INFO] [1776380614.095534439] [planner_local_apf]: 🛤️ Rail Updated: 7 points.
[planner_local_apf-8] [INFO] [1776380614.141607386] [planner_local_apf]: 🛤️ Rail Updated: 7 points.
[planner_local_apf-8] [INFO] [1776380614.190394605] [planner_local_apf]: 🛤️ Rail Updated: 7 points.
[planner_local_apf-8] [INFO] [1776380614.231388171] [planner_local_apf]: 🛤️ Rail Updated: 7 points.
[planner_local_apf-8] [INFO] [1776380614.278240200] [planner_local_apf]: 🛤️ Rail Updated: 7 points.
[planner_local_apf-8] [INFO] [1776380614.318430851] [planner_local_apf]: 🛤️ Rail Updated: 7 points.
[planner_local_apf-8] [INFO] [1776380614.357702170] [planner_local_apf]: 🛤️ Rail Updated: 7 points.
[planner_local_apf-8] [INFO] [1776380614.390311928] [planner_local_apf]: 🛤️ Rail Updated: 7 points.
[planner_global_dstar-7] [INFO] [1776380614.426621748] [planner_global_dstar]: D* status: g[start]=10.2 waypoints=7 reached_goal=True
[planner_local_apf-8] [INFO] [1776380614.434532461] [planner_local_apf]: 🛤️ Rail Updated: 7 points.
[planner_local_apf-8] [INFO] [1776380614.482422714] [planner_local_apf]: 🛤️ Rail Updated: 7 points.
[planner_local_apf-8] [INFO] [1776380614.527871957] [planner_local_apf]: 🛤️ Rail Updated: 7 points.
[planner_local_apf-8] [INFO] [1776380614.575486933] [planner_local_apf]: 🛤️ Rail Updated: 7 points.
[planner_local_apf-8] [INFO] [1776380614.621156544] [planner_local_apf]: 🛤️ Rail Updated: 7 points.
[planner_local_apf-8] [INFO] [1776380614.670149099] [planner_local_apf]: 🛤️ Rail Updated: 7 points.
[planner_local_apf-8] [INFO] [1776380614.709739787] [planner_local_apf]: 🛤️ Rail Updated: 7 points.
[planner_local_apf-8] [INFO] [1776380614.740482555] [planner_local_apf]: 🛤️ Rail Updated: 7 points.
[planner_local_apf-8] [INFO] [1776380614.784452652] [planner_local_apf]: 🛤️ Rail Updated: 7 points.
[planner_local_apf-8] [INFO] [1776380614.821043983] [planner_local_apf]: 🛤️ Rail Updated: 7 points.
[planner_local_apf-8] [INFO] [1776380614.863971273] [planner_local_apf]: 🛤️ Rail Updated: 7 points.
[planner_local_apf-8] [INFO] [1776380614.912238738] [planner_local_apf]: 🛤️ Rail Updated: 7 points.
[planner_local_apf-8] [INFO] [1776380614.942071523] [planner_local_apf]: 🛤️ Rail Updated: 7 points.
[planner_local_apf-8] [INFO] [1776380614.980138791] [planner_local_apf]: 🛤️ Rail Updated: 7 points.
[planner_local_apf-8] [INFO] [1776380615.018867256] [planner_local_apf]: 🛤️ Rail Updated: 7 points.
[planner_local_apf-8] [INFO] [1776380615.061534393] [planner_local_apf]: 🛤️ Rail Updated: 7 points.
[planner_local_apf-8] [INFO] [1776380615.091499547] [planner_local_apf]: 🛤️ Rail Updated: 7 points.
[planner_local_apf-8] [INFO] [1776380615.133980141] [planner_local_apf]: 🛤️ Rail Updated: 7 points.
[planner_local_apf-8] [INFO] [1776380615.174960506] [planner_local_apf]: 🛤️ Rail Updated: 7 points.
[planner_local_apf-8] [INFO] [1776380615.216387292] [planner_local_apf]: 🛤️ Rail Updated: 7 points.
[planner_local_apf-8] [INFO] [1776380615.242783376] [planner_local_apf]: 🛤️ Rail Updated: 7 points.
[planner_local_apf-8] [INFO] [1776380615.288505513] [planner_local_apf]: 🛤️ Rail Updated: 7 points.
[planner_local_apf-8] [INFO] [1776380615.337646934] [planner_local_apf]: 🛤️ Rail Updated: 7 points.
[planner_local_apf-8] [INFO] [1776380615.378268514] [planner_local_apf]: 🛤️ Rail Updated: 7 points.
[planner_local_apf-8] [INFO] [1776380615.427202584] [planner_local_apf]: 🛤️ Rail Updated: 7 points.
[planner_local_apf-8] [INFO] [1776380615.467759538] [planner_local_apf]: 🛤️ Rail Updated: 7 points.
[planner_local_apf-8] [INFO] [1776380615.492847712] [planner_local_apf]: 🛤️ Rail Updated: 7 points.
[planner_local_apf-8] [INFO] [1776380615.531572051] [planner_local_apf]: 🛤️ Rail Updated: 7 points.
[planner_local_apf-8] [INFO] [1776380615.570774803] [planner_local_apf]: 🛤️ Rail Updated: 7 points.
[planner_local_apf-8] [INFO] [1776380615.616032919] [planner_local_apf]: 🛤️ Rail Updated: 7 points.
[planner_local_apf-8] [INFO] [1776380615.645236133] [planner_local_apf]: 🛤️ Rail Updated: 7 points.
[planner_local_apf-8] [INFO] [1776380615.685357667] [planner_local_apf]: 🛤️ Rail Updated: 7 points.
[planner_local_apf-8] [INFO] [1776380615.730101162] [planner_local_apf]: 🛤️ Rail Updated: 7 points.
[planner_local_apf-8] [INFO] [1776380615.740621921] [planner_local_apf]: 🛣️ Path Received: 7 waypoints. Engaging motors.
[planner_local_apf-8] [INFO] [1776380615.770240938] [planner_local_apf]: 🛤️ Rail Updated: 7 points.
[planner_local_apf-8] [INFO] [1776380615.810252379] [planner_local_apf]: 🛤️ Rail Updated: 7 points.
[planner_local_apf-8] [INFO] [1776380615.841265108] [planner_local_apf]: 🛤️ Rail Updated: 7 points.
[planner_local_apf-8] [INFO] [1776380615.890618465] [planner_local_apf]: 🛤️ Rail Updated: 7 points.
[planner_local_apf-8] [INFO] [1776380615.930908392] [planner_local_apf]: 🛤️ Rail Updated: 7 points.
[planner_local_apf-8] [INFO] [1776380615.967818634] [planner_local_apf]: 🛤️ Rail Updated: 7 points.
[planner_local_apf-8] [INFO] [1776380616.010121485] [planner_local_apf]: 🛤️ Rail Updated: 7 points.
[planner_local_apf-8] [INFO] [1776380616.042443499] [planner_local_apf]: 🛤️ Rail Updated: 7 points.
[planner_local_apf-8] [INFO] [1776380616.084523506] [planner_local_apf]: 🛤️ Rail Updated: 7 points.
[planner_local_apf-8] [INFO] [1776380616.125034535] [planner_local_apf]: 🛤️ Rail Updated: 7 points.
[planner_local_apf-8] [INFO] [1776380616.163744116] [planner_local_apf]: 🛤️ Rail Updated: 7 points.
[planner_local_apf-8] [INFO] [1776380616.189440594] [planner_local_apf]: 🛤️ Rail Updated: 7 points.
[planner_local_apf-8] [INFO] [1776380616.234244682] [planner_local_apf]: 🛤️ Rail Updated: 7 points.
[planner_local_apf-8] [INFO] [1776380616.275872403] [planner_local_apf]: 🛤️ Rail Updated: 7 points.
[planner_local_apf-8] [INFO] [1776380616.325341627] [planner_local_apf]: 🛤️ Rail Updated: 7 points.
[planner_local_apf-8] [INFO] [1776380616.364635313] [planner_local_apf]: 🛤️ Rail Updated: 7 points.
[planner_local_apf-8] [INFO] [1776380616.392506966] [planner_local_apf]: 🛤️ Rail Updated: 7 points.
[planner_local_apf-8] [INFO] [1776380616.432312798] [planner_local_apf]: 🛤️ Rail Updated: 7 points.
[planner_local_apf-8] [INFO] [1776380616.472770659] [planner_local_apf]: 🛤️ Rail Updated: 7 points.
[planner_local_apf-8] [INFO] [1776380616.517164352] [planner_local_apf]: 🛤️ Rail Updated: 7 points.
[planner_local_apf-8] [INFO] [1776380616.544525785] [planner_local_apf]: 🛤️ Rail Updated: 7 points.
[planner_local_apf-8] [INFO] [1776380616.582191549] [planner_local_apf]: 🛤️ Rail Updated: 7 points.
[planner_global_dstar-7] [INFO] [1776380616.627086938] [planner_global_dstar]: D* status: g[start]=10.2 waypoints=7 reached_goal=True
[planner_local_apf-8] [INFO] [1776380616.627630800] [planner_local_apf]: 🛤️ Rail Updated: 7 points.
[planner_local_apf-8] [INFO] [1776380616.665105438] [planner_local_apf]: 🛤️ Rail Updated: 7 points.
[planner_local_apf-8] [INFO] [1776380616.707732517] [planner_local_apf]: 🛤️ Rail Updated: 7 points.
[planner_local_apf-8] [INFO] [1776380616.742107239] [planner_local_apf]: 🛤️ Rail Updated: 7 points.
[planner_local_apf-8] [INFO] [1776380616.783186055] [planner_local_apf]: 🛤️ Rail Updated: 7 points.
[planner_local_apf-8] [INFO] [1776380616.827699924] [planner_local_apf]: 🛤️ Rail Updated: 7 points.
[planner_local_apf-8] [INFO] [1776380616.865909551] [planner_local_apf]: 🛤️ Rail Updated: 7 points.
[planner_local_apf-8] [INFO] [1776380616.897947579] [planner_local_apf]: 🛤️ Rail Updated: 7 points.
[planner_local_apf-8] [INFO] [1776380616.938788519] [planner_local_apf]: 🛤️ Rail Updated: 7 points.
[planner_local_apf-8] [INFO] [1776380616.977809769] [planner_local_apf]: 🛤️ Rail Updated: 7 points.
[planner_local_apf-8] [INFO] [1776380617.018548133] [planner_local_apf]: 🛤️ Rail Updated: 7 points.
[planner_local_apf-8] [INFO] [1776380617.060382564] [planner_local_apf]: 🛤️ Rail Updated: 7 points.
[planner_local_apf-8] [INFO] [1776380617.089337726] [planner_local_apf]: 🛤️ Rail Updated: 7 points.
[planner_local_apf-8] [INFO] [1776380617.142908149] [planner_local_apf]: 🛤️ Rail Updated: 7 points.
[planner_local_apf-8] [INFO] [1776380617.202827732] [planner_local_apf]: 🛤️ Rail Updated: 7 points.
[planner_local_apf-8] [INFO] [1776380617.253832110] [planner_local_apf]: 🛤️ Rail Updated: 7 points.
[planner_local_apf-8] [INFO] [1776380617.308630876] [planner_local_apf]: 🛤️ Rail Updated: 7 points.
[planner_local_apf-8] [INFO] [1776380617.354859384] [planner_local_apf]: 🛤️ Rail Updated: 7 points.
[planner_local_apf-8] [INFO] [1776380617.399830672] [planner_local_apf]: 🛤️ Rail Updated: 7 points.
[planner_local_apf-8] [INFO] [1776380617.443895554] [planner_local_apf]: 🛤️ Rail Updated: 7 points.
[planner_local_apf-8] [INFO] [1776380617.480396868] [planner_local_apf]: 🛤️ Rail Updated: 7 points.
[planner_local_apf-8] [INFO] [1776380617.519333051] [planner_local_apf]: 🛤️ Rail Updated: 7 points.
[planner_local_apf-8] [INFO] [1776380617.557745171] [planner_local_apf]: 🛤️ Rail Updated: 7 points.
[planner_local_apf-8] [INFO] [1776380617.585153721] [planner_local_apf]: 🛤️ Rail Updated: 7 points.
[planner_local_apf-8] [INFO] [1776380617.626774842] [planner_local_apf]: 🛤️ Rail Updated: 7 points.
[planner_local_apf-8] [INFO] [1776380617.681724310] [planner_local_apf]: 🛤️ Rail Updated: 7 points.
[planner_local_apf-8] [INFO] [1776380617.724275213] [planner_local_apf]: 🛤️ Rail Updated: 7 points.
[planner_local_apf-8] [INFO] [1776380617.765206628] [planner_local_apf]: 🛤️ Rail Updated: 7 points.
[planner_local_apf-8] [INFO] [1776380617.776702086] [planner_local_apf]: 🛣️ Path Received: 7 waypoints. Engaging motors.
[planner_local_apf-8] [INFO] [1776380617.804446963] [planner_local_apf]: 🛤️ Rail Updated: 7 points.
[planner_local_apf-8] [INFO] [1776380617.835742577] [planner_local_apf]: 🛤️ Rail Updated: 7 points.
[planner_local_apf-8] [INFO] [1776380617.887018474] [planner_local_apf]: 🛤️ Rail Updated: 7 points.
[planner_local_apf-8] [INFO] [1776380617.941303170] [planner_local_apf]: 🛤️ Rail Updated: 7 points.
[planner_local_apf-8] [INFO] [1776380617.987375568] [planner_local_apf]: 🛤️ Rail Updated: 7 points.
[planner_local_apf-8] [INFO] [1776380618.025752488] [planner_local_apf]: 🛤️ Rail Updated: 7 points.
[planner_local_apf-8] [INFO] [1776380618.065008315] [planner_local_apf]: 🛤️ Rail Updated: 7 points.
[planner_local_apf-8] [INFO] [1776380618.095292838] [planner_local_apf]: 🛤️ Rail Updated: 7 points.
[planner_local_apf-8] [INFO] [1776380618.146415925] [planner_local_apf]: 🛤️ Rail Updated: 7 points.
[planner_local_apf-8] [INFO] [1776380618.193735824] [planner_local_apf]: 🛤️ Rail Updated: 7 points.
[planner_local_apf-8] [INFO] [1776380618.234670265] [planner_local_apf]: 🛤️ Rail Updated: 7 points.
[planner_local_apf-8] [INFO] [1776380618.274035543] [planner_local_apf]: 🛤️ Rail Updated: 7 points.
[planner_local_apf-8] [INFO] [1776380618.310539698] [planner_local_apf]: 🛤️ Rail Updated: 7 points.
[planner_local_apf-8] [INFO] [1776380618.337636579] [planner_local_apf]: 🛤️ Rail Updated: 7 points.
[planner_local_apf-8] [INFO] [1776380618.381750228] [planner_local_apf]: 🛤️ Rail Updated: 7 points.
[planner_local_apf-8] [INFO] [1776380618.426444223] [planner_local_apf]: 🛤️ Rail Updated: 7 points.
[planner_local_apf-8] [INFO] [1776380618.466491506] [planner_local_apf]: 🛤️ Rail Updated: 7 points.
[planner_local_apf-8] [INFO] [1776380618.506076052] [planner_local_apf]: 🛤️ Rail Updated: 7 points.
[planner_local_apf-8] [INFO] [1776380618.535800762] [planner_local_apf]: 🛤️ Rail Updated: 7 points.
[planner_local_apf-8] [INFO] [1776380618.576571851] [planner_local_apf]: 🛤️ Rail Updated: 7 points.
[planner_local_apf-8] [INFO] [1776380618.623102311] [planner_local_apf]: 🛤️ Rail Updated: 7 points.
[planner_global_dstar-7] [INFO] [1776380618.630190309] [planner_global_dstar]: D* status: g[start]=10.2 waypoints=7 reached_goal=True
[planner_local_apf-8] [INFO] [1776380618.669246759] [planner_local_apf]: 🛤️ Rail Updated: 7 points.
[planner_local_apf-8] [INFO] [1776380618.705566021] [planner_local_apf]: 🛤️ Rail Updated: 7 points.
[planner_local_apf-8] [INFO] [1776380618.734867961] [planner_local_apf]: 🛤️ Rail Updated: 7 points.
[planner_local_apf-8] [INFO] [1776380618.782501913] [planner_local_apf]: 🛤️ Rail Updated: 7 points.
[planner_local_apf-8] [INFO] [1776380618.834720151] [planner_local_apf]: 🛤️ Rail Updated: 7 points.
[planner_local_apf-8] [INFO] [1776380618.888239149] [planner_local_apf]: 🛤️ Rail Updated: 7 points.
[planner_local_apf-8] [INFO] [1776380618.936492680] [planner_local_apf]: 🛤️ Rail Updated: 7 points.
[planner_local_apf-8] [INFO] [1776380618.994238554] [planner_local_apf]: 🛤️ Rail Updated: 7 points.
[planner_local_apf-8] [INFO] [1776380619.069186455] [planner_local_apf]: 🛤️ Rail Updated: 7 points.
[planner_local_apf-8] [INFO] [1776380619.131769066] [planner_local_apf]: 🛤️ Rail Updated: 7 points.
[planner_local_apf-8] [INFO] [1776380619.187327480] [planner_local_apf]: 🛤️ Rail Updated: 7 points.
[planner_local_apf-8] [INFO] [1776380619.246891118] [planner_local_apf]: 🛤️ Rail Updated: 7 points.
[planner_local_apf-8] [INFO] [1776380619.290977450] [planner_local_apf]: 🛤️ Rail Updated: 7 points.
[planner_local_apf-8] [INFO] [1776380619.330623963] [planner_local_apf]: 🛤️ Rail Updated: 7 points.
[planner_local_apf-8] [INFO] [1776380619.369090351] [planner_local_apf]: 🛤️ Rail Updated: 7 points.
[planner_local_apf-8] [INFO] [1776380619.407510905] [planner_local_apf]: 🛤️ Rail Updated: 7 points.
[planner_local_apf-8] [INFO] [1776380619.439598617] [planner_local_apf]: 🛤️ Rail Updated: 7 points.
[planner_local_apf-8] [INFO] [1776380619.493699244] [planner_local_apf]: 🛤️ Rail Updated: 7 points.
[planner_local_apf-8] [INFO] [1776380619.549008690] [planner_local_apf]: 🛤️ Rail Updated: 7 points.
[planner_local_apf-8] [INFO] [1776380619.610531626] [planner_local_apf]: 🛤️ Rail Updated: 7 points.
[planner_local_apf-8] [INFO] [1776380619.706368143] [planner_local_apf]: 🛤️ Rail Updated: 7 points.
[planner_local_apf-8] [INFO] [1776380619.789550709] [planner_local_apf]: 🛤️ Rail Updated: 7 points.
[planner_local_apf-8] [INFO] [1776380619.801778497] [planner_local_apf]: 🛣️ Path Received: 7 waypoints. Engaging motors.
[planner_local_apf-8] [INFO] [1776380619.835097210] [planner_local_apf]: 🛤️ Rail Updated: 7 points.
[planner_local_apf-8] [INFO] [1776380619.878535637] [planner_local_apf]: 🛤️ Rail Updated: 7 points.
[planner_local_apf-8] [INFO] [1776380619.918277393] [planner_local_apf]: 🛤️ Rail Updated: 7 points.
[planner_local_apf-8] [INFO] [1776380619.959350709] [planner_local_apf]: 🛤️ Rail Updated: 7 points.
[planner_local_apf-8] [INFO] [1776380619.991810591] [planner_local_apf]: 🛤️ Rail Updated: 7 points.
[planner_local_apf-8] [INFO] [1776380620.035721930] [planner_local_apf]: 🛤️ Rail Updated: 7 points.
[planner_local_apf-8] [INFO] [1776380620.079523451] [planner_local_apf]: 🛤️ Rail Updated: 7 points.
[planner_local_apf-8] [INFO] [1776380620.124385839] [planner_local_apf]: 🛤️ Rail Updated: 7 points.
[planner_local_apf-8] [INFO] [1776380620.170828481] [planner_local_apf]: 🛤️ Rail Updated: 7 points.
[planner_local_apf-8] [INFO] [1776380620.212052499] [planner_local_apf]: 🛤️ Rail Updated: 7 points.
[planner_local_apf-8] [INFO] [1776380620.246336653] [planner_local_apf]: 🛤️ Rail Updated: 7 points.
[planner_local_apf-8] [INFO] [1776380620.286389070] [planner_local_apf]: 🛤️ Rail Updated: 7 points.
[planner_local_apf-8] [INFO] [1776380620.338912469] [planner_local_apf]: 🛤️ Rail Updated: 7 points.
[planner_local_apf-8] [INFO] [1776380620.387231176] [planner_local_apf]: 🛤️ Rail Updated: 7 points.
[planner_local_apf-8] [INFO] [1776380620.431760811] [planner_local_apf]: 🛤️ Rail Updated: 7 points.
[planner_local_apf-8] [INFO] [1776380620.499613014] [planner_local_apf]: 🛤️ Rail Updated: 7 points.
[planner_local_apf-8] [INFO] [1776380620.554712817] [planner_local_apf]: 🛤️ Rail Updated: 7 points.
[planner_local_apf-8] [INFO] [1776380620.605924180] [planner_local_apf]: 🛤️ Rail Updated: 7 points.
[planner_global_dstar-7] [INFO] [1776380620.638943966] [planner_global_dstar]: D* status: g[start]=10.2 waypoints=7 reached_goal=True
[planner_local_apf-8] [INFO] [1776380620.671539057] [planner_local_apf]: 🛤️ Rail Updated: 7 points.
[planner_local_apf-8] [INFO] [1776380620.741450660] [planner_local_apf]: 🛤️ Rail Updated: 7 points.
[planner_local_apf-8] [INFO] [1776380620.797708771] [planner_local_apf]: 🛤️ Rail Updated: 7 points.
[planner_local_apf-8] [INFO] [1776380620.857356468] [planner_local_apf]: 🛤️ Rail Updated: 7 points.
[planner_local_apf-8] [INFO] [1776380620.922494308] [planner_local_apf]: 🛤️ Rail Updated: 7 points.
[planner_local_apf-8] [INFO] [1776380620.993474477] [planner_local_apf]: 🛤️ Rail Updated: 7 points.
[planner_local_apf-8] [INFO] [1776380621.060708934] [planner_local_apf]: 🛤️ Rail Updated: 7 points.
[planner_local_apf-8] [INFO] [1776380621.103447205] [planner_local_apf]: 🛤️ Rail Updated: 7 points.
[planner_local_apf-8] [INFO] [1776380621.145813857] [planner_local_apf]: 🛤️ Rail Updated: 7 points.
[planner_local_apf-8] [INFO] [1776380621.184009275] [planner_local_apf]: 🛤️ Rail Updated: 7 points.
[planner_local_apf-8] [INFO] [1776380621.224027042] [planner_local_apf]: 🛤️ Rail Updated: 7 points.
[planner_local_apf-8] [INFO] [1776380621.265873481] [planner_local_apf]: 🛤️ Rail Updated: 7 points.
[planner_local_apf-8] [INFO] [1776380621.291251048] [planner_local_apf]: 🛤️ Rail Updated: 7 points.
[planner_local_apf-8] [INFO] [1776380621.332211431] [planner_local_apf]: 🛤️ Rail Updated: 7 points.
[planner_local_apf-8] [INFO] [1776380621.374053745] [planner_local_apf]: 🛤️ Rail Updated: 7 points.
[planner_local_apf-8] [INFO] [1776380621.417766440] [planner_local_apf]: 🛤️ Rail Updated: 7 points.
[planner_local_apf-8] [INFO] [1776380621.470547791] [planner_local_apf]: 🛤️ Rail Updated: 7 points.
[planner_local_apf-8] [INFO] [1776380621.519760897] [planner_local_apf]: 🛤️ Rail Updated: 7 points.
[planner_local_apf-8] [INFO] [1776380621.561525752] [planner_local_apf]: 🛤️ Rail Updated: 7 points.
[planner_local_apf-8] [INFO] [1776380621.590238637] [planner_local_apf]: 🛤️ Rail Updated: 7 points.
[planner_local_apf-8] [INFO] [1776380621.639388768] [planner_local_apf]: 🛤️ Rail Updated: 7 points.
[planner_local_apf-8] [INFO] [1776380621.678933714] [planner_local_apf]: 🛤️ Rail Updated: 7 points.
[planner_local_apf-8] [INFO] [1776380621.720607726] [planner_local_apf]: 🛤️ Rail Updated: 7 points.
[planner_local_apf-8] [INFO] [1776380621.762533641] [planner_local_apf]: 🛤️ Rail Updated: 7 points.
[planner_local_apf-8] [INFO] [1776380621.793251017] [planner_local_apf]: 🛤️ Rail Updated: 7 points.
[planner_local_apf-8] [INFO] [1776380621.805690832] [planner_local_apf]: 🛣️ Path Received: 7 waypoints. Engaging motors.
[planner_local_apf-8] [INFO] [1776380621.836524260] [planner_local_apf]: 🛤️ Rail Updated: 7 points.
[planner_local_apf-8] [INFO] [1776380621.888384536] [planner_local_apf]: 🛤️ Rail Updated: 7 points.
[planner_local_apf-8] [INFO] [1776380621.933155715] [planner_local_apf]: 🛤️ Rail Updated: 7 points.
[planner_local_apf-8] [INFO] [1776380621.983313820] [planner_local_apf]: 🛤️ Rail Updated: 7 points.
[planner_local_apf-8] [INFO] [1776380622.026077208] [planner_local_apf]: 🛤️ Rail Updated: 7 points.
[planner_local_apf-8] [INFO] [1776380622.068528836] [planner_local_apf]: 🛤️ Rail Updated: 7 points.
[planner_local_apf-8] [INFO] [1776380622.099111002] [planner_local_apf]: 🛤️ Rail Updated: 7 points.
[planner_local_apf-8] [INFO] [1776380622.139887133] [planner_local_apf]: 🛤️ Rail Updated: 7 points.
[planner_local_apf-8] [INFO] [1776380622.181012333] [planner_local_apf]: 🛤️ Rail Updated: 7 points.
[planner_local_apf-8] [INFO] [1776380622.221004433] [planner_local_apf]: 🛤️ Rail Updated: 7 points.
[planner_local_apf-8] [INFO] [1776380622.255072252] [planner_local_apf]: 🛤️ Rail Updated: 7 points.
[planner_local_apf-8] [INFO] [1776380622.285405817] [planner_local_apf]: 🛤️ Rail Updated: 7 points.
[planner_local_apf-8] [INFO] [1776380622.328668151] [planner_local_apf]: 🛤️ Rail Updated: 7 points.
[planner_local_apf-8] [INFO] [1776380622.371200995] [planner_local_apf]: 🛤️ Rail Updated: 7 points.
[planner_local_apf-8] [INFO] [1776380622.413293195] [planner_local_apf]: 🛤️ Rail Updated: 7 points.
[planner_local_apf-8] [INFO] [1776380622.442706236] [planner_local_apf]: 🛤️ Rail Updated: 7 points.
[planner_local_apf-8] [INFO] [1776380622.485719692] [planner_local_apf]: 🛤️ Rail Updated: 7 points.
[planner_local_apf-8] [INFO] [1776380622.527219904] [planner_local_apf]: 🛤️ Rail Updated: 7 points.
[planner_local_apf-8] [INFO] [1776380622.567500297] [planner_local_apf]: 🛤️ Rail Updated: 7 points.
[planner_local_apf-8] [INFO] [1776380622.605199062] [planner_local_apf]: 🛤️ Rail Updated: 7 points.
[planner_local_apf-8] [INFO] [1776380622.636468276] [planner_local_apf]: 🛤️ Rail Updated: 7 points.
[planner_local_apf-8] [INFO] [1776380622.680508041] [planner_local_apf]: 🛤️ Rail Updated: 7 points.
[planner_local_apf-8] [INFO] [1776380622.718698876] [planner_local_apf]: 🛤️ Rail Updated: 7 points.
[planner_local_apf-8] [INFO] [1776380622.767002825] [planner_local_apf]: 🛤️ Rail Updated: 7 points.
[planner_local_apf-8] [INFO] [1776380622.799760350] [planner_local_apf]: 🛤️ Rail Updated: 7 points.
[planner_global_dstar-7] [INFO] [1776380622.832908196] [planner_global_dstar]: D* status: g[start]=10.2 waypoints=7 reached_goal=True
[planner_local_apf-8] [INFO] [1776380622.839569299] [planner_local_apf]: 🛤️ Rail Updated: 7 points.
[planner_local_apf-8] [INFO] [1776380622.880714116] [planner_local_apf]: 🛤️ Rail Updated: 7 points.
[planner_local_apf-8] [INFO] [1776380622.921043276] [planner_local_apf]: 🛤️ Rail Updated: 7 points.
[planner_local_apf-8] [INFO] [1776380622.961753131] [planner_local_apf]: 🛤️ Rail Updated: 7 points.
[planner_local_apf-8] [INFO] [1776380622.989400200] [planner_local_apf]: 🛤️ Rail Updated: 7 points.
[planner_local_apf-8] [INFO] [1776380623.031101896] [planner_local_apf]: 🛤️ Rail Updated: 7 points.
[planner_local_apf-8] [INFO] [1776380623.067836045] [planner_local_apf]: 🛤️ Rail Updated: 7 points.
[planner_local_apf-8] [INFO] [1776380623.111867101] [planner_local_apf]: 🛤️ Rail Updated: 7 points.
[planner_local_apf-8] [INFO] [1776380623.142265750] [planner_local_apf]: 🛤️ Rail Updated: 7 points.
[planner_local_apf-8] [INFO] [1776380623.191522948] [planner_local_apf]: 🛤️ Rail Updated: 7 points.
[planner_local_apf-8] [INFO] [1776380623.245523658] [planner_local_apf]: 🛤️ Rail Updated: 7 points.
[planner_local_apf-8] [INFO] [1776380623.291073277] [planner_local_apf]: 🛤️ Rail Updated: 7 points.
[planner_local_apf-8] [INFO] [1776380623.329955192] [planner_local_apf]: 🛤️ Rail Updated: 7 points.
[planner_local_apf-8] [INFO] [1776380623.373095792] [planner_local_apf]: 🛤️ Rail Updated: 7 points.
[planner_local_apf-8] [INFO] [1776380623.416727820] [planner_local_apf]: 🛤️ Rail Updated: 7 points.
[planner_local_apf-8] [INFO] [1776380623.449349220] [planner_local_apf]: 🛤️ Rail Updated: 7 points.
[planner_local_apf-8] [INFO] [1776380623.496651335] [planner_local_apf]: 🛤️ Rail Updated: 7 points.
[planner_local_apf-8] [INFO] [1776380623.535003689] [planner_local_apf]: 🛤️ Rail Updated: 7 points.
[planner_local_apf-8] [INFO] [1776380623.575053264] [planner_local_apf]: 🛤️ Rail Updated: 7 points.
[planner_local_apf-8] [INFO] [1776380623.616694460] [planner_local_apf]: 🛤️ Rail Updated: 7 points.
[planner_local_apf-8] [INFO] [1776380623.645278919] [planner_local_apf]: 🛤️ Rail Updated: 7 points.
[planner_local_apf-8] [INFO] [1776380623.690038181] [planner_local_apf]: 🛤️ Rail Updated: 7 points.
[planner_local_apf-8] [INFO] [1776380623.731915604] [planner_local_apf]: 🛤️ Rail Updated: 7 points.
[planner_local_apf-8] [INFO] [1776380623.768872688] [planner_local_apf]: 🛤️ Rail Updated: 7 points.
[planner_local_apf-8] [INFO] [1776380623.810146206] [planner_local_apf]: 🛤️ Rail Updated: 7 points.
[planner_local_apf-8] [INFO] [1776380623.824579603] [planner_local_apf]: 🛣️ Path Received: 7 waypoints. Engaging motors.
[planner_local_apf-8] [INFO] [1776380623.842849006] [planner_local_apf]: 🛤️ Rail Updated: 7 points.
[planner_local_apf-8] [INFO] [1776380623.886753836] [planner_local_apf]: 🛤️ Rail Updated: 7 points.
[planner_local_apf-8] [INFO] [1776380623.933859601] [planner_local_apf]: 🛤️ Rail Updated: 7 points.
[planner_local_apf-8] [INFO] [1776380623.978653055] [planner_local_apf]: 🛤️ Rail Updated: 7 points.
[planner_local_apf-8] [INFO] [1776380624.028341273] [planner_local_apf]: 🛤️ Rail Updated: 7 points.
[planner_local_apf-8] [INFO] [1776380624.074856882] [planner_local_apf]: 🛤️ Rail Updated: 7 points.
[planner_local_apf-8] [INFO] [1776380624.120438951] [planner_local_apf]: 🛤️ Rail Updated: 7 points.
[planner_local_apf-8] [INFO] [1776380624.163806335] [planner_local_apf]: 🛤️ Rail Updated: 7 points.
[planner_local_apf-8] [INFO] [1776380624.195700813] [planner_local_apf]: 🛤️ Rail Updated: 7 points.
[planner_local_apf-8] [INFO] [1776380624.243518099] [planner_local_apf]: 🛤️ Rail Updated: 7 points.
[planner_local_apf-8] [INFO] [1776380624.286541731] [planner_local_apf]: 🛤️ Rail Updated: 7 points.
[planner_local_apf-8] [INFO] [1776380624.333963197] [planner_local_apf]: 🛤️ Rail Updated: 7 points.
[planner_local_apf-8] [INFO] [1776380624.391915047] [planner_local_apf]: 🛤️ Rail Updated: 7 points.
[planner_local_apf-8] [INFO] [1776380624.439918693] [planner_local_apf]: 🛤️ Rail Updated: 7 points.
[planner_local_apf-8] [INFO] [1776380624.489409185] [planner_local_apf]: 🛤️ Rail Updated: 7 points.
[planner_local_apf-8] [INFO] [1776380624.537703600] [planner_local_apf]: 🛤️ Rail Updated: 7 points.
[planner_local_apf-8] [INFO] [1776380624.581414829] [planner_local_apf]: 🛤️ Rail Updated: 7 points.
[planner_local_apf-8] [INFO] [1776380624.630667260] [planner_local_apf]: 🛤️ Rail Updated: 7 points.
[planner_local_apf-8] [INFO] [1776380624.671039412] [planner_local_apf]: 🛤️ Rail Updated: 7 points.
[planner_local_apf-8] [INFO] [1776380624.709745785] [planner_local_apf]: 🛤️ Rail Updated: 7 points.
[planner_local_apf-8] [INFO] [1776380624.742514219] [planner_local_apf]: 🛤️ Rail Updated: 7 points.
[planner_local_apf-8] [INFO] [1776380624.787087672] [planner_local_apf]: 🛤️ Rail Updated: 7 points.
[planner_local_apf-8] [INFO] [1776380624.831220479] [planner_local_apf]: 🛤️ Rail Updated: 7 points.
[planner_local_apf-8] [INFO] [1776380624.883256665] [planner_local_apf]: 🛤️ Rail Updated: 7 points.
[planner_local_apf-8] [INFO] [1776380624.922860920] [planner_local_apf]: 🛤️ Rail Updated: 7 points.
[planner_local_apf-8] [INFO] [1776380624.964563808] [planner_local_apf]: 🛤️ Rail Updated: 7 points.
[planner_local_apf-8] [INFO] [1776380624.989661698] [planner_local_apf]: 🛤️ Rail Updated: 7 points.
[planner_local_apf-8] [INFO] [1776380625.027304271] [planner_local_apf]: 🛤️ Rail Updated: 7 points.
[planner_global_dstar-7] [INFO] [1776380625.027770491] [planner_global_dstar]: D* status: g[start]=10.2 waypoints=7 reached_goal=True
[planner_local_apf-8] [INFO] [1776380625.069016601] [planner_local_apf]: 🛤️ Rail Updated: 7 points.
[planner_local_apf-8] [INFO] [1776380625.108163252] [planner_local_apf]: 🛤️ Rail Updated: 7 points.
[planner_local_apf-8] [INFO] [1776380625.135354367] [planner_local_apf]: 🛤️ Rail Updated: 7 points.
[planner_local_apf-8] [INFO] [1776380625.180477732] [planner_local_apf]: 🛤️ Rail Updated: 7 points.
[planner_local_apf-8] [INFO] [1776380625.224400988] [planner_local_apf]: 🛤️ Rail Updated: 7 points.
[planner_local_apf-8] [INFO] [1776380625.264893133] [planner_local_apf]: 🛤️ Rail Updated: 7 points.
[planner_local_apf-8] [INFO] [1776380625.294892295] [planner_local_apf]: 🛤️ Rail Updated: 7 points.
[planner_local_apf-8] [INFO] [1776380625.337444756] [planner_local_apf]: 🛤️ Rail Updated: 7 points.
[planner_local_apf-8] [INFO] [1776380625.375667034] [planner_local_apf]: 🛤️ Rail Updated: 7 points.
[planner_local_apf-8] [INFO] [1776380625.416152212] [planner_local_apf]: 🛤️ Rail Updated: 7 points.
[planner_local_apf-8] [INFO] [1776380625.445279709] [planner_local_apf]: 🛤️ Rail Updated: 7 points.
[planner_local_apf-8] [INFO] [1776380625.492258789] [planner_local_apf]: 🛤️ Rail Updated: 7 points.
[planner_local_apf-8] [INFO] [1776380625.539632405] [planner_local_apf]: 🛤️ Rail Updated: 7 points.
[planner_local_apf-8] [INFO] [1776380625.582959089] [planner_local_apf]: 🛤️ Rail Updated: 7 points.
[planner_local_apf-8] [INFO] [1776380625.622694612] [planner_local_apf]: 🛤️ Rail Updated: 7 points.
[planner_local_apf-8] [INFO] [1776380625.672210862] [planner_local_apf]: 🛤️ Rail Updated: 7 points.
[planner_local_apf-8] [INFO] [1776380625.713403254] [planner_local_apf]: 🛤️ Rail Updated: 7 points.
[planner_local_apf-8] [INFO] [1776380625.739806029] [planner_local_apf]: 🛤️ Rail Updated: 7 points.
[planner_local_apf-8] [INFO] [1776380625.784548516] [planner_local_apf]: 🛤️ Rail Updated: 7 points.
[planner_local_apf-8] [INFO] [1776380625.829217120] [planner_local_apf]: 🛤️ Rail Updated: 7 points.
[planner_local_apf-8] [INFO] [1776380625.840436750] [planner_local_apf]: 🛣️ Path Received: 7 waypoints. Engaging motors.
[planner_local_apf-8] [INFO] [1776380625.870608522] [planner_local_apf]: 🛤️ Rail Updated: 7 points.
[planner_local_apf-8] [INFO] [1776380625.910478979] [planner_local_apf]: 🛤️ Rail Updated: 7 points.
[planner_local_apf-8] [INFO] [1776380625.938154098] [planner_local_apf]: 🛤️ Rail Updated: 7 points.
[planner_local_apf-8] [INFO] [1776380625.976813170] [planner_local_apf]: 🛤️ Rail Updated: 7 points.
[planner_local_apf-8] [INFO] [1776380626.022667674] [planner_local_apf]: 🛤️ Rail Updated: 7 points.
[planner_local_apf-8] [INFO] [1776380626.063794433] [planner_local_apf]: 🛤️ Rail Updated: 7 points.
[planner_local_apf-8] [INFO] [1776380626.098429123] [planner_local_apf]: 🛤️ Rail Updated: 7 points.
[planner_local_apf-8] [INFO] [1776380626.149077099] [planner_local_apf]: 🛤️ Rail Updated: 7 points.
[planner_local_apf-8] [INFO] [1776380626.193903645] [planner_local_apf]: 🛤️ Rail Updated: 7 points.
[planner_local_apf-8] [INFO] [1776380626.231005380] [planner_local_apf]: 🛤️ Rail Updated: 7 points.
[planner_local_apf-8] [INFO] [1776380626.270695710] [planner_local_apf]: 🛤️ Rail Updated: 7 points.
[planner_local_apf-8] [INFO] [1776380626.315803400] [planner_local_apf]: 🛤️ Rail Updated: 7 points.
[planner_local_apf-8] [INFO] [1776380626.343898814] [planner_local_apf]: 🛤️ Rail Updated: 7 points.
[planner_local_apf-8] [INFO] [1776380626.386525159] [planner_local_apf]: 🛤️ Rail Updated: 7 points.
[planner_local_apf-8] [INFO] [1776380626.430485174] [planner_local_apf]: 🛤️ Rail Updated: 7 points.
[planner_local_apf-8] [INFO] [1776380626.468108863] [planner_local_apf]: 🛤️ Rail Updated: 7 points.
[planner_local_apf-8] [INFO] [1776380626.499520253] [planner_local_apf]: 🛤️ Rail Updated: 7 points.
[planner_local_apf-8] [INFO] [1776380626.543872970] [planner_local_apf]: 🛤️ Rail Updated: 7 points.
[planner_local_apf-8] [INFO] [1776380626.588005136] [planner_local_apf]: 🛤️ Rail Updated: 7 points.
[planner_local_apf-8] [INFO] [1776380626.627625157] [planner_local_apf]: 🛤️ Rail Updated: 7 points.
[planner_local_apf-8] [INFO] [1776380626.668838816] [planner_local_apf]: 🛤️ Rail Updated: 7 points.
[planner_local_apf-8] [INFO] [1776380626.711887840] [planner_local_apf]: 🛤️ Rail Updated: 7 points.
[planner_local_apf-8] [INFO] [1776380626.738557276] [planner_local_apf]: 🛤️ Rail Updated: 7 points.
[planner_local_apf-8] [INFO] [1776380626.780896152] [planner_local_apf]: 🛤️ Rail Updated: 7 points.
[planner_local_apf-8] [INFO] [1776380626.821306072] [planner_local_apf]: 🛤️ Rail Updated: 7 points.
[planner_local_apf-8] [INFO] [1776380626.857190281] [planner_local_apf]: 🛤️ Rail Updated: 7 points.
[planner_local_apf-8] [INFO] [1776380626.884880616] [planner_local_apf]: 🛤️ Rail Updated: 7 points.
[planner_local_apf-8] [INFO] [1776380626.925116551] [planner_local_apf]: 🛤️ Rail Updated: 7 points.
[planner_local_apf-8] [INFO] [1776380626.965341394] [planner_local_apf]: 🛤️ Rail Updated: 7 points.
[planner_local_apf-8] [INFO] [1776380626.996036312] [planner_local_apf]: 🛤️ Rail Updated: 7 points.
[planner_global_dstar-7] [INFO] [1776380627.036552474] [planner_global_dstar]: D* status: g[start]=10.2 waypoints=7 reached_goal=True
[planner_local_apf-8] [INFO] [1776380627.040054901] [planner_local_apf]: 🛤️ Rail Updated: 7 points.
[planner_local_apf-8] [INFO] [1776380627.084422469] [planner_local_apf]: 🛤️ Rail Updated: 7 points.
[planner_local_apf-8] [INFO] [1776380627.123458386] [planner_local_apf]: 🛤️ Rail Updated: 7 points.
[planner_local_apf-8] [INFO] [1776380627.164306017] [planner_local_apf]: 🛤️ Rail Updated: 7 points.
[planner_local_apf-8] [INFO] [1776380627.268610675] [planner_local_apf]: 🛤️ Rail Updated: 7 points.
[planner_local_apf-8] [INFO] [1776380627.351048535] [planner_local_apf]: 🛤️ Rail Updated: 7 points.
[planner_local_apf-8] [INFO] [1776380627.430586773] [planner_local_apf]: 🛤️ Rail Updated: 7 points.
[planner_local_apf-8] [INFO] [1776380627.478657703] [planner_local_apf]: 🛤️ Rail Updated: 7 points.
[planner_local_apf-8] [INFO] [1776380627.517063315] [planner_local_apf]: 🛤️ Rail Updated: 7 points.
[planner_local_apf-8] [INFO] [1776380627.545955410] [planner_local_apf]: 🛤️ Rail Updated: 7 points.
[planner_local_apf-8] [INFO] [1776380627.586461305] [planner_local_apf]: 🛤️ Rail Updated: 7 points.
[planner_local_apf-8] [INFO] [1776380627.633454777] [planner_local_apf]: 🛤️ Rail Updated: 7 points.
[planner_local_apf-8] [INFO] [1776380627.672087449] [planner_local_apf]: 🛤️ Rail Updated: 7 points.
[planner_local_apf-8] [INFO] [1776380627.707277277] [planner_local_apf]: 🛤️ Rail Updated: 7 points.
[planner_local_apf-8] [INFO] [1776380627.739238396] [planner_local_apf]: 🛤️ Rail Updated: 7 points.
[planner_local_apf-8] [INFO] [1776380627.774776011] [planner_local_apf]: 🛤️ Rail Updated: 7 points.
[planner_local_apf-8] [INFO] [1776380627.818968677] [planner_local_apf]: 🛤️ Rail Updated: 7 points.
[planner_local_apf-8] [INFO] [1776380627.877512698] [planner_local_apf]: 🛤️ Rail Updated: 7 points.
[planner_local_apf-8] [INFO] [1776380627.891735627] [planner_local_apf]: 🛣️ Path Received: 7 waypoints. Engaging motors.
[planner_local_apf-8] [INFO] [1776380627.920712056] [planner_local_apf]: 🛤️ Rail Updated: 7 points.
[planner_local_apf-8] [INFO] [1776380627.968078339] [planner_local_apf]: 🛤️ Rail Updated: 7 points.
[planner_local_apf-8] [INFO] [1776380628.021632354] [planner_local_apf]: 🛤️ Rail Updated: 7 points.
[planner_local_apf-8] [INFO] [1776380628.080259793] [planner_local_apf]: 🛤️ Rail Updated: 7 points.
[planner_local_apf-8] [INFO] [1776380628.139224292] [planner_local_apf]: 🛤️ Rail Updated: 7 points.
[planner_local_apf-8] [INFO] [1776380628.200360942] [planner_local_apf]: 🛤️ Rail Updated: 7 points.
[planner_local_apf-8] [INFO] [1776380628.268096086] [planner_local_apf]: 🛤️ Rail Updated: 7 points.
[planner_local_apf-8] [INFO] [1776380628.319473001] [planner_local_apf]: 🛤️ Rail Updated: 7 points.
[planner_local_apf-8] [INFO] [1776380628.367923984] [planner_local_apf]: 🛤️ Rail Updated: 7 points.
[planner_local_apf-8] [INFO] [1776380628.413336193] [planner_local_apf]: 🛤️ Rail Updated: 7 points.
[planner_local_apf-8] [INFO] [1776380628.457606959] [planner_local_apf]: 🛤️ Rail Updated: 7 points.
[planner_local_apf-8] [INFO] [1776380628.484397488] [planner_local_apf]: 🛤️ Rail Updated: 7 points.
[planner_local_apf-8] [INFO] [1776380628.521777892] [planner_local_apf]: 🛤️ Rail Updated: 7 points.
[planner_local_apf-8] [INFO] [1776380628.561643399] [planner_local_apf]: 🛤️ Rail Updated: 7 points.
[planner_local_apf-8] [INFO] [1776380628.593268649] [planner_local_apf]: 🛤️ Rail Updated: 7 points.
[planner_local_apf-8] [INFO] [1776380628.635437482] [planner_local_apf]: 🛤️ Rail Updated: 7 points.
[planner_local_apf-8] [INFO] [1776380628.676145596] [planner_local_apf]: 🛤️ Rail Updated: 7 points.
[planner_local_apf-8] [INFO] [1776380628.717155570] [planner_local_apf]: 🛤️ Rail Updated: 7 points.
[planner_local_apf-8] [INFO] [1776380628.744124025] [planner_local_apf]: 🛤️ Rail Updated: 7 points.
[planner_local_apf-8] [INFO] [1776380628.782482795] [planner_local_apf]: 🛤️ Rail Updated: 7 points.
[planner_local_apf-8] [INFO] [1776380628.826169457] [planner_local_apf]: 🛤️ Rail Updated: 7 points.
[planner_local_apf-8] [INFO] [1776380628.868302082] [planner_local_apf]: 🛤️ Rail Updated: 7 points.
[planner_local_apf-8] [INFO] [1776380628.909104154] [planner_local_apf]: 🛤️ Rail Updated: 7 points.
[planner_local_apf-8] [INFO] [1776380628.937061058] [planner_local_apf]: 🛤️ Rail Updated: 7 points.
[planner_local_apf-8] [INFO] [1776380628.974333845] [planner_local_apf]: 🛤️ Rail Updated: 7 points.
[planner_local_apf-8] [INFO] [1776380629.025010054] [planner_local_apf]: 🛤️ Rail Updated: 7 points.
[planner_local_apf-8] [INFO] [1776380629.075455628] [planner_local_apf]: 🛤️ Rail Updated: 7 points.
[planner_local_apf-8] [INFO] [1776380629.120280340] [planner_local_apf]: 🛤️ Rail Updated: 7 points.
[planner_local_apf-8] [INFO] [1776380629.166682741] [planner_local_apf]: 🛤️ Rail Updated: 7 points.
[planner_local_apf-8] [INFO] [1776380629.213462444] [planner_local_apf]: 🛤️ Rail Updated: 7 points.
[planner_global_dstar-7] [INFO] [1776380629.235430351] [planner_global_dstar]: D* status: g[start]=10.2 waypoints=7 reached_goal=True
[planner_local_apf-8] [INFO] [1776380629.281301355] [planner_local_apf]: 🛤️ Rail Updated: 7 points.
[planner_local_apf-8] [INFO] [1776380629.321847767] [planner_local_apf]: 🛤️ Rail Updated: 7 points.
[planner_local_apf-8] [INFO] [1776380629.363513255] [planner_local_apf]: 🛤️ Rail Updated: 7 points.
[planner_local_apf-8] [INFO] [1776380629.393679802] [planner_local_apf]: 🛤️ Rail Updated: 7 points.
[planner_local_apf-8] [INFO] [1776380629.436907761] [planner_local_apf]: 🛤️ Rail Updated: 7 points.
[planner_local_apf-8] [INFO] [1776380629.479401280] [planner_local_apf]: 🛤️ Rail Updated: 7 points.
[planner_local_apf-8] [INFO] [1776380629.518383480] [planner_local_apf]: 🛤️ Rail Updated: 7 points.
[planner_local_apf-8] [INFO] [1776380629.546896897] [planner_local_apf]: 🛤️ Rail Updated: 7 points.
[planner_local_apf-8] [INFO] [1776380629.589035205] [planner_local_apf]: 🛤️ Rail Updated: 7 points.
[planner_local_apf-8] [INFO] [1776380629.628170856] [planner_local_apf]: 🛤️ Rail Updated: 7 points.
[planner_local_apf-8] [INFO] [1776380629.671205855] [planner_local_apf]: 🛤️ Rail Updated: 7 points.
[planner_local_apf-8] [INFO] [1776380629.714242870] [planner_local_apf]: 🛤️ Rail Updated: 7 points.
[planner_local_apf-8] [INFO] [1776380629.743571485] [planner_local_apf]: 🛤️ Rail Updated: 7 points.
[planner_local_apf-8] [INFO] [1776380629.781757920] [planner_local_apf]: 🛤️ Rail Updated: 7 points.
[planner_local_apf-8] [INFO] [1776380629.817921531] [planner_local_apf]: 🛤️ Rail Updated: 7 points.
[planner_local_apf-8] [INFO] [1776380629.854308444] [planner_local_apf]: 🛤️ Rail Updated: 7 points.
[planner_local_apf-8] [INFO] [1776380629.886146821] [planner_local_apf]: 🛤️ Rail Updated: 7 points.
[planner_local_apf-8] [INFO] [1776380629.903195672] [planner_local_apf]: 🛣️ Path Received: 7 waypoints. Engaging motors.
[planner_local_apf-8] [INFO] [1776380629.934366252] [planner_local_apf]: 🛤️ Rail Updated: 7 points.
[planner_local_apf-8] [INFO] [1776380629.970816599] [planner_local_apf]: 🛤️ Rail Updated: 7 points.
[planner_local_apf-8] [INFO] [1776380630.007009176] [planner_local_apf]: 🛤️ Rail Updated: 7 points.
[planner_local_apf-8] [INFO] [1776380630.039546975] [planner_local_apf]: 🛤️ Rail Updated: 7 points.
[planner_local_apf-8] [INFO] [1776380630.080872469] [planner_local_apf]: 🛤️ Rail Updated: 7 points.
[planner_local_apf-8] [INFO] [1776380630.122738158] [planner_local_apf]: 🛤️ Rail Updated: 7 points.
[planner_local_apf-8] [INFO] [1776380630.159246805] [planner_local_apf]: 🛤️ Rail Updated: 7 points.
[planner_local_apf-8] [INFO] [1776380630.191969222] [planner_local_apf]: 🛤️ Rail Updated: 7 points.
[planner_local_apf-8] [INFO] [1776380630.229936481] [planner_local_apf]: 🛤️ Rail Updated: 7 points.
[planner_local_apf-8] [INFO] [1776380630.272324766] [planner_local_apf]: 🛤️ Rail Updated: 7 points.
[planner_local_apf-8] [INFO] [1776380630.310779511] [planner_local_apf]: 🛤️ Rail Updated: 7 points.
[planner_local_apf-8] [INFO] [1776380630.345975390] [planner_local_apf]: 🛤️ Rail Updated: 7 points.
[planner_local_apf-8] [INFO] [1776380630.398312429] [planner_local_apf]: 🛤️ Rail Updated: 7 points.
[planner_local_apf-8] [INFO] [1776380630.449501792] [planner_local_apf]: 🛤️ Rail Updated: 7 points.
[planner_local_apf-8] [INFO] [1776380630.496277095] [planner_local_apf]: 🛤️ Rail Updated: 7 points.
[planner_local_apf-8] [INFO] [1776380630.539071833] [planner_local_apf]: 🛤️ Rail Updated: 7 points.
[planner_local_apf-8] [INFO] [1776380630.592818808] [planner_local_apf]: 🛤️ Rail Updated: 7 points.
[planner_local_apf-8] [INFO] [1776380630.652800907] [planner_local_apf]: 🛤️ Rail Updated: 7 points.
[planner_local_apf-8] [INFO] [1776380630.723065888] [planner_local_apf]: 🛤️ Rail Updated: 7 points.
[planner_local_apf-8] [INFO] [1776380630.771278169] [planner_local_apf]: 🛤️ Rail Updated: 7 points.
[planner_local_apf-8] [INFO] [1776380630.824340572] [planner_local_apf]: 🛤️ Rail Updated: 7 points.
[planner_local_apf-8] [INFO] [1776380630.878638743] [planner_local_apf]: 🛤️ Rail Updated: 7 points.
[planner_local_apf-8] [INFO] [1776380630.925452363] [planner_local_apf]: 🛤️ Rail Updated: 7 points.
[planner_local_apf-8] [INFO] [1776380630.966066701] [planner_local_apf]: 🛤️ Rail Updated: 7 points.
[planner_local_apf-8] [INFO] [1776380630.997623567] [planner_local_apf]: 🛤️ Rail Updated: 7 points.
[planner_local_apf-8] [INFO] [1776380631.042710174] [planner_local_apf]: 🛤️ Rail Updated: 7 points.
[planner_local_apf-8] [INFO] [1776380631.088988089] [planner_local_apf]: 🛤️ Rail Updated: 7 points.
[planner_local_apf-8] [INFO] [1776380631.129548068] [planner_local_apf]: 🛤️ Rail Updated: 7 points.
[planner_local_apf-8] [INFO] [1776380631.169234274] [planner_local_apf]: 🛤️ Rail Updated: 7 points.
[planner_local_apf-8] [INFO] [1776380631.209001972] [planner_local_apf]: 🛤️ Rail Updated: 7 points.
[planner_local_apf-8] [INFO] [1776380631.238082810] [planner_local_apf]: 🛤️ Rail Updated: 7 points.
[planner_local_apf-8] [INFO] [1776380631.284376859] [planner_local_apf]: 🛤️ Rail Updated: 7 points.
[planner_local_apf-8] [INFO] [1776380631.332795484] [planner_local_apf]: 🛤️ Rail Updated: 7 points.
[planner_local_apf-8] [INFO] [1776380631.376015559] [planner_local_apf]: 🛤️ Rail Updated: 7 points.
[planner_local_apf-8] [INFO] [1776380631.420344901] [planner_local_apf]: 🛤️ Rail Updated: 7 points.
[planner_global_dstar-7] [INFO] [1776380631.428734484] [planner_global_dstar]: D* status: g[start]=10.2 waypoints=7 reached_goal=True
[planner_local_apf-8] [INFO] [1776380631.458345068] [planner_local_apf]: 🛤️ Rail Updated: 7 points.
[planner_local_apf-8] [INFO] [1776380631.487201505] [planner_local_apf]: 🛤️ Rail Updated: 7 points.
[planner_local_apf-8] [INFO] [1776380631.526554591] [planner_local_apf]: 🛤️ Rail Updated: 7 points.
[planner_local_apf-8] [INFO] [1776380631.565477940] [planner_local_apf]: 🛤️ Rail Updated: 7 points.
[planner_local_apf-8] [INFO] [1776380631.608071652] [planner_local_apf]: 🛤️ Rail Updated: 7 points.
[planner_local_apf-8] [INFO] [1776380631.640273857] [planner_local_apf]: 🛤️ Rail Updated: 7 points.
[planner_local_apf-8] [INFO] [1776380631.676814129] [planner_local_apf]: 🛤️ Rail Updated: 7 points.
[planner_local_apf-8] [INFO] [1776380631.715853621] [planner_local_apf]: 🛤️ Rail Updated: 7 points.
[planner_local_apf-8] [INFO] [1776380631.760345948] [planner_local_apf]: 🛤️ Rail Updated: 7 points.
[planner_local_apf-8] [INFO] [1776380631.787360511] [planner_local_apf]: 🛤️ Rail Updated: 7 points.
[planner_local_apf-8] [INFO] [1776380631.831447393] [planner_local_apf]: 🛤️ Rail Updated: 7 points.
[planner_local_apf-8] [INFO] [1776380631.869994356] [planner_local_apf]: 🛤️ Rail Updated: 7 points.
[planner_local_apf-8] [INFO] [1776380631.910142749] [planner_local_apf]: 🛤️ Rail Updated: 7 points.
[planner_local_apf-8] [INFO] [1776380631.923107268] [planner_local_apf]: 🛣️ Path Received: 7 waypoints. Engaging motors.
[planner_local_apf-8] [INFO] [1776380631.937882768] [planner_local_apf]: 🛤️ Rail Updated: 7 points.
[planner_local_apf-8] [INFO] [1776380631.978708399] [planner_local_apf]: 🛤️ Rail Updated: 7 points.
[planner_local_apf-8] [INFO] [1776380632.028115473] [planner_local_apf]: 🛤️ Rail Updated: 7 points.
[planner_local_apf-8] [INFO] [1776380632.074594507] [planner_local_apf]: 🛤️ Rail Updated: 7 points.
[planner_local_apf-8] [INFO] [1776380632.117844007] [planner_local_apf]: 🛤️ Rail Updated: 7 points.
[planner_local_apf-8] [INFO] [1776380632.144780837] [planner_local_apf]: 🛤️ Rail Updated: 7 points.
[planner_local_apf-8] [INFO] [1776380632.190377573] [planner_local_apf]: 🛤️ Rail Updated: 7 points.
[planner_local_apf-8] [INFO] [1776380632.234003276] [planner_local_apf]: 🛤️ Rail Updated: 7 points.
[planner_local_apf-8] [INFO] [1776380632.283042397] [planner_local_apf]: 🛤️ Rail Updated: 7 points.
[planner_local_apf-8] [INFO] [1776380632.329691932] [planner_local_apf]: 🛤️ Rail Updated: 7 points.
[planner_local_apf-8] [INFO] [1776380632.373305536] [planner_local_apf]: 🛤️ Rail Updated: 7 points.
[planner_local_apf-8] [INFO] [1776380632.417967264] [planner_local_apf]: 🛤️ Rail Updated: 7 points.
[planner_local_apf-8] [INFO] [1776380632.465329055] [planner_local_apf]: 🛤️ Rail Updated: 7 points.
[planner_local_apf-8] [INFO] [1776380632.499552892] [planner_local_apf]: 🛤️ Rail Updated: 7 points.
[planner_local_apf-8] [INFO] [1776380632.547454879] [planner_local_apf]: 🛤️ Rail Updated: 7 points.
[planner_local_apf-8] [INFO] [1776380632.590015957] [planner_local_apf]: 🛤️ Rail Updated: 7 points.
[planner_local_apf-8] [INFO] [1776380632.640450439] [planner_local_apf]: 🛤️ Rail Updated: 7 points.
[planner_local_apf-8] [INFO] [1776380632.705113534] [planner_local_apf]: 🛤️ Rail Updated: 7 points.
[planner_local_apf-8] [INFO] [1776380632.758034311] [planner_local_apf]: 🛤️ Rail Updated: 7 points.
[planner_local_apf-8] [INFO] [1776380632.807611336] [planner_local_apf]: 🛤️ Rail Updated: 7 points.
[planner_local_apf-8] [INFO] [1776380632.854434215] [planner_local_apf]: 🛤️ Rail Updated: 7 points.
[planner_local_apf-8] [INFO] [1776380632.902290001] [planner_local_apf]: 🛤️ Rail Updated: 7 points.
[planner_local_apf-8] [INFO] [1776380632.944612011] [planner_local_apf]: 🛤️ Rail Updated: 7 points.
[planner_local_apf-8] [INFO] [1776380632.985828053] [planner_local_apf]: 🛤️ Rail Updated: 7 points.
[planner_local_apf-8] [INFO] [1776380633.035182510] [planner_local_apf]: 🛤️ Rail Updated: 7 points.
[planner_local_apf-8] [INFO] [1776380633.076838556] [planner_local_apf]: 🛤️ Rail Updated: 7 points.
[planner_local_apf-8] [INFO] [1776380633.113699298] [planner_local_apf]: 🛤️ Rail Updated: 7 points.
[planner_local_apf-8] [INFO] [1776380633.140003531] [planner_local_apf]: 🛤️ Rail Updated: 7 points.
[planner_local_apf-8] [INFO] [1776380633.179077581] [planner_local_apf]: 🛤️ Rail Updated: 7 points.
[planner_local_apf-8] [INFO] [1776380633.223579167] [planner_local_apf]: 🛤️ Rail Updated: 7 points.
[planner_local_apf-8] [INFO] [1776380633.264069845] [planner_local_apf]: 🛤️ Rail Updated: 7 points.
[planner_local_apf-8] [INFO] [1776380633.290453095] [planner_local_apf]: 🛤️ Rail Updated: 7 points.
[planner_local_apf-8] [INFO] [1776380633.328086868] [planner_local_apf]: 🛤️ Rail Updated: 7 points.
[planner_local_apf-8] [INFO] [1776380633.369536571] [planner_local_apf]: 🛤️ Rail Updated: 7 points.
[planner_local_apf-8] [INFO] [1776380633.427873790] [planner_local_apf]: 🛤️ Rail Updated: 7 points.
[planner_global_dstar-7] [INFO] [1776380633.433901196] [planner_global_dstar]: D* status: g[start]=10.2 waypoints=7 reached_goal=True
[planner_local_apf-8] [INFO] [1776380633.476497291] [planner_local_apf]: 🛤️ Rail Updated: 7 points.
[planner_local_apf-8] [INFO] [1776380633.513795561] [planner_local_apf]: 🛤️ Rail Updated: 7 points.
[planner_local_apf-8] [INFO] [1776380633.540798575] [planner_local_apf]: 🛤️ Rail Updated: 7 points.
[planner_local_apf-8] [INFO] [1776380633.578676274] [planner_local_apf]: 🛤️ Rail Updated: 7 points.
[planner_local_apf-8] [INFO] [1776380633.623399419] [planner_local_apf]: 🛤️ Rail Updated: 7 points.
[planner_local_apf-8] [INFO] [1776380633.666224133] [planner_local_apf]: 🛤️ Rail Updated: 7 points.
[planner_local_apf-8] [INFO] [1776380633.690937203] [planner_local_apf]: 🛤️ Rail Updated: 7 points.
[planner_local_apf-8] [INFO] [1776380633.733746884] [planner_local_apf]: 🛤️ Rail Updated: 7 points.
[planner_local_apf-8] [INFO] [1776380633.774806725] [planner_local_apf]: 🛤️ Rail Updated: 7 points.
[planner_local_apf-8] [INFO] [1776380633.813848509] [planner_local_apf]: 🛤️ Rail Updated: 7 points.
[planner_local_apf-8] [INFO] [1776380633.850970960] [planner_local_apf]: 🛤️ Rail Updated: 7 points.
[planner_local_apf-8] [INFO] [1776380633.903316249] [planner_local_apf]: 🛤️ Rail Updated: 7 points.
[planner_local_apf-8] [INFO] [1776380633.947291755] [planner_local_apf]: 🛤️ Rail Updated: 7 points.
[planner_local_apf-8] [INFO] [1776380633.959828829] [planner_local_apf]: 🛣️ Path Received: 7 waypoints. Engaging motors.
[planner_local_apf-8] [INFO] [1776380634.001658860] [planner_local_apf]: 🛤️ Rail Updated: 7 points.
[planner_local_apf-8] [INFO] [1776380634.058891488] [planner_local_apf]: 🛤️ Rail Updated: 7 points.
[planner_local_apf-8] [INFO] [1776380634.133177917] [planner_local_apf]: 🛤️ Rail Updated: 7 points.
[planner_local_apf-8] [INFO] [1776380634.188234269] [planner_local_apf]: 🛤️ Rail Updated: 7 points.
[planner_local_apf-8] [INFO] [1776380634.251037799] [planner_local_apf]: 🛤️ Rail Updated: 7 points.
[planner_local_apf-8] [INFO] [1776380634.307471453] [planner_local_apf]: 🛤️ Rail Updated: 7 points.
[planner_local_apf-8] [INFO] [1776380634.366937648] [planner_local_apf]: 🛤️ Rail Updated: 7 points.
[planner_local_apf-8] [INFO] [1776380634.420918925] [planner_local_apf]: 🛤️ Rail Updated: 7 points.
[planner_local_apf-8] [INFO] [1776380634.478915417] [planner_local_apf]: 🛤️ Rail Updated: 7 points.
[planner_local_apf-8] [INFO] [1776380634.547643044] [planner_local_apf]: 🛤️ Rail Updated: 7 points.
[planner_local_apf-8] [INFO] [1776380634.600194401] [planner_local_apf]: 🛤️ Rail Updated: 7 points.
[planner_local_apf-8] [INFO] [1776380634.646652993] [planner_local_apf]: 🛤️ Rail Updated: 7 points.
[planner_local_apf-8] [INFO] [1776380634.684493659] [planner_local_apf]: 🛤️ Rail Updated: 7 points.
[planner_local_apf-8] [INFO] [1776380634.730036219] [planner_local_apf]: 🛤️ Rail Updated: 7 points.
[planner_local_apf-8] [INFO] [1776380634.771081210] [planner_local_apf]: 🛤️ Rail Updated: 7 points.
[planner_local_apf-8] [INFO] [1776380634.814217410] [planner_local_apf]: 🛤️ Rail Updated: 7 points.
[planner_local_apf-8] [INFO] [1776380634.845714325] [planner_local_apf]: 🛤️ Rail Updated: 7 points.
[planner_local_apf-8] [INFO] [1776380634.896985364] [planner_local_apf]: 🛤️ Rail Updated: 7 points.
[planner_local_apf-8] [INFO] [1776380634.941318281] [planner_local_apf]: 🛤️ Rail Updated: 7 points.
[planner_local_apf-8] [INFO] [1776380634.978400124] [planner_local_apf]: 🛤️ Rail Updated: 7 points.
[planner_local_apf-8] [INFO] [1776380635.024405605] [planner_local_apf]: 🛤️ Rail Updated: 7 points.
[planner_local_apf-8] [INFO] [1776380635.080291455] [planner_local_apf]: 🛤️ Rail Updated: 7 points.
[planner_local_apf-8] [INFO] [1776380635.124461571] [planner_local_apf]: 🛤️ Rail Updated: 7 points.
[planner_local_apf-8] [INFO] [1776380635.162017610] [planner_local_apf]: 🛤️ Rail Updated: 7 points.
[planner_local_apf-8] [INFO] [1776380635.193466492] [planner_local_apf]: 🛤️ Rail Updated: 7 points.
[planner_local_apf-8] [INFO] [1776380635.235874485] [planner_local_apf]: 🛤️ Rail Updated: 7 points.
[planner_local_apf-8] [INFO] [1776380635.282479562] [planner_local_apf]: 🛤️ Rail Updated: 7 points.
[planner_local_apf-8] [INFO] [1776380635.324743638] [planner_local_apf]: 🛤️ Rail Updated: 7 points.
[planner_local_apf-8] [INFO] [1776380635.367795962] [planner_local_apf]: 🛤️ Rail Updated: 7 points.
[planner_local_apf-8] [INFO] [1776380635.392822443] [planner_local_apf]: 🛤️ Rail Updated: 7 points.
[planner_local_apf-8] [INFO] [1776380635.438224018] [planner_local_apf]: 🛤️ Rail Updated: 7 points.
[planner_local_apf-8] [INFO] [1776380635.483843212] [planner_local_apf]: 🛤️ Rail Updated: 7 points.
[planner_local_apf-8] [INFO] [1776380635.533424179] [planner_local_apf]: 🛤️ Rail Updated: 7 points.
[planner_local_apf-8] [INFO] [1776380635.581180507] [planner_local_apf]: 🛤️ Rail Updated: 7 points.
[planner_local_apf-8] [INFO] [1776380635.622860753] [planner_local_apf]: 🛤️ Rail Updated: 7 points.
[planner_global_dstar-7] [INFO] [1776380635.628257213] [planner_global_dstar]: D* status: g[start]=10.2 waypoints=7 reached_goal=True
[planner_local_apf-8] [INFO] [1776380635.662362799] [planner_local_apf]: 🛤️ Rail Updated: 7 points.
[planner_local_apf-8] [INFO] [1776380635.695501936] [planner_local_apf]: 🛤️ Rail Updated: 7 points.
[planner_local_apf-8] [INFO] [1776380635.743055770] [planner_local_apf]: 🛤️ Rail Updated: 7 points.
[planner_local_apf-8] [INFO] [1776380635.781126430] [planner_local_apf]: 🛤️ Rail Updated: 7 points.
[planner_local_apf-8] [INFO] [1776380638.754162511] [planner_local_apf]: 🛤️ Rail Updated: 7 points.
[planner_global_dstar-7] [INFO] [1776380638.754550998] [planner_global_dstar]: D* status: g[start]=10.2 waypoints=7 reached_goal=True
[planner_local_apf-8] [INFO] [1776380638.765860554] [planner_local_apf]: 🛣️ Path Received: 7 waypoints. Engaging motors.
[planner_local_apf-8] [INFO] [1776380638.794326579] [planner_local_apf]: 🛤️ Rail Updated: 7 points.
[planner_local_apf-8] [INFO] [1776380638.838155875] [planner_local_apf]: 🛤️ Rail Updated: 7 points.
[planner_local_apf-8] [INFO] [1776380638.878884981] [planner_local_apf]: 🛤️ Rail Updated: 7 points.
[planner_local_apf-8] [INFO] [1776380638.917257226] [planner_local_apf]: 🛤️ Rail Updated: 7 points.
[planner_local_apf-8] [INFO] [1776380638.942853786] [planner_local_apf]: 🛤️ Rail Updated: 7 points.
[planner_local_apf-8] [INFO] [1776380638.984881635] [planner_local_apf]: 🛤️ Rail Updated: 7 points.
[planner_local_apf-8] [INFO] [1776380639.023559041] [planner_local_apf]: 🛤️ Rail Updated: 7 points.
[planner_local_apf-8] [INFO] [1776380639.066859142] [planner_local_apf]: 🛤️ Rail Updated: 7 points.
[planner_local_apf-8] [INFO] [1776380639.112478703] [planner_local_apf]: 🛤️ Rail Updated: 7 points.
[planner_local_apf-8] [INFO] [1776380639.141984694] [planner_local_apf]: 🛤️ Rail Updated: 7 points.
[planner_local_apf-8] [INFO] [1776380639.188608013] [planner_local_apf]: 🛤️ Rail Updated: 7 points.
[planner_local_apf-8] [INFO] [1776380639.236215564] [planner_local_apf]: 🛤️ Rail Updated: 7 points.
[planner_local_apf-8] [INFO] [1776380639.276518233] [planner_local_apf]: 🛤️ Rail Updated: 7 points.
[planner_local_apf-8] [INFO] [1776380639.322944008] [planner_local_apf]: 🛤️ Rail Updated: 7 points.
[planner_local_apf-8] [INFO] [1776380639.364965349] [planner_local_apf]: 🛤️ Rail Updated: 7 points.
[planner_local_apf-8] [INFO] [1776380639.395970561] [planner_local_apf]: 🛤️ Rail Updated: 7 points.
[planner_local_apf-8] [INFO] [1776380639.434508999] [planner_local_apf]: 🛤️ Rail Updated: 7 points.
[planner_local_apf-8] [INFO] [1776380639.476241220] [planner_local_apf]: 🛤️ Rail Updated: 7 points.
[planner_local_apf-8] [INFO] [1776380639.518027801] [planner_local_apf]: 🛤️ Rail Updated: 7 points.
[planner_local_apf-8] [INFO] [1776380639.563025031] [planner_local_apf]: 🛤️ Rail Updated: 7 points.
[planner_local_apf-8] [INFO] [1776380639.594419005] [planner_local_apf]: 🛤️ Rail Updated: 7 points.
[planner_local_apf-8] [INFO] [1776380639.647075229] [planner_local_apf]: 🛤️ Rail Updated: 7 points.
[planner_local_apf-8] [INFO] [1776380639.683277341] [planner_local_apf]: 🛤️ Rail Updated: 7 points.
[planner_local_apf-8] [INFO] [1776380639.726511441] [planner_local_apf]: 🛤️ Rail Updated: 7 points.
[planner_local_apf-8] [INFO] [1776380639.766229546] [planner_local_apf]: 🛤️ Rail Updated: 7 points.
[planner_local_apf-8] [INFO] [1776380639.819760278] [planner_local_apf]: 🛤️ Rail Updated: 7 points.
[planner_local_apf-8] [INFO] [1776380639.860589851] [planner_local_apf]: 🛤️ Rail Updated: 7 points.
[planner_local_apf-8] [INFO] [1776380639.890283486] [planner_local_apf]: 🛤️ Rail Updated: 7 points.
[planner_local_apf-8] [INFO] [1776380639.933128549] [planner_local_apf]: 🛤️ Rail Updated: 7 points.
[planner_local_apf-8] [INFO] [1776380639.970694121] [planner_local_apf]: 🛤️ Rail Updated: 7 points.
[planner_local_apf-8] [INFO] [1776380640.011083782] [planner_local_apf]: 🛤️ Rail Updated: 7 points.
[planner_local_apf-8] [INFO] [1776380640.041474181] [planner_local_apf]: 🛤️ Rail Updated: 7 points.
[planner_local_apf-8] [INFO] [1776380640.082858158] [planner_local_apf]: 🛤️ Rail Updated: 7 points.
[planner_local_apf-8] [INFO] [1776380640.129337376] [planner_local_apf]: 🛤️ Rail Updated: 7 points.
[planner_local_apf-8] [INFO] [1776380640.168348176] [planner_local_apf]: 🛤️ Rail Updated: 7 points.
[planner_local_apf-8] [INFO] [1776380640.194391523] [planner_local_apf]: 🛤️ Rail Updated: 7 points.
[planner_local_apf-8] [INFO] [1776380640.239368862] [planner_local_apf]: 🛤️ Rail Updated: 7 points.
[planner_local_apf-8] [INFO] [1776380640.285413760] [planner_local_apf]: 🛤️ Rail Updated: 7 points.
[planner_local_apf-8] [INFO] [1776380640.322927448] [planner_local_apf]: 🛤️ Rail Updated: 7 points.
[planner_local_apf-8] [INFO] [1776380640.358435454] [planner_local_apf]: 🛤️ Rail Updated: 7 points.
[planner_local_apf-8] [INFO] [1776380640.385460192] [planner_local_apf]: 🛤️ Rail Updated: 7 points.
[planner_local_apf-8] [INFO] [1776380640.426136956] [planner_local_apf]: 🛤️ Rail Updated: 7 points.
[planner_local_apf-8] [INFO] [1776380640.467598850] [planner_local_apf]: 🛤️ Rail Updated: 7 points.
[planner_local_apf-8] [INFO] [1776380640.507342531] [planner_local_apf]: 🛤️ Rail Updated: 7 points.
[planner_local_apf-8] [INFO] [1776380640.533314653] [planner_local_apf]: 🛤️ Rail Updated: 7 points.
[planner_local_apf-8] [INFO] [1776380640.578717512] [planner_local_apf]: 🛤️ Rail Updated: 7 points.
[planner_local_apf-8] [INFO] [1776380640.618943547] [planner_local_apf]: 🛤️ Rail Updated: 7 points.
[planner_local_apf-8] [INFO] [1776380640.658646986] [planner_local_apf]: 🛤️ Rail Updated: 7 points.
[planner_local_apf-8] [INFO] [1776380640.687665673] [planner_local_apf]: 🛤️ Rail Updated: 7 points.
[planner_local_apf-8] [INFO] [1776380640.726841291] [planner_local_apf]: 🛤️ Rail Updated: 7 points.
[planner_local_apf-8] [INFO] [1776380640.762848793] [planner_local_apf]: 🛤️ Rail Updated: 7 points.
[planner_local_apf-8] [INFO] [1776380640.777364691] [planner_local_apf]: 🛣️ Path Received: 7 waypoints. Engaging motors.
[planner_local_apf-8] [INFO] [1776380640.795377792] [planner_local_apf]: 🛤️ Rail Updated: 7 points.
[planner_global_dstar-7] [INFO] [1776380640.834618127] [planner_global_dstar]: D* status: g[start]=10.2 waypoints=7 reached_goal=True
[planner_local_apf-8] [INFO] [1776380640.840977369] [planner_local_apf]: 🛤️ Rail Updated: 7 points.
[planner_local_apf-8] [INFO] [1776380640.884439079] [planner_local_apf]: 🛤️ Rail Updated: 7 points.
[planner_local_apf-8] [INFO] [1776380640.928782263] [planner_local_apf]: 🛤️ Rail Updated: 7 points.
[planner_local_apf-8] [INFO] [1776380640.976389906] [planner_local_apf]: 🛤️ Rail Updated: 7 points.
[planner_local_apf-8] [INFO] [1776380641.024634729] [planner_local_apf]: 🛤️ Rail Updated: 7 points.
[planner_local_apf-8] [INFO] [1776380641.076645066] [planner_local_apf]: 🛤️ Rail Updated: 7 points.
[planner_local_apf-8] [INFO] [1776380641.126974497] [planner_local_apf]: 🛤️ Rail Updated: 7 points.
[planner_local_apf-8] [INFO] [1776380641.164841655] [planner_local_apf]: 🛤️ Rail Updated: 7 points.
[planner_local_apf-8] [INFO] [1776380641.194880142] [planner_local_apf]: 🛤️ Rail Updated: 7 points.
[planner_local_apf-8] [INFO] [1776380641.235109018] [planner_local_apf]: 🛤️ Rail Updated: 7 points.
[planner_local_apf-8] [INFO] [1776380641.278516003] [planner_local_apf]: 🛤️ Rail Updated: 7 points.
[planner_local_apf-8] [INFO] [1776380641.317235943] [planner_local_apf]: 🛤️ Rail Updated: 7 points.
[planner_local_apf-8] [INFO] [1776380641.342855237] [planner_local_apf]: 🛤️ Rail Updated: 7 points.
[planner_local_apf-8] [INFO] [1776380641.382536126] [planner_local_apf]: 🛤️ Rail Updated: 7 points.
[planner_local_apf-8] [INFO] [1776380641.423386599] [planner_local_apf]: 🛤️ Rail Updated: 7 points.
[planner_local_apf-8] [INFO] [1776380641.464996994] [planner_local_apf]: 🛤️ Rail Updated: 7 points.
[planner_local_apf-8] [INFO] [1776380641.493736097] [planner_local_apf]: 🛤️ Rail Updated: 7 points.
[planner_local_apf-8] [INFO] [1776380641.536676861] [planner_local_apf]: 🛤️ Rail Updated: 7 points.
[planner_local_apf-8] [INFO] [1776380641.575279741] [planner_local_apf]: 🛤️ Rail Updated: 7 points.
[planner_local_apf-8] [INFO] [1776380641.616811028] [planner_local_apf]: 🛤️ Rail Updated: 7 points.
[planner_local_apf-8] [INFO] [1776380641.662270721] [planner_local_apf]: 🛤️ Rail Updated: 7 points.
[planner_local_apf-8] [INFO] [1776380641.689821905] [planner_local_apf]: 🛤️ Rail Updated: 7 points.
[planner_local_apf-8] [INFO] [1776380641.729880280] [planner_local_apf]: 🛤️ Rail Updated: 7 points.
[planner_local_apf-8] [INFO] [1776380641.773260865] [planner_local_apf]: 🛤️ Rail Updated: 7 points.
[planner_local_apf-8] [INFO] [1776380641.821818916] [planner_local_apf]: 🛤️ Rail Updated: 7 points.
[planner_local_apf-8] [INFO] [1776380641.862872157] [planner_local_apf]: 🛤️ Rail Updated: 7 points.
[planner_local_apf-8] [INFO] [1776380641.895234138] [planner_local_apf]: 🛤️ Rail Updated: 7 points.
[planner_local_apf-8] [INFO] [1776380641.941456137] [planner_local_apf]: 🛤️ Rail Updated: 7 points.
[planner_local_apf-8] [INFO] [1776380641.983271042] [planner_local_apf]: 🛤️ Rail Updated: 7 points.
[planner_local_apf-8] [INFO] [1776380642.027272765] [planner_local_apf]: 🛤️ Rail Updated: 7 points.
[planner_local_apf-8] [INFO] [1776380642.070023686] [planner_local_apf]: 🛤️ Rail Updated: 7 points.
[planner_local_apf-8] [INFO] [1776380642.111081786] [planner_local_apf]: 🛤️ Rail Updated: 7 points.
[planner_local_apf-8] [INFO] [1776380642.142923096] [planner_local_apf]: 🛤️ Rail Updated: 7 points.
[planner_local_apf-8] [INFO] [1776380642.189147203] [planner_local_apf]: 🛤️ Rail Updated: 7 points.
[planner_local_apf-8] [INFO] [1776380642.233116201] [planner_local_apf]: 🛤️ Rail Updated: 7 points.
[planner_local_apf-8] [INFO] [1776380642.282720085] [planner_local_apf]: 🛤️ Rail Updated: 7 points.
[planner_local_apf-8] [INFO] [1776380642.331240368] [planner_local_apf]: 🛤️ Rail Updated: 7 points.
[planner_local_apf-8] [INFO] [1776380642.375684478] [planner_local_apf]: 🛤️ Rail Updated: 7 points.
[planner_local_apf-8] [INFO] [1776380642.417364816] [planner_local_apf]: 🛤️ Rail Updated: 7 points.
[planner_local_apf-8] [INFO] [1776380642.443923884] [planner_local_apf]: 🛤️ Rail Updated: 7 points.
[planner_local_apf-8] [INFO] [1776380642.479992161] [planner_local_apf]: 🛤️ Rail Updated: 7 points.
[planner_local_apf-8] [INFO] [1776380642.521342771] [planner_local_apf]: 🛤️ Rail Updated: 7 points.
[planner_local_apf-8] [INFO] [1776380642.559777350] [planner_local_apf]: 🛤️ Rail Updated: 7 points.
[planner_local_apf-8] [INFO] [1776380642.589471810] [planner_local_apf]: 🛤️ Rail Updated: 7 points.
[planner_local_apf-8] [INFO] [1776380642.629169291] [planner_local_apf]: 🛤️ Rail Updated: 7 points.
[planner_local_apf-8] [INFO] [1776380642.668855496] [planner_local_apf]: 🛤️ Rail Updated: 7 points.
[planner_local_apf-8] [INFO] [1776380642.707451776] [planner_local_apf]: 🛤️ Rail Updated: 7 points.
[planner_local_apf-8] [INFO] [1776380642.745193625] [planner_local_apf]: 🛤️ Rail Updated: 7 points.
[planner_local_apf-8] [INFO] [1776380642.794389864] [planner_local_apf]: 🛤️ Rail Updated: 7 points.
[planner_local_apf-8] [INFO] [1776380642.811169030] [planner_local_apf]: 🛣️ Path Received: 7 waypoints. Engaging motors.
[planner_local_apf-8] [INFO] [1776380642.843020515] [planner_local_apf]: 🛤️ Rail Updated: 7 points.
[planner_local_apf-8] [INFO] [1776380642.882515869] [planner_local_apf]: 🛤️ Rail Updated: 7 points.
[planner_local_apf-8] [INFO] [1776380642.924547751] [planner_local_apf]: 🛤️ Rail Updated: 7 points.
[planner_local_apf-8] [INFO] [1776380642.964821269] [planner_local_apf]: 🛤️ Rail Updated: 7 points.
[planner_local_apf-8] [INFO] [1776380642.992256953] [planner_local_apf]: 🛤️ Rail Updated: 7 points.
[planner_global_dstar-7] [INFO] [1776380643.029599498] [planner_global_dstar]: D* status: g[start]=10.2 waypoints=7 reached_goal=True
[planner_local_apf-8] [INFO] [1776380643.034672830] [planner_local_apf]: 🛤️ Rail Updated: 7 points.
[planner_local_apf-8] [INFO] [1776380643.116058624] [planner_local_apf]: 🛤️ Rail Updated: 7 points.
[planner_local_apf-8] [INFO] [1776380643.207002393] [planner_local_apf]: 🛤️ Rail Updated: 7 points.
[planner_local_apf-8] [INFO] [1776380643.287711222] [planner_local_apf]: 🛤️ Rail Updated: 7 points.
[planner_local_apf-8] [INFO] [1776380643.351572594] [planner_local_apf]: 🛤️ Rail Updated: 7 points.
[planner_local_apf-8] [INFO] [1776380643.391769662] [planner_local_apf]: 🛤️ Rail Updated: 7 points.
[planner_local_apf-8] [INFO] [1776380643.438461914] [planner_local_apf]: 🛤️ Rail Updated: 7 points.
[planner_local_apf-8] [INFO] [1776380643.484078542] [planner_local_apf]: 🛤️ Rail Updated: 7 points.
[planner_local_apf-8] [INFO] [1776380643.526290459] [planner_local_apf]: 🛤️ Rail Updated: 7 points.
[planner_local_apf-8] [INFO] [1776380643.584999940] [planner_local_apf]: 🛤️ Rail Updated: 7 points.
[planner_local_apf-8] [INFO] [1776380643.638879007] [planner_local_apf]: 🛤️ Rail Updated: 7 points.
[planner_local_apf-8] [INFO] [1776380643.692032528] [planner_local_apf]: 🛤️ Rail Updated: 7 points.
[planner_local_apf-8] [INFO] [1776380643.749815251] [planner_local_apf]: 🛤️ Rail Updated: 7 points.
[planner_local_apf-8] [INFO] [1776380643.809594399] [planner_local_apf]: 🛤️ Rail Updated: 7 points.
[planner_local_apf-8] [INFO] [1776380643.865867452] [planner_local_apf]: 🛤️ Rail Updated: 7 points.
[planner_local_apf-8] [INFO] [1776380643.908799600] [planner_local_apf]: 🛤️ Rail Updated: 7 points.
[planner_local_apf-8] [INFO] [1776380643.933173776] [planner_local_apf]: 🛤️ Rail Updated: 7 points.
[planner_local_apf-8] [INFO] [1776380643.969851732] [planner_local_apf]: 🛤️ Rail Updated: 7 points.
[planner_local_apf-8] [INFO] [1776380644.012624379] [planner_local_apf]: 🛤️ Rail Updated: 7 points.
[planner_local_apf-8] [INFO] [1776380644.067343487] [planner_local_apf]: 🛤️ Rail Updated: 7 points.
[planner_local_apf-8] [INFO] [1776380644.114112190] [planner_local_apf]: 🛤️ Rail Updated: 7 points.
[planner_local_apf-8] [INFO] [1776380644.149321451] [planner_local_apf]: 🛤️ Rail Updated: 7 points.
[planner_local_apf-8] [INFO] [1776380644.189420068] [planner_local_apf]: 🛤️ Rail Updated: 7 points.
[planner_local_apf-8] [INFO] [1776380644.227201334] [planner_local_apf]: 🛤️ Rail Updated: 7 points.
[planner_local_apf-8] [INFO] [1776380644.270683761] [planner_local_apf]: 🛤️ Rail Updated: 7 points.
[planner_local_apf-8] [INFO] [1776380644.312648268] [planner_local_apf]: 🛤️ Rail Updated: 7 points.
[planner_local_apf-8] [INFO] [1776380644.344385260] [planner_local_apf]: 🛤️ Rail Updated: 7 points.
[planner_local_apf-8] [INFO] [1776380644.383585812] [planner_local_apf]: 🛤️ Rail Updated: 7 points.
[planner_local_apf-8] [INFO] [1776380644.425018465] [planner_local_apf]: 🛤️ Rail Updated: 7 points.
[planner_local_apf-8] [INFO] [1776380644.472850326] [planner_local_apf]: 🛤️ Rail Updated: 7 points.
[planner_local_apf-8] [INFO] [1776380644.511524982] [planner_local_apf]: 🛤️ Rail Updated: 7 points.
[planner_local_apf-8] [INFO] [1776380644.539239334] [planner_local_apf]: 🛤️ Rail Updated: 7 points.
[planner_local_apf-8] [INFO] [1776380644.574727082] [planner_local_apf]: 🛤️ Rail Updated: 7 points.
[planner_local_apf-8] [INFO] [1776380644.611146078] [planner_local_apf]: 🛤️ Rail Updated: 7 points.
[planner_local_apf-8] [INFO] [1776380644.640378717] [planner_local_apf]: 🛤️ Rail Updated: 7 points.
[planner_local_apf-8] [INFO] [1776380644.681077022] [planner_local_apf]: 🛤️ Rail Updated: 7 points.
[planner_local_apf-8] [INFO] [1776380644.722054455] [planner_local_apf]: 🛤️ Rail Updated: 7 points.
[planner_local_apf-8] [INFO] [1776380644.760445583] [planner_local_apf]: 🛤️ Rail Updated: 7 points.
[planner_local_apf-8] [INFO] [1776380644.787474997] [planner_local_apf]: 🛤️ Rail Updated: 7 points.
[planner_local_apf-8] [INFO] [1776380644.827177978] [planner_local_apf]: 🛤️ Rail Updated: 7 points.
[planner_local_apf-8] [INFO] [1776380644.841125171] [planner_local_apf]: 🛣️ Path Received: 7 waypoints. Engaging motors.
[planner_local_apf-8] [INFO] [1776380644.865081894] [planner_local_apf]: 🛤️ Rail Updated: 7 points.
[planner_local_apf-8] [INFO] [1776380644.910946848] [planner_local_apf]: 🛤️ Rail Updated: 7 points.
[planner_local_apf-8] [INFO] [1776380644.937012013] [planner_local_apf]: 🛤️ Rail Updated: 7 points.
[planner_local_apf-8] [INFO] [1776380644.975204315] [planner_local_apf]: 🛤️ Rail Updated: 7 points.
[planner_local_apf-8] [INFO] [1776380645.016602409] [planner_local_apf]: 🛤️ Rail Updated: 7 points.
[planner_local_apf-8] [INFO] [1776380645.060121228] [planner_local_apf]: 🛤️ Rail Updated: 7 points.
[planner_local_apf-8] [INFO] [1776380645.089488618] [planner_local_apf]: 🛤️ Rail Updated: 7 points.
[planner_local_apf-8] [INFO] [1776380645.136134670] [planner_local_apf]: 🛤️ Rail Updated: 7 points.
[planner_local_apf-8] [INFO] [1776380645.174174713] [planner_local_apf]: 🛤️ Rail Updated: 7 points.
[planner_local_apf-8] [INFO] [1776380645.213956802] [planner_local_apf]: 🛤️ Rail Updated: 7 points.
[planner_global_dstar-7] [INFO] [1776380645.226995297] [planner_global_dstar]: D* status: g[start]=10.2 waypoints=7 reached_goal=True
[planner_local_apf-8] [INFO] [1776380645.244528611] [planner_local_apf]: 🛤️ Rail Updated: 7 points.
[planner_local_apf-8] [INFO] [1776380645.285105090] [planner_local_apf]: 🛤️ Rail Updated: 7 points.
[planner_local_apf-8] [INFO] [1776380645.325717961] [planner_local_apf]: 🛤️ Rail Updated: 7 points.
[planner_local_apf-8] [INFO] [1776380645.369646900] [planner_local_apf]: 🛤️ Rail Updated: 7 points.
[planner_local_apf-8] [INFO] [1776380645.412536881] [planner_local_apf]: 🛤️ Rail Updated: 7 points.
[planner_local_apf-8] [INFO] [1776380645.444344824] [planner_local_apf]: 🛤️ Rail Updated: 7 points.
[planner_local_apf-8] [INFO] [1776380645.480858604] [planner_local_apf]: 🛤️ Rail Updated: 7 points.
[planner_local_apf-8] [INFO] [1776380645.518340942] [planner_local_apf]: 🛤️ Rail Updated: 7 points.
[planner_local_apf-8] [INFO] [1776380645.559171982] [planner_local_apf]: 🛤️ Rail Updated: 7 points.
[planner_local_apf-8] [INFO] [1776380645.587936843] [planner_local_apf]: 🛤️ Rail Updated: 7 points.
[planner_local_apf-8] [INFO] [1776380645.630383795] [planner_local_apf]: 🛤️ Rail Updated: 7 points.
[planner_local_apf-8] [INFO] [1776380645.671977599] [planner_local_apf]: 🛤️ Rail Updated: 7 points.
[planner_local_apf-8] [INFO] [1776380645.709060084] [planner_local_apf]: 🛤️ Rail Updated: 7 points.
[planner_local_apf-8] [INFO] [1776380645.736455525] [planner_local_apf]: 🛤️ Rail Updated: 7 points.
[planner_local_apf-8] [INFO] [1776380645.782918151] [planner_local_apf]: 🛤️ Rail Updated: 7 points.
[planner_local_apf-8] [INFO] [1776380645.839317522] [planner_local_apf]: 🛤️ Rail Updated: 7 points.
[planner_local_apf-8] [INFO] [1776380645.881068994] [planner_local_apf]: 🛤️ Rail Updated: 7 points.
[planner_local_apf-8] [INFO] [1776380645.925043308] [planner_local_apf]: 🛤️ Rail Updated: 7 points.
[planner_local_apf-8] [INFO] [1776380645.965519320] [planner_local_apf]: 🛤️ Rail Updated: 7 points.
[planner_local_apf-8] [INFO] [1776380645.992920720] [planner_local_apf]: 🛤️ Rail Updated: 7 points.
[planner_local_apf-8] [INFO] [1776380646.032380965] [planner_local_apf]: 🛤️ Rail Updated: 7 points.
[planner_local_apf-8] [INFO] [1776380646.077241061] [planner_local_apf]: 🛤️ Rail Updated: 7 points.
[planner_local_apf-8] [INFO] [1776380646.119265885] [planner_local_apf]: 🛤️ Rail Updated: 7 points.
[planner_local_apf-8] [INFO] [1776380646.163979772] [planner_local_apf]: 🛤️ Rail Updated: 7 points.
[planner_local_apf-8] [INFO] [1776380646.195134310] [planner_local_apf]: 🛤️ Rail Updated: 7 points.
[planner_local_apf-8] [INFO] [1776380646.235517188] [planner_local_apf]: 🛤️ Rail Updated: 7 points.
[planner_local_apf-8] [INFO] [1776380646.283653935] [planner_local_apf]: 🛤️ Rail Updated: 7 points.
[planner_local_apf-8] [INFO] [1776380646.324392207] [planner_local_apf]: 🛤️ Rail Updated: 7 points.
[planner_local_apf-8] [INFO] [1776380646.363010396] [planner_local_apf]: 🛤️ Rail Updated: 7 points.
[planner_local_apf-8] [INFO] [1776380646.392329752] [planner_local_apf]: 🛤️ Rail Updated: 7 points.
[planner_local_apf-8] [INFO] [1776380646.434035299] [planner_local_apf]: 🛤️ Rail Updated: 7 points.
[planner_local_apf-8] [INFO] [1776380646.473227784] [planner_local_apf]: 🛤️ Rail Updated: 7 points.
[planner_local_apf-8] [INFO] [1776380646.511665388] [planner_local_apf]: 🛤️ Rail Updated: 7 points.
[planner_local_apf-8] [INFO] [1776380646.541570316] [planner_local_apf]: 🛤️ Rail Updated: 7 points.
[planner_local_apf-8] [INFO] [1776380646.580151471] [planner_local_apf]: 🛤️ Rail Updated: 7 points.
[planner_local_apf-8] [INFO] [1776380646.627078484] [planner_local_apf]: 🛤️ Rail Updated: 7 points.
[planner_local_apf-8] [INFO] [1776380646.678183421] [planner_local_apf]: 🛤️ Rail Updated: 7 points.
[planner_local_apf-8] [INFO] [1776380646.721620381] [planner_local_apf]: 🛤️ Rail Updated: 7 points.
[planner_local_apf-8] [INFO] [1776380646.759417413] [planner_local_apf]: 🛤️ Rail Updated: 7 points.
[planner_local_apf-8] [INFO] [1776380646.787528502] [planner_local_apf]: 🛤️ Rail Updated: 7 points.
[planner_local_apf-8] [INFO] [1776380646.827963263] [planner_local_apf]: 🛤️ Rail Updated: 7 points.
[planner_local_apf-8] [INFO] [1776380646.866105607] [planner_local_apf]: 🛤️ Rail Updated: 7 points.
[planner_local_apf-8] [INFO] [1776380646.876203778] [planner_local_apf]: 🛣️ Path Received: 7 waypoints. Engaging motors.
[planner_local_apf-8] [INFO] [1776380646.894683008] [planner_local_apf]: 🛤️ Rail Updated: 7 points.
[planner_local_apf-8] [INFO] [1776380646.934324296] [planner_local_apf]: 🛤️ Rail Updated: 7 points.
[planner_local_apf-8] [INFO] [1776380646.975435471] [planner_local_apf]: 🛤️ Rail Updated: 7 points.
[planner_local_apf-8] [INFO] [1776380647.018086200] [planner_local_apf]: 🛤️ Rail Updated: 7 points.
[planner_local_apf-8] [INFO] [1776380647.062059048] [planner_local_apf]: 🛤️ Rail Updated: 7 points.
[planner_local_apf-8] [INFO] [1776380647.097568245] [planner_local_apf]: 🛤️ Rail Updated: 7 points.
[planner_local_apf-8] [INFO] [1776380647.135049025] [planner_local_apf]: 🛤️ Rail Updated: 7 points.
[planner_local_apf-8] [INFO] [1776380647.173306136] [planner_local_apf]: 🛤️ Rail Updated: 7 points.
[planner_local_apf-8] [INFO] [1776380647.224602841] [planner_local_apf]: 🛤️ Rail Updated: 7 points.
[planner_global_dstar-7] [INFO] [1776380647.227292912] [planner_global_dstar]: D* status: g[start]=10.2 waypoints=7 reached_goal=True
[planner_local_apf-8] [INFO] [1776380647.265475223] [planner_local_apf]: 🛤️ Rail Updated: 7 points.
[planner_local_apf-8] [INFO] [1776380647.293969206] [planner_local_apf]: 🛤️ Rail Updated: 7 points.
[planner_local_apf-8] [INFO] [1776380647.336219165] [planner_local_apf]: 🛤️ Rail Updated: 7 points.
[planner_local_apf-8] [INFO] [1776380647.375607635] [planner_local_apf]: 🛤️ Rail Updated: 7 points.
[planner_local_apf-8] [INFO] [1776380647.417611376] [planner_local_apf]: 🛤️ Rail Updated: 7 points.
[planner_local_apf-8] [INFO] [1776380647.457129096] [planner_local_apf]: 🛤️ Rail Updated: 7 points.
[planner_local_apf-8] [INFO] [1776380647.488848580] [planner_local_apf]: 🛤️ Rail Updated: 7 points.
[planner_local_apf-8] [INFO] [1776380647.524140893] [planner_local_apf]: 🛤️ Rail Updated: 7 points.
[planner_local_apf-8] [INFO] [1776380647.560913542] [planner_local_apf]: 🛤️ Rail Updated: 7 points.
[planner_local_apf-8] [INFO] [1776380647.592630093] [planner_local_apf]: 🛤️ Rail Updated: 7 points.
[planner_local_apf-8] [INFO] [1776380647.633295031] [planner_local_apf]: 🛤️ Rail Updated: 7 points.
[planner_local_apf-8] [INFO] [1776380647.674716042] [planner_local_apf]: 🛤️ Rail Updated: 7 points.
[planner_local_apf-8] [INFO] [1776380647.715971501] [planner_local_apf]: 🛤️ Rail Updated: 7 points.
[planner_local_apf-8] [INFO] [1776380647.752281597] [planner_local_apf]: 🛤️ Rail Updated: 7 points.
[planner_local_apf-8] [INFO] [1776380647.779900523] [planner_local_apf]: 🛤️ Rail Updated: 7 points.
[planner_local_apf-8] [INFO] [1776380647.821192008] [planner_local_apf]: 🛤️ Rail Updated: 7 points.
[planner_local_apf-8] [INFO] [1776380647.862362492] [planner_local_apf]: 🛤️ Rail Updated: 7 points.
[planner_local_apf-8] [INFO] [1776380647.891031652] [planner_local_apf]: 🛤️ Rail Updated: 7 points.
[planner_local_apf-8] [INFO] [1776380647.944929328] [planner_local_apf]: 🛤️ Rail Updated: 7 points.
[planner_local_apf-8] [INFO] [1776380647.989958734] [planner_local_apf]: 🛤️ Rail Updated: 7 points.
[planner_local_apf-8] [INFO] [1776380648.027998777] [planner_local_apf]: 🛤️ Rail Updated: 7 points.
[planner_local_apf-8] [INFO] [1776380648.066413189] [planner_local_apf]: 🛤️ Rail Updated: 7 points.
[planner_local_apf-8] [INFO] [1776380648.108158335] [planner_local_apf]: 🛤️ Rail Updated: 7 points.
[planner_local_apf-8] [INFO] [1776380648.145391063] [planner_local_apf]: 🛤️ Rail Updated: 7 points.
[planner_local_apf-8] [INFO] [1776380648.186154085] [planner_local_apf]: 🛤️ Rail Updated: 7 points.
[planner_local_apf-8] [INFO] [1776380648.224822049] [planner_local_apf]: 🛤️ Rail Updated: 7 points.
[planner_local_apf-8] [INFO] [1776380648.267793431] [planner_local_apf]: 🛤️ Rail Updated: 7 points.
[planner_local_apf-8] [INFO] [1776380648.310143124] [planner_local_apf]: 🛤️ Rail Updated: 7 points.
[planner_local_apf-8] [INFO] [1776380648.340262370] [planner_local_apf]: 🛤️ Rail Updated: 7 points.
[planner_local_apf-8] [INFO] [1776380648.376855076] [planner_local_apf]: 🛤️ Rail Updated: 7 points.
[planner_local_apf-8] [INFO] [1776380648.415191388] [planner_local_apf]: 🛤️ Rail Updated: 7 points.
[planner_local_apf-8] [INFO] [1776380648.443503503] [planner_local_apf]: 🛤️ Rail Updated: 7 points.
[planner_local_apf-8] [INFO] [1776380648.484141675] [planner_local_apf]: 🛤️ Rail Updated: 7 points.
[planner_local_apf-8] [INFO] [1776380648.528064655] [planner_local_apf]: 🛤️ Rail Updated: 7 points.
[planner_local_apf-8] [INFO] [1776380648.563683945] [planner_local_apf]: 🛤️ Rail Updated: 7 points.
[planner_local_apf-8] [INFO] [1776380648.593836192] [planner_local_apf]: 🛤️ Rail Updated: 7 points.
[planner_local_apf-8] [INFO] [1776380648.635438979] [planner_local_apf]: 🛤️ Rail Updated: 7 points.
[planner_local_apf-8] [INFO] [1776380648.674127752] [planner_local_apf]: 🛤️ Rail Updated: 7 points.
[planner_local_apf-8] [INFO] [1776380648.714965666] [planner_local_apf]: 🛤️ Rail Updated: 7 points.
[planner_local_apf-8] [INFO] [1776380648.741437926] [planner_local_apf]: 🛤️ Rail Updated: 7 points.
[planner_local_apf-8] [INFO] [1776380648.783360907] [planner_local_apf]: 🛤️ Rail Updated: 7 points.
[planner_local_apf-8] [INFO] [1776380648.830798782] [planner_local_apf]: 🛤️ Rail Updated: 7 points.
[planner_local_apf-8] [INFO] [1776380648.868816366] [planner_local_apf]: 🛤️ Rail Updated: 7 points.
[planner_local_apf-8] [INFO] [1776380648.882077521] [planner_local_apf]: 🛣️ Path Received: 7 waypoints. Engaging motors.
[planner_local_apf-8] [INFO] [1776380648.908197228] [planner_local_apf]: 🛤️ Rail Updated: 7 points.
[planner_local_apf-8] [INFO] [1776380648.932304651] [planner_local_apf]: 🛤️ Rail Updated: 7 points.
[planner_local_apf-8] [INFO] [1776380648.974183266] [planner_local_apf]: 🛤️ Rail Updated: 7 points.
[planner_local_apf-8] [INFO] [1776380649.017406824] [planner_local_apf]: 🛤️ Rail Updated: 7 points.
[planner_local_apf-8] [INFO] [1776380649.069482244] [planner_local_apf]: 🛤️ Rail Updated: 7 points.
[planner_local_apf-8] [INFO] [1776380649.097161213] [planner_local_apf]: 🛤️ Rail Updated: 7 points.
[planner_local_apf-8] [INFO] [1776380649.136321340] [planner_local_apf]: 🛤️ Rail Updated: 7 points.
[planner_local_apf-8] [INFO] [1776380649.176852443] [planner_local_apf]: 🛤️ Rail Updated: 7 points.
[planner_local_apf-8] [INFO] [1776380649.213270890] [planner_local_apf]: 🛤️ Rail Updated: 7 points.
[planner_global_dstar-7] [INFO] [1776380649.228012198] [planner_global_dstar]: D* status: g[start]=10.2 waypoints=7 reached_goal=True
[planner_local_apf-8] [INFO] [1776380649.246494177] [planner_local_apf]: 🛤️ Rail Updated: 7 points.
[planner_local_apf-8] [INFO] [1776380649.285148575] [planner_local_apf]: 🛤️ Rail Updated: 7 points.
[planner_local_apf-8] [INFO] [1776380649.326328775] [planner_local_apf]: 🛤️ Rail Updated: 7 points.
[planner_local_apf-8] [INFO] [1776380649.363788655] [planner_local_apf]: 🛤️ Rail Updated: 7 points.
[planner_local_apf-8] [INFO] [1776380649.392284563] [planner_local_apf]: 🛤️ Rail Updated: 7 points.
[planner_local_apf-8] [INFO] [1776380649.435853891] [planner_local_apf]: 🛤️ Rail Updated: 7 points.
[planner_local_apf-8] [INFO] [1776380649.473406996] [planner_local_apf]: 🛤️ Rail Updated: 7 points.
[planner_local_apf-8] [INFO] [1776380649.531432730] [planner_local_apf]: 🛤️ Rail Updated: 7 points.
[planner_local_apf-8] [INFO] [1776380649.578789205] [planner_local_apf]: 🛤️ Rail Updated: 7 points.
[planner_local_apf-8] [INFO] [1776380649.616249909] [planner_local_apf]: 🛤️ Rail Updated: 7 points.
[planner_local_apf-8] [INFO] [1776380649.657235592] [planner_local_apf]: 🛤️ Rail Updated: 7 points.
[planner_local_apf-8] [INFO] [1776380649.686968827] [planner_local_apf]: 🛤️ Rail Updated: 7 points.
[planner_local_apf-8] [INFO] [1776380649.725381497] [planner_local_apf]: 🛤️ Rail Updated: 7 points.
[planner_local_apf-8] [INFO] [1776380649.765568481] [planner_local_apf]: 🛤️ Rail Updated: 7 points.
[planner_local_apf-8] [INFO] [1776380649.788811665] [planner_local_apf]: 🛤️ Rail Updated: 7 points.
[planner_local_apf-8] [INFO] [1776380649.828794231] [planner_local_apf]: 🛤️ Rail Updated: 7 points.
[planner_local_apf-8] [INFO] [1776380649.862322955] [planner_local_apf]: 🛤️ Rail Updated: 7 points.
[planner_local_apf-8] [INFO] [1776380649.895342007] [planner_local_apf]: 🛤️ Rail Updated: 7 points.
[planner_local_apf-8] [INFO] [1776380649.946574638] [planner_local_apf]: 🛤️ Rail Updated: 7 points.
[planner_local_apf-8] [INFO] [1776380649.996421257] [planner_local_apf]: 🛤️ Rail Updated: 7 points.
[planner_local_apf-8] [INFO] [1776380650.037690283] [planner_local_apf]: 🛤️ Rail Updated: 7 points.
[planner_local_apf-8] [INFO] [1776380650.081667531] [planner_local_apf]: 🛤️ Rail Updated: 7 points.
[planner_local_apf-8] [INFO] [1776380650.124573737] [planner_local_apf]: 🛤️ Rail Updated: 7 points.
[planner_local_apf-8] [INFO] [1776380650.160475087] [planner_local_apf]: 🛤️ Rail Updated: 7 points.
[planner_local_apf-8] [INFO] [1776380650.191553908] [planner_local_apf]: 🛤️ Rail Updated: 7 points.
[planner_local_apf-8] [INFO] [1776380650.232471481] [planner_local_apf]: 🛤️ Rail Updated: 7 points.
[planner_local_apf-8] [INFO] [1776380650.275497038] [planner_local_apf]: 🛤️ Rail Updated: 7 points.
[planner_local_apf-8] [INFO] [1776380650.312938309] [planner_local_apf]: 🛤️ Rail Updated: 7 points.
[planner_local_apf-8] [INFO] [1776380650.339474186] [planner_local_apf]: 🛤️ Rail Updated: 7 points.
[planner_local_apf-8] [INFO] [1776380650.377422927] [planner_local_apf]: 🛤️ Rail Updated: 7 points.
[planner_local_apf-8] [INFO] [1776380650.411496705] [planner_local_apf]: 🛤️ Rail Updated: 7 points.
[planner_local_apf-8] [INFO] [1776380650.443982345] [planner_local_apf]: 🛤️ Rail Updated: 7 points.
[planner_local_apf-8] [INFO] [1776380650.482188764] [planner_local_apf]: 🛤️ Rail Updated: 7 points.
[planner_local_apf-8] [INFO] [1776380650.524651850] [planner_local_apf]: 🛤️ Rail Updated: 7 points.
[planner_local_apf-8] [INFO] [1776380650.563558057] [planner_local_apf]: 🛤️ Rail Updated: 7 points.
[planner_local_apf-8] [INFO] [1776380650.592184500] [planner_local_apf]: 🛤️ Rail Updated: 7 points.
[planner_local_apf-8] [INFO] [1776380650.637301999] [planner_local_apf]: 🛤️ Rail Updated: 7 points.
[planner_local_apf-8] [INFO] [1776380650.678259264] [planner_local_apf]: 🛤️ Rail Updated: 7 points.
[planner_local_apf-8] [INFO] [1776380650.724684673] [planner_local_apf]: 🛤️ Rail Updated: 7 points.
[planner_local_apf-8] [INFO] [1776380650.761862309] [planner_local_apf]: 🛤️ Rail Updated: 7 points.
[planner_local_apf-8] [INFO] [1776380650.795821044] [planner_local_apf]: 🛤️ Rail Updated: 7 points.
[planner_local_apf-8] [INFO] [1776380650.835486899] [planner_local_apf]: 🛤️ Rail Updated: 7 points.
[planner_local_apf-8] [INFO] [1776380650.881970333] [planner_local_apf]: 🛤️ Rail Updated: 7 points.
[planner_local_apf-8] [INFO] [1776380650.892964737] [planner_local_apf]: 🛣️ Path Received: 7 waypoints. Engaging motors.
[planner_local_apf-8] [INFO] [1776380650.923017158] [planner_local_apf]: 🛤️ Rail Updated: 7 points.
[planner_local_apf-8] [INFO] [1776380650.963622604] [planner_local_apf]: 🛤️ Rail Updated: 7 points.
[planner_local_apf-8] [INFO] [1776380650.992779709] [planner_local_apf]: 🛤️ Rail Updated: 7 points.
[planner_local_apf-8] [INFO] [1776380651.034155895] [planner_local_apf]: 🛤️ Rail Updated: 7 points.
[planner_local_apf-8] [INFO] [1776380651.072860434] [planner_local_apf]: 🛤️ Rail Updated: 7 points.
[planner_local_apf-8] [INFO] [1776380651.114322054] [planner_local_apf]: 🛤️ Rail Updated: 7 points.
[planner_local_apf-8] [INFO] [1776380651.143487868] [planner_local_apf]: 🛤️ Rail Updated: 7 points.
[planner_local_apf-8] [INFO] [1776380651.180166374] [planner_local_apf]: 🛤️ Rail Updated: 7 points.
[planner_local_apf-8] [INFO] [1776380651.219368759] [planner_local_apf]: 🛤️ Rail Updated: 7 points.
[planner_global_dstar-7] [INFO] [1776380651.229537515] [planner_global_dstar]: D* status: g[start]=10.2 waypoints=7 reached_goal=True
[planner_local_apf-8] [INFO] [1776380651.262794994] [planner_local_apf]: 🛤️ Rail Updated: 7 points.
[planner_local_apf-8] [INFO] [1776380651.293774723] [planner_local_apf]: 🛤️ Rail Updated: 7 points.
[planner_local_apf-8] [INFO] [1776380651.332860048] [planner_local_apf]: 🛤️ Rail Updated: 7 points.
[planner_local_apf-8] [INFO] [1776380651.408404429] [planner_local_apf]: 🛤️ Rail Updated: 7 points.
[planner_local_apf-8] [INFO] [1776380651.500314922] [planner_local_apf]: 🛤️ Rail Updated: 7 points.
[planner_local_apf-8] [INFO] [1776380651.572259799] [planner_local_apf]: 🛤️ Rail Updated: 7 points.
[planner_local_apf-8] [INFO] [1776380651.643854140] [planner_local_apf]: 🛤️ Rail Updated: 7 points.
[planner_local_apf-8] [INFO] [1776380651.681051210] [planner_local_apf]: 🛤️ Rail Updated: 7 points.
[planner_local_apf-8] [INFO] [1776380651.722526762] [planner_local_apf]: 🛤️ Rail Updated: 7 points.
[planner_local_apf-8] [INFO] [1776380651.759555255] [planner_local_apf]: 🛤️ Rail Updated: 7 points.
[planner_local_apf-8] [INFO] [1776380651.802473103] [planner_local_apf]: 🛤️ Rail Updated: 7 points.
[planner_local_apf-8] [INFO] [1776380651.847270224] [planner_local_apf]: 🛤️ Rail Updated: 7 points.
[planner_local_apf-8] [INFO] [1776380651.889030587] [planner_local_apf]: 🛤️ Rail Updated: 7 points.
[planner_local_apf-8] [INFO] [1776380651.924708361] [planner_local_apf]: 🛤️ Rail Updated: 7 points.
[planner_local_apf-8] [INFO] [1776380651.964725944] [planner_local_apf]: 🛤️ Rail Updated: 7 points.
[planner_local_apf-8] [INFO] [1776380652.004019905] [planner_local_apf]: 🛤️ Rail Updated: 7 points.
[planner_local_apf-8] [INFO] [1776380652.031352554] [planner_local_apf]: 🛤️ Rail Updated: 7 points.
[planner_local_apf-8] [INFO] [1776380652.074644038] [planner_local_apf]: 🛤️ Rail Updated: 7 points.
[planner_local_apf-8] [INFO] [1776380652.117633661] [planner_local_apf]: 🛤️ Rail Updated: 7 points.
[planner_local_apf-8] [INFO] [1776380652.155383302] [planner_local_apf]: 🛤️ Rail Updated: 7 points.
[planner_local_apf-8] [INFO] [1776380652.183535916] [planner_local_apf]: 🛤️ Rail Updated: 7 points.
[planner_local_apf-8] [INFO] [1776380652.230513896] [planner_local_apf]: 🛤️ Rail Updated: 7 points.
[planner_local_apf-8] [INFO] [1776380652.271291493] [planner_local_apf]: 🛤️ Rail Updated: 7 points.
[planner_local_apf-8] [INFO] [1776380652.317736794] [planner_local_apf]: 🛤️ Rail Updated: 7 points.
[planner_local_apf-8] [INFO] [1776380652.359132046] [planner_local_apf]: 🛤️ Rail Updated: 7 points.
[planner_local_apf-8] [INFO] [1776380652.388856664] [planner_local_apf]: 🛤️ Rail Updated: 7 points.
[planner_local_apf-8] [INFO] [1776380652.432446342] [planner_local_apf]: 🛤️ Rail Updated: 7 points.
[planner_local_apf-8] [INFO] [1776380652.477329172] [planner_local_apf]: 🛤️ Rail Updated: 7 points.
[planner_local_apf-8] [INFO] [1776380652.516921602] [planner_local_apf]: 🛤️ Rail Updated: 7 points.
[planner_local_apf-8] [INFO] [1776380652.556144062] [planner_local_apf]: 🛤️ Rail Updated: 7 points.
[planner_local_apf-8] [INFO] [1776380652.585629245] [planner_local_apf]: 🛤️ Rail Updated: 7 points.
[planner_local_apf-8] [INFO] [1776380652.625161908] [planner_local_apf]: 🛤️ Rail Updated: 7 points.
[planner_local_apf-8] [INFO] [1776380652.664132466] [planner_local_apf]: 🛤️ Rail Updated: 7 points.
[planner_local_apf-8] [INFO] [1776380652.697287369] [planner_local_apf]: 🛤️ Rail Updated: 7 points.
[planner_local_apf-8] [INFO] [1776380652.737715989] [planner_local_apf]: 🛤️ Rail Updated: 7 points.
[planner_local_apf-8] [INFO] [1776380652.778104458] [planner_local_apf]: 🛤️ Rail Updated: 7 points.
[planner_local_apf-8] [INFO] [1776380652.820212241] [planner_local_apf]: 🛤️ Rail Updated: 7 points.
[planner_local_apf-8] [INFO] [1776380652.858934656] [planner_local_apf]: 🛤️ Rail Updated: 7 points.
[planner_local_apf-8] [INFO] [1776380652.889389772] [planner_local_apf]: 🛤️ Rail Updated: 7 points.
[planner_local_apf-8] [INFO] [1776380652.904317440] [planner_local_apf]: 🛣️ Path Received: 7 waypoints. Engaging motors.
[planner_local_apf-8] [INFO] [1776380652.933466478] [planner_local_apf]: 🛤️ Rail Updated: 7 points.
[planner_local_apf-8] [INFO] [1776380652.973873281] [planner_local_apf]: 🛤️ Rail Updated: 7 points.
[planner_local_apf-8] [INFO] [1776380653.021916711] [planner_local_apf]: 🛤️ Rail Updated: 7 points.
[planner_local_apf-8] [INFO] [1776380653.060550300] [planner_local_apf]: 🛤️ Rail Updated: 7 points.
[planner_local_apf-8] [INFO] [1776380653.093495652] [planner_local_apf]: 🛤️ Rail Updated: 7 points.
[planner_local_apf-8] [INFO] [1776380653.137889345] [planner_local_apf]: 🛤️ Rail Updated: 7 points.
[planner_local_apf-8] [INFO] [1776380653.178641550] [planner_local_apf]: 🛤️ Rail Updated: 7 points.
[planner_local_apf-8] [INFO] [1776380653.221859242] [planner_local_apf]: 🛤️ Rail Updated: 7 points.
[planner_global_dstar-7] [INFO] [1776380653.232050181] [planner_global_dstar]: D* status: g[start]=10.2 waypoints=7 reached_goal=True
[planner_local_apf-8] [INFO] [1776380653.261661590] [planner_local_apf]: 🛤️ Rail Updated: 7 points.
[planner_local_apf-8] [INFO] [1776380653.288595670] [planner_local_apf]: 🛤️ Rail Updated: 7 points.
[planner_local_apf-8] [INFO] [1776380653.326869647] [planner_local_apf]: 🛤️ Rail Updated: 7 points.
[planner_local_apf-8] [INFO] [1776380653.369441725] [planner_local_apf]: 🛤️ Rail Updated: 7 points.
[planner_local_apf-8] [INFO] [1776380653.395316680] [planner_local_apf]: 🛤️ Rail Updated: 7 points.
[planner_local_apf-8] [INFO] [1776380653.439709914] [planner_local_apf]: 🛤️ Rail Updated: 7 points.
[planner_local_apf-8] [INFO] [1776380653.482318476] [planner_local_apf]: 🛤️ Rail Updated: 7 points.
[planner_local_apf-8] [INFO] [1776380653.524380792] [planner_local_apf]: 🛤️ Rail Updated: 7 points.
[planner_local_apf-8] [INFO] [1776380653.562544402] [planner_local_apf]: 🛤️ Rail Updated: 7 points.
[planner_local_apf-8] [INFO] [1776380653.589811785] [planner_local_apf]: 🛤️ Rail Updated: 7 points.
[planner_local_apf-8] [INFO] [1776380653.637495420] [planner_local_apf]: 🛤️ Rail Updated: 7 points.
[planner_local_apf-8] [INFO] [1776380653.681192990] [planner_local_apf]: 🛤️ Rail Updated: 7 points.
[planner_local_apf-8] [INFO] [1776380653.722591818] [planner_local_apf]: 🛤️ Rail Updated: 7 points.
[planner_local_apf-8] [INFO] [1776380653.762825644] [planner_local_apf]: 🛤️ Rail Updated: 7 points.
[planner_local_apf-8] [INFO] [1776380653.788909600] [planner_local_apf]: 🛤️ Rail Updated: 7 points.
[planner_local_apf-8] [INFO] [1776380653.826166162] [planner_local_apf]: 🛤️ Rail Updated: 7 points.
[planner_local_apf-8] [INFO] [1776380653.865299979] [planner_local_apf]: 🛤️ Rail Updated: 7 points.
[planner_local_apf-8] [INFO] [1776380653.896200874] [planner_local_apf]: 🛤️ Rail Updated: 7 points.
[planner_local_apf-8] [INFO] [1776380653.940260897] [planner_local_apf]: 🛤️ Rail Updated: 7 points.
[planner_local_apf-8] [INFO] [1776380653.979807035] [planner_local_apf]: 🛤️ Rail Updated: 7 points.
[planner_local_apf-8] [INFO] [1776380654.021447772] [planner_local_apf]: 🛤️ Rail Updated: 7 points.
[planner_local_apf-8] [INFO] [1776380654.058792426] [planner_local_apf]: 🛤️ Rail Updated: 7 points.
[planner_local_apf-8] [INFO] [1776380654.085185210] [planner_local_apf]: 🛤️ Rail Updated: 7 points.
[planner_local_apf-8] [INFO] [1776380654.141612997] [planner_local_apf]: 🛤️ Rail Updated: 7 points.
[planner_local_apf-8] [INFO] [1776380654.190699419] [planner_local_apf]: 🛤️ Rail Updated: 7 points.
[planner_local_apf-8] [INFO] [1776380654.232673001] [planner_local_apf]: 🛤️ Rail Updated: 7 points.
[planner_local_apf-8] [INFO] [1776380654.280391928] [planner_local_apf]: 🛤️ Rail Updated: 7 points.
[planner_local_apf-8] [INFO] [1776380654.321334618] [planner_local_apf]: 🛤️ Rail Updated: 7 points.
[planner_local_apf-8] [INFO] [1776380654.364423701] [planner_local_apf]: 🛤️ Rail Updated: 7 points.
[planner_local_apf-8] [INFO] [1776380654.395370337] [planner_local_apf]: 🛤️ Rail Updated: 7 points.
[planner_local_apf-8] [INFO] [1776380654.437581521] [planner_local_apf]: 🛤️ Rail Updated: 7 points.
[planner_local_apf-8] [INFO] [1776380654.474728539] [planner_local_apf]: 🛤️ Rail Updated: 7 points.
[planner_local_apf-8] [INFO] [1776380654.517939081] [planner_local_apf]: 🛤️ Rail Updated: 7 points.
[planner_local_apf-8] [INFO] [1776380654.560599343] [planner_local_apf]: 🛤️ Rail Updated: 7 points.
[planner_local_apf-8] [INFO] [1776380654.585711534] [planner_local_apf]: 🛤️ Rail Updated: 7 points.
[planner_local_apf-8] [INFO] [1776380654.632351261] [planner_local_apf]: 🛤️ Rail Updated: 7 points.
[planner_local_apf-8] [INFO] [1776380654.673080274] [planner_local_apf]: 🛤️ Rail Updated: 7 points.
[planner_local_apf-8] [INFO] [1776380654.712948623] [planner_local_apf]: 🛤️ Rail Updated: 7 points.
[planner_local_apf-8] [INFO] [1776380654.741988303] [planner_local_apf]: 🛤️ Rail Updated: 7 points.
[planner_local_apf-8] [INFO] [1776380654.786152552] [planner_local_apf]: 🛤️ Rail Updated: 7 points.
[planner_local_apf-8] [INFO] [1776380654.828819139] [planner_local_apf]: 🛤️ Rail Updated: 7 points.
[planner_local_apf-8] [INFO] [1776380654.868000899] [planner_local_apf]: 🛤️ Rail Updated: 7 points.
[planner_local_apf-8] [INFO] [1776380654.895263239] [planner_local_apf]: 🛤️ Rail Updated: 7 points.
[planner_local_apf-8] [INFO] [1776380654.906589112] [planner_local_apf]: 🛣️ Path Received: 7 waypoints. Engaging motors.
[planner_local_apf-8] [INFO] [1776380654.930485151] [planner_local_apf]: 🛤️ Rail Updated: 7 points.
[planner_local_apf-8] [INFO] [1776380654.969609894] [planner_local_apf]: 🛤️ Rail Updated: 7 points.
[planner_local_apf-8] [INFO] [1776380655.013365398] [planner_local_apf]: 🛤️ Rail Updated: 7 points.
[planner_local_apf-8] [INFO] [1776380655.042190118] [planner_local_apf]: 🛤️ Rail Updated: 7 points.
[planner_local_apf-8] [INFO] [1776380655.084478210] [planner_local_apf]: 🛤️ Rail Updated: 7 points.
[planner_local_apf-8] [INFO] [1776380655.128584343] [planner_local_apf]: 🛤️ Rail Updated: 7 points.
[planner_local_apf-8] [INFO] [1776380655.171274030] [planner_local_apf]: 🛤️ Rail Updated: 7 points.
[planner_local_apf-8] [INFO] [1776380655.213922376] [planner_local_apf]: 🛤️ Rail Updated: 7 points.
[planner_local_apf-8] [INFO] [1776380655.242115048] [planner_local_apf]: 🛤️ Rail Updated: 7 points.
[planner_local_apf-8] [INFO] [1776380655.284546234] [planner_local_apf]: 🛤️ Rail Updated: 7 points.
[planner_local_apf-8] [INFO] [1776380655.327870260] [planner_local_apf]: 🛤️ Rail Updated: 7 points.
[planner_local_apf-8] [INFO] [1776380655.364322898] [planner_local_apf]: 🛤️ Rail Updated: 7 points.
[planner_local_apf-8] [INFO] [1776380655.391871424] [planner_local_apf]: 🛤️ Rail Updated: 7 points.
[planner_global_dstar-7] [INFO] [1776380655.429519589] [planner_global_dstar]: D* status: g[start]=10.2 waypoints=7 reached_goal=True
[planner_local_apf-8] [INFO] [1776380655.443358340] [planner_local_apf]: 🛤️ Rail Updated: 7 points.
[planner_local_apf-8] [INFO] [1776380655.486152161] [planner_local_apf]: 🛤️ Rail Updated: 7 points.
[planner_local_apf-8] [INFO] [1776380655.527990259] [planner_local_apf]: 🛤️ Rail Updated: 7 points.
[planner_local_apf-8] [INFO] [1776380655.569831106] [planner_local_apf]: 🛤️ Rail Updated: 7 points.
[planner_local_apf-8] [INFO] [1776380655.611841263] [planner_local_apf]: 🛤️ Rail Updated: 7 points.
[planner_local_apf-8] [INFO] [1776380655.642377138] [planner_local_apf]: 🛤️ Rail Updated: 7 points.
[planner_local_apf-8] [INFO] [1776380655.679832343] [planner_local_apf]: 🛤️ Rail Updated: 7 points.
[planner_local_apf-8] [INFO] [1776380655.720523039] [planner_local_apf]: 🛤️ Rail Updated: 7 points.
[planner_local_apf-8] [INFO] [1776380655.759928559] [planner_local_apf]: 🛤️ Rail Updated: 7 points.
[planner_local_apf-8] [INFO] [1776380655.790856312] [planner_local_apf]: 🛤️ Rail Updated: 7 points.
[planner_local_apf-8] [INFO] [1776380655.834183455] [planner_local_apf]: 🛤️ Rail Updated: 7 points.
[planner_local_apf-8] [INFO] [1776380655.873193338] [planner_local_apf]: 🛤️ Rail Updated: 7 points.
[planner_local_apf-8] [INFO] [1776380655.913192221] [planner_local_apf]: 🛤️ Rail Updated: 7 points.
[planner_local_apf-8] [INFO] [1776380655.940795564] [planner_local_apf]: 🛤️ Rail Updated: 7 points.
[planner_local_apf-8] [INFO] [1776380655.982421818] [planner_local_apf]: 🛤️ Rail Updated: 7 points.
[planner_local_apf-8] [INFO] [1776380656.027828527] [planner_local_apf]: 🛤️ Rail Updated: 7 points.
[planner_local_apf-8] [INFO] [1776380656.068563774] [planner_local_apf]: 🛤️ Rail Updated: 7 points.
[planner_local_apf-8] [INFO] [1776380656.115542213] [planner_local_apf]: 🛤️ Rail Updated: 7 points.
[planner_local_apf-8] [INFO] [1776380656.150056269] [planner_local_apf]: 🛤️ Rail Updated: 7 points.
[planner_local_apf-8] [INFO] [1776380656.194033058] [planner_local_apf]: 🛤️ Rail Updated: 7 points.
[planner_local_apf-8] [INFO] [1776380656.248107011] [planner_local_apf]: 🛤️ Rail Updated: 7 points.
[planner_local_apf-8] [INFO] [1776380656.296564136] [planner_local_apf]: 🛤️ Rail Updated: 7 points.
[planner_local_apf-8] [INFO] [1776380656.339469608] [planner_local_apf]: 🛤️ Rail Updated: 7 points.
[planner_local_apf-8] [INFO] [1776380656.381317514] [planner_local_apf]: 🛤️ Rail Updated: 7 points.
[planner_local_apf-8] [INFO] [1776380656.426124902] [planner_local_apf]: 🛤️ Rail Updated: 7 points.
[planner_local_apf-8] [INFO] [1776380656.487164568] [planner_local_apf]: 🛤️ Rail Updated: 7 points.
[planner_local_apf-8] [INFO] [1776380656.551654502] [planner_local_apf]: 🛤️ Rail Updated: 7 points.
[planner_local_apf-8] [INFO] [1776380656.609780154] [planner_local_apf]: 🛤️ Rail Updated: 7 points.
[planner_local_apf-8] [INFO] [1776380656.676708349] [planner_local_apf]: 🛤️ Rail Updated: 7 points.
[planner_local_apf-8] [INFO] [1776380656.737711257] [planner_local_apf]: 🛤️ Rail Updated: 7 points.
[planner_local_apf-8] [INFO] [1776380656.791644775] [planner_local_apf]: 🛤️ Rail Updated: 7 points.
[planner_local_apf-8] [INFO] [1776380656.847227848] [planner_local_apf]: 🛤️ Rail Updated: 7 points.
[planner_local_apf-8] [INFO] [1776380656.901114340] [planner_local_apf]: 🛤️ Rail Updated: 7 points.
[planner_local_apf-8] [INFO] [1776380656.921780570] [planner_local_apf]: 🛣️ Path Received: 7 waypoints. Engaging motors.
[planner_local_apf-8] [INFO] [1776380656.962070406] [planner_local_apf]: 🛤️ Rail Updated: 7 points.
[planner_local_apf-8] [INFO] [1776380657.018659986] [planner_local_apf]: 🛤️ Rail Updated: 7 points.
[planner_local_apf-8] [INFO] [1776380657.075327393] [planner_local_apf]: 🛤️ Rail Updated: 7 points.
[planner_local_apf-8] [INFO] [1776380657.142163646] [planner_local_apf]: 🛤️ Rail Updated: 7 points.
[planner_local_apf-8] [INFO] [1776380657.191301860] [planner_local_apf]: 🛤️ Rail Updated: 7 points.
[planner_local_apf-8] [INFO] [1776380657.251810680] [planner_local_apf]: 🛤️ Rail Updated: 7 points.
[planner_local_apf-8] [INFO] [1776380657.310353326] [planner_local_apf]: 🛤️ Rail Updated: 7 points.
[planner_local_apf-8] [INFO] [1776380657.372657085] [planner_local_apf]: 🛤️ Rail Updated: 7 points.
[planner_global_dstar-7] [INFO] [1776380657.433601601] [planner_global_dstar]: D* status: g[start]=10.2 waypoints=7 reached_goal=True
[planner_local_apf-8] [INFO] [1776380657.435047287] [planner_local_apf]: 🛤️ Rail Updated: 7 points.
[planner_local_apf-8] [INFO] [1776380657.480542180] [planner_local_apf]: 🛤️ Rail Updated: 7 points.
[planner_local_apf-8] [INFO] [1776380657.525108116] [planner_local_apf]: 🛤️ Rail Updated: 7 points.
[planner_local_apf-8] [INFO] [1776380657.570561208] [planner_local_apf]: 🛤️ Rail Updated: 7 points.
[planner_local_apf-8] [INFO] [1776380657.615269687] [planner_local_apf]: 🛤️ Rail Updated: 7 points.
[planner_local_apf-8] [INFO] [1776380657.662961022] [planner_local_apf]: 🛤️ Rail Updated: 7 points.
[planner_local_apf-8] [INFO] [1776380657.694867416] [planner_local_apf]: 🛤️ Rail Updated: 7 points.
[planner_local_apf-8] [INFO] [1776380657.745494400] [planner_local_apf]: 🛤️ Rail Updated: 7 points.
[planner_local_apf-8] [INFO] [1776380657.800192149] [planner_local_apf]: 🛤️ Rail Updated: 7 points.
[planner_local_apf-8] [INFO] [1776380657.853931699] [planner_local_apf]: 🛤️ Rail Updated: 7 points.
[planner_local_apf-8] [INFO] [1776380657.904161396] [planner_local_apf]: 🛤️ Rail Updated: 7 points.
[planner_local_apf-8] [INFO] [1776380657.951696347] [planner_local_apf]: 🛤️ Rail Updated: 7 points.
[planner_local_apf-8] [INFO] [1776380657.994931180] [planner_local_apf]: 🛤️ Rail Updated: 7 points.
[planner_local_apf-8] [INFO] [1776380658.043346413] [planner_local_apf]: 🛤️ Rail Updated: 7 points.
[planner_local_apf-8] [INFO] [1776380658.098592608] [planner_local_apf]: 🛤️ Rail Updated: 7 points.
[planner_local_apf-8] [INFO] [1776380658.151398709] [planner_local_apf]: 🛤️ Rail Updated: 7 points.
[planner_local_apf-8] [INFO] [1776380658.193811011] [planner_local_apf]: 🛤️ Rail Updated: 7 points.
[planner_local_apf-8] [INFO] [1776380658.242823274] [planner_local_apf]: 🛤️ Rail Updated: 7 points.
[planner_local_apf-8] [INFO] [1776380658.307038848] [planner_local_apf]: 🛤️ Rail Updated: 7 points.
[planner_local_apf-8] [INFO] [1776380658.359374053] [planner_local_apf]: 🛤️ Rail Updated: 7 points.
[planner_local_apf-8] [INFO] [1776380658.396391729] [planner_local_apf]: 🛤️ Rail Updated: 7 points.
[planner_local_apf-8] [INFO] [1776380658.443498044] [planner_local_apf]: 🛤️ Rail Updated: 7 points.
[planner_local_apf-8] [INFO] [1776380658.488231272] [planner_local_apf]: 🛤️ Rail Updated: 7 points.
[planner_local_apf-8] [INFO] [1776380658.532097969] [planner_local_apf]: 🛤️ Rail Updated: 7 points.
[planner_local_apf-8] [INFO] [1776380658.577392844] [planner_local_apf]: 🛤️ Rail Updated: 7 points.
[planner_local_apf-8] [INFO] [1776380658.617671954] [planner_local_apf]: 🛤️ Rail Updated: 7 points.
[planner_local_apf-8] [INFO] [1776380658.657892397] [planner_local_apf]: 🛤️ Rail Updated: 7 points.
[planner_local_apf-8] [INFO] [1776380658.687312405] [planner_local_apf]: 🛤️ Rail Updated: 7 points.
[planner_local_apf-8] [INFO] [1776380658.723830127] [planner_local_apf]: 🛤️ Rail Updated: 7 points.
[planner_local_apf-8] [INFO] [1776380658.764085678] [planner_local_apf]: 🛤️ Rail Updated: 7 points.
[planner_local_apf-8] [INFO] [1776380658.798298791] [planner_local_apf]: 🛤️ Rail Updated: 7 points.
[planner_local_apf-8] [INFO] [1776380658.840888102] [planner_local_apf]: 🛤️ Rail Updated: 7 points.
[planner_local_apf-8] [INFO] [1776380658.883400597] [planner_local_apf]: 🛤️ Rail Updated: 7 points.
[planner_local_apf-8] [INFO] [1776380658.926464654] [planner_local_apf]: 🛤️ Rail Updated: 7 points.
[planner_local_apf-8] [INFO] [1776380658.936794836] [planner_local_apf]: 🛣️ Path Received: 7 waypoints. Engaging motors.
[planner_local_apf-8] [INFO] [1776380658.964578855] [planner_local_apf]: 🛤️ Rail Updated: 7 points.
[planner_local_apf-8] [INFO] [1776380659.032118564] [planner_local_apf]: 🛤️ Rail Updated: 7 points.
[planner_local_apf-8] [INFO] [1776380659.083145951] [planner_local_apf]: 🛤️ Rail Updated: 7 points.
[planner_local_apf-8] [INFO] [1776380659.130647260] [planner_local_apf]: 🛤️ Rail Updated: 7 points.
[planner_local_apf-8] [INFO] [1776380659.170311924] [planner_local_apf]: 🛤️ Rail Updated: 7 points.
[planner_local_apf-8] [INFO] [1776380659.211350040] [planner_local_apf]: 🛤️ Rail Updated: 7 points.
[planner_local_apf-8] [INFO] [1776380659.246056781] [planner_local_apf]: 🛤️ Rail Updated: 7 points.
[planner_local_apf-8] [INFO] [1776380659.293974260] [planner_local_apf]: 🛤️ Rail Updated: 7 points.
[planner_local_apf-8] [INFO] [1776380659.335072418] [planner_local_apf]: 🛤️ Rail Updated: 7 points.
[planner_local_apf-8] [INFO] [1776380659.374870549] [planner_local_apf]: 🛤️ Rail Updated: 7 points.
[planner_local_apf-8] [INFO] [1776380659.422295774] [planner_local_apf]: 🛤️ Rail Updated: 7 points.
[planner_local_apf-8] [INFO] [1776380659.466739517] [planner_local_apf]: 🛤️ Rail Updated: 7 points.
[planner_local_apf-8] [INFO] [1776380659.515569362] [planner_local_apf]: 🛤️ Rail Updated: 7 points.
[planner_local_apf-8] [INFO] [1776380659.557861488] [planner_local_apf]: 🛤️ Rail Updated: 7 points.
[planner_local_apf-8] [INFO] [1776380659.588003284] [planner_local_apf]: 🛤️ Rail Updated: 7 points.
[planner_local_apf-8] [INFO] [1776380659.629902066] [planner_local_apf]: 🛤️ Rail Updated: 7 points.
[planner_global_dstar-7] [INFO] [1776380659.630023708] [planner_global_dstar]: D* status: g[start]=10.2 waypoints=7 reached_goal=True
[planner_local_apf-8] [INFO] [1776380659.671220867] [planner_local_apf]: 🛤️ Rail Updated: 7 points.
[planner_local_apf-8] [INFO] [1776380659.716434525] [planner_local_apf]: 🛤️ Rail Updated: 7 points.
[planner_local_apf-8] [INFO] [1776380659.758410215] [planner_local_apf]: 🛤️ Rail Updated: 7 points.
[planner_local_apf-8] [INFO] [1776380659.785622413] [planner_local_apf]: 🛤️ Rail Updated: 7 points.
[planner_local_apf-8] [INFO] [1776380659.842460780] [planner_local_apf]: 🛤️ Rail Updated: 7 points.
[planner_local_apf-8] [INFO] [1776380659.895170355] [planner_local_apf]: 🛤️ Rail Updated: 7 points.
[planner_local_apf-8] [INFO] [1776380659.941634080] [planner_local_apf]: 🛤️ Rail Updated: 7 points.
[planner_local_apf-8] [INFO] [1776380659.988487301] [planner_local_apf]: 🛤️ Rail Updated: 7 points.
[planner_local_apf-8] [INFO] [1776380660.032207146] [planner_local_apf]: 🛤️ Rail Updated: 7 points.
[planner_local_apf-8] [INFO] [1776380660.070951469] [planner_local_apf]: 🛤️ Rail Updated: 7 points.
[planner_local_apf-8] [INFO] [1776380660.111482298] [planner_local_apf]: 🛤️ Rail Updated: 7 points.
[planner_local_apf-8] [INFO] [1776380660.144474126] [planner_local_apf]: 🛤️ Rail Updated: 7 points.
[planner_local_apf-8] [INFO] [1776380660.187823452] [planner_local_apf]: 🛤️ Rail Updated: 7 points.
[planner_local_apf-8] [INFO] [1776380660.232031151] [planner_local_apf]: 🛤️ Rail Updated: 7 points.
[planner_local_apf-8] [INFO] [1776380660.279395418] [planner_local_apf]: 🛤️ Rail Updated: 7 points.
[planner_local_apf-8] [INFO] [1776380660.326294838] [planner_local_apf]: 🛤️ Rail Updated: 7 points.
[planner_local_apf-8] [INFO] [1776380660.370966650] [planner_local_apf]: 🛤️ Rail Updated: 7 points.
[planner_local_apf-8] [INFO] [1776380660.427203586] [planner_local_apf]: 🛤️ Rail Updated: 7 points.
[planner_local_apf-8] [INFO] [1776380660.482434473] [planner_local_apf]: 🛤️ Rail Updated: 7 points.
[planner_local_apf-8] [INFO] [1776380660.531937156] [planner_local_apf]: 🛤️ Rail Updated: 7 points.
[planner_local_apf-8] [INFO] [1776380660.601387213] [planner_local_apf]: 🛤️ Rail Updated: 7 points.
[planner_local_apf-8] [INFO] [1776380660.673075147] [planner_local_apf]: 🛤️ Rail Updated: 7 points.
[planner_local_apf-8] [INFO] [1776380660.713467100] [planner_local_apf]: 🛤️ Rail Updated: 7 points.
[planner_local_apf-8] [INFO] [1776380660.740282745] [planner_local_apf]: 🛤️ Rail Updated: 7 points.
[planner_local_apf-8] [INFO] [1776380660.787849413] [planner_local_apf]: 🛤️ Rail Updated: 7 points.
[planner_local_apf-8] [INFO] [1776380660.831354573] [planner_local_apf]: 🛤️ Rail Updated: 7 points.
[planner_local_apf-8] [INFO] [1776380660.870850477] [planner_local_apf]: 🛤️ Rail Updated: 7 points.
[planner_local_apf-8] [INFO] [1776380660.911656217] [planner_local_apf]: 🛤️ Rail Updated: 7 points.
[planner_local_apf-8] [INFO] [1776380660.936922591] [planner_local_apf]: 🛤️ Rail Updated: 7 points.
[planner_local_apf-8] [INFO] [1776380660.954357271] [planner_local_apf]: 🛣️ Path Received: 7 waypoints. Engaging motors.
[planner_local_apf-8] [INFO] [1776380660.984063831] [planner_local_apf]: 🛤️ Rail Updated: 7 points.
[planner_local_apf-8] [INFO] [1776380661.036409670] [planner_local_apf]: 🛤️ Rail Updated: 7 points.
[planner_local_apf-8] [INFO] [1776380661.097988065] [planner_local_apf]: 🛤️ Rail Updated: 7 points.
[planner_local_apf-8] [INFO] [1776380661.151264419] [planner_local_apf]: 🛤️ Rail Updated: 7 points.
[planner_local_apf-8] [INFO] [1776380661.208810183] [planner_local_apf]: 🛤️ Rail Updated: 7 points.
[planner_local_apf-8] [INFO] [1776380661.252982315] [planner_local_apf]: 🛤️ Rail Updated: 7 points.
[planner_local_apf-8] [INFO] [1776380661.304459606] [planner_local_apf]: 🛤️ Rail Updated: 7 points.
[planner_local_apf-8] [INFO] [1776380661.364419705] [planner_local_apf]: 🛤️ Rail Updated: 7 points.
[planner_local_apf-8] [INFO] [1776380661.412158065] [planner_local_apf]: 🛤️ Rail Updated: 7 points.
[planner_local_apf-8] [INFO] [1776380661.447812556] [planner_local_apf]: 🛤️ Rail Updated: 7 points.
[planner_local_apf-8] [INFO] [1776380661.487996057] [planner_local_apf]: 🛤️ Rail Updated: 7 points.
[planner_local_apf-8] [INFO] [1776380661.534401849] [planner_local_apf]: 🛤️ Rail Updated: 7 points.
[planner_global_dstar-7] [INFO] [1776380661.669028796] [planner_global_dstar]: D* status: g[start]=10.2 waypoints=7 reached_goal=True
[planner_local_apf-8] [INFO] [1776380661.683004040] [planner_local_apf]: 🛤️ Rail Updated: 7 points.
[planner_local_apf-8] [INFO] [1776380661.805358099] [planner_local_apf]: 🛤️ Rail Updated: 7 points.
[planner_local_apf-8] [INFO] [1776380661.870212687] [planner_local_apf]: 🛤️ Rail Updated: 7 points.
[planner_local_apf-8] [INFO] [1776380661.933595646] [planner_local_apf]: 🛤️ Rail Updated: 7 points.
[planner_local_apf-8] [INFO] [1776380661.992092734] [planner_local_apf]: 🛤️ Rail Updated: 7 points.
[planner_local_apf-8] [INFO] [1776380662.054743454] [planner_local_apf]: 🛤️ Rail Updated: 7 points.
[planner_local_apf-8] [INFO] [1776380662.119523883] [planner_local_apf]: 🛤️ Rail Updated: 7 points.
[planner_local_apf-8] [INFO] [1776380662.174567035] [planner_local_apf]: 🛤️ Rail Updated: 7 points.
[planner_local_apf-8] [INFO] [1776380662.251724853] [planner_local_apf]: 🛤️ Rail Updated: 7 points.
[planner_local_apf-8] [INFO] [1776380662.328587503] [planner_local_apf]: 🛤️ Rail Updated: 7 points.
[planner_local_apf-8] [INFO] [1776380662.374162971] [planner_local_apf]: 🛤️ Rail Updated: 7 points.
[planner_local_apf-8] [INFO] [1776380662.420980533] [planner_local_apf]: 🛤️ Rail Updated: 7 points.
[planner_local_apf-8] [INFO] [1776380662.473325456] [planner_local_apf]: 🛤️ Rail Updated: 7 points.
[planner_local_apf-8] [INFO] [1776380662.521922190] [planner_local_apf]: 🛤️ Rail Updated: 7 points.
[planner_local_apf-8] [INFO] [1776380662.561534878] [planner_local_apf]: 🛤️ Rail Updated: 7 points.
[planner_local_apf-8] [INFO] [1776380662.595171861] [planner_local_apf]: 🛤️ Rail Updated: 7 points.
[planner_local_apf-8] [INFO] [1776380662.645090439] [planner_local_apf]: 🛤️ Rail Updated: 7 points.
[planner_local_apf-8] [INFO] [1776380662.695037892] [planner_local_apf]: 🛤️ Rail Updated: 7 points.
[planner_local_apf-8] [INFO] [1776380662.740485301] [planner_local_apf]: 🛤️ Rail Updated: 7 points.
[planner_local_apf-8] [INFO] [1776380662.781875420] [planner_local_apf]: 🛤️ Rail Updated: 7 points.
[planner_local_apf-8] [INFO] [1776380662.829326404] [planner_local_apf]: 🛤️ Rail Updated: 7 points.
[planner_local_apf-8] [INFO] [1776380662.885379088] [planner_local_apf]: 🛤️ Rail Updated: 7 points.
[planner_local_apf-8] [INFO] [1776380662.952646729] [planner_local_apf]: 🛤️ Rail Updated: 7 points.
[planner_local_apf-8] [INFO] [1776380662.974670094] [planner_local_apf]: 🛣️ Path Received: 7 waypoints. Engaging motors.
[planner_local_apf-8] [INFO] [1776380663.015070297] [planner_local_apf]: 🛤️ Rail Updated: 7 points.
[planner_local_apf-8] [INFO] [1776380663.074638335] [planner_local_apf]: 🛤️ Rail Updated: 7 points.
[planner_local_apf-8] [INFO] [1776380663.140527389] [planner_local_apf]: 🛤️ Rail Updated: 7 points.
[planner_local_apf-8] [INFO] [1776380663.212328348] [planner_local_apf]: 🛤️ Rail Updated: 7 points.
[planner_local_apf-8] [INFO] [1776380663.276661715] [planner_local_apf]: 🛤️ Rail Updated: 7 points.
[planner_local_apf-8] [INFO] [1776380663.343916614] [planner_local_apf]: 🛤️ Rail Updated: 7 points.
[planner_local_apf-8] [INFO] [1776380663.398102676] [planner_local_apf]: 🛤️ Rail Updated: 7 points.
[planner_local_apf-8] [INFO] [1776380663.450962952] [planner_local_apf]: 🛤️ Rail Updated: 7 points.
[planner_local_apf-8] [INFO] [1776380663.508140762] [planner_local_apf]: 🛤️ Rail Updated: 7 points.
[planner_local_apf-8] [INFO] [1776380663.554977208] [planner_local_apf]: 🛤️ Rail Updated: 7 points.
[planner_local_apf-8] [INFO] [1776380663.610882033] [planner_local_apf]: 🛤️ Rail Updated: 7 points.
[planner_local_apf-8] [INFO] [1776380663.657713070] [planner_local_apf]: 🛤️ Rail Updated: 7 points.
[planner_local_apf-8] [INFO] [1776380663.698408075] [planner_local_apf]: 🛤️ Rail Updated: 7 points.
[planner_local_apf-8] [INFO] [1776380663.738204281] [planner_local_apf]: 🛤️ Rail Updated: 7 points.
[planner_local_apf-8] [INFO] [1776380663.785566897] [planner_local_apf]: 🛤️ Rail Updated: 7 points.
[planner_global_dstar-7] [INFO] [1776380663.839337614] [planner_global_dstar]: D* status: g[start]=10.2 waypoints=7 reached_goal=True
[planner_local_apf-8] [INFO] [1776380663.842921993] [planner_local_apf]: 🛤️ Rail Updated: 7 points.
[planner_local_apf-8] [INFO] [1776380663.887077350] [planner_local_apf]: 🛤️ Rail Updated: 7 points.
[planner_local_apf-8] [INFO] [1776380663.927093650] [planner_local_apf]: 🛤️ Rail Updated: 7 points.
[planner_local_apf-8] [INFO] [1776380663.967497886] [planner_local_apf]: 🛤️ Rail Updated: 7 points.
[planner_local_apf-8] [INFO] [1776380664.012774427] [planner_local_apf]: 🛤️ Rail Updated: 7 points.
[planner_local_apf-8] [INFO] [1776380664.063086442] [planner_local_apf]: 🛤️ Rail Updated: 7 points.
[planner_local_apf-8] [INFO] [1776380664.118084768] [planner_local_apf]: 🛤️ Rail Updated: 7 points.
[planner_local_apf-8] [INFO] [1776380664.282990464] [planner_local_apf]: 🛤️ Rail Updated: 7 points.
[planner_local_apf-8] [INFO] [1776380664.340768787] [planner_local_apf]: 🛤️ Rail Updated: 7 points.
[planner_local_apf-8] [INFO] [1776380664.394199968] [planner_local_apf]: 🛤️ Rail Updated: 7 points.
[planner_local_apf-8] [INFO] [1776380664.464116154] [planner_local_apf]: 🛤️ Rail Updated: 7 points.
[planner_local_apf-8] [INFO] [1776380664.515158116] [planner_local_apf]: 🛤️ Rail Updated: 7 points.
[planner_local_apf-8] [INFO] [1776380664.604700016] [planner_local_apf]: 🛤️ Rail Updated: 7 points.
[planner_local_apf-8] [INFO] [1776380664.681268321] [planner_local_apf]: 🛤️ Rail Updated: 7 points.
[planner_local_apf-8] [INFO] [1776380664.736082946] [planner_local_apf]: 🛤️ Rail Updated: 7 points.
[planner_local_apf-8] [INFO] [1776380664.804901324] [planner_local_apf]: 🛤️ Rail Updated: 7 points.
[planner_local_apf-8] [INFO] [1776380664.863840431] [planner_local_apf]: 🛤️ Rail Updated: 7 points.
[planner_local_apf-8] [INFO] [1776380664.908380608] [planner_local_apf]: 🛤️ Rail Updated: 7 points.
[planner_local_apf-8] [INFO] [1776380664.955657057] [planner_local_apf]: 🛤️ Rail Updated: 7 points.
[planner_local_apf-8] [INFO] [1776380665.001942856] [planner_local_apf]: 🛤️ Rail Updated: 7 points.
[planner_local_apf-8] [INFO] [1776380665.021269643] [planner_local_apf]: 🛣️ Path Received: 7 waypoints. Engaging motors.
[planner_local_apf-8] [INFO] [1776380665.073887642] [planner_local_apf]: 🛤️ Rail Updated: 7 points.
[planner_local_apf-8] [INFO] [1776380665.139205058] [planner_local_apf]: 🛤️ Rail Updated: 7 points.
[planner_local_apf-8] [INFO] [1776380665.194684272] [planner_local_apf]: 🛤️ Rail Updated: 7 points.
[planner_local_apf-8] [INFO] [1776380665.255730080] [planner_local_apf]: 🛤️ Rail Updated: 7 points.
[planner_local_apf-8] [INFO] [1776380665.357063798] [planner_local_apf]: 🛤️ Rail Updated: 7 points.
[planner_local_apf-8] [INFO] [1776380665.434620552] [planner_local_apf]: 🛤️ Rail Updated: 7 points.
[planner_local_apf-8] [INFO] [1776380665.506154118] [planner_local_apf]: 🛤️ Rail Updated: 7 points.
[planner_local_apf-8] [INFO] [1776380665.563143919] [planner_local_apf]: 🛤️ Rail Updated: 7 points.
[planner_local_apf-8] [INFO] [1776380665.608578036] [planner_local_apf]: 🛤️ Rail Updated: 7 points.
[planner_local_apf-8] [INFO] [1776380665.652130680] [planner_local_apf]: 🛤️ Rail Updated: 7 points.
[planner_local_apf-8] [INFO] [1776380665.702316561] [planner_local_apf]: 🛤️ Rail Updated: 7 points.
[planner_local_apf-8] [INFO] [1776380665.750299673] [planner_local_apf]: 🛤️ Rail Updated: 7 points.
[planner_local_apf-8] [INFO] [1776380665.801662471] [planner_local_apf]: 🛤️ Rail Updated: 7 points.
[planner_local_apf-8] [INFO] [1776380665.853616249] [planner_local_apf]: 🛤️ Rail Updated: 7 points.
[planner_local_apf-8] [INFO] [1776380665.903495318] [planner_local_apf]: 🛤️ Rail Updated: 7 points.
[planner_local_apf-8] [INFO] [1776380665.946967845] [planner_local_apf]: 🛤️ Rail Updated: 7 points.
[planner_local_apf-8] [INFO] [1776380665.992447063] [planner_local_apf]: 🛤️ Rail Updated: 7 points.
[planner_global_dstar-7] [INFO] [1776380666.036868439] [planner_global_dstar]: D* status: g[start]=10.2 waypoints=7 reached_goal=True
[planner_local_apf-8] [INFO] [1776380666.050853033] [planner_local_apf]: 🛤️ Rail Updated: 7 points.
[planner_local_apf-8] [INFO] [1776380666.100724861] [planner_local_apf]: 🛤️ Rail Updated: 7 points.
[planner_local_apf-8] [INFO] [1776380666.146961526] [planner_local_apf]: 🛤️ Rail Updated: 7 points.
[planner_local_apf-8] [INFO] [1776380666.189712814] [planner_local_apf]: 🛤️ Rail Updated: 7 points.
[planner_local_apf-8] [INFO] [1776380666.244504614] [planner_local_apf]: 🛤️ Rail Updated: 7 points.
[planner_local_apf-8] [INFO] [1776380666.303377263] [planner_local_apf]: 🛤️ Rail Updated: 7 points.
[planner_local_apf-8] [INFO] [1776380666.358621991] [planner_local_apf]: 🛤️ Rail Updated: 7 points.
[planner_local_apf-8] [INFO] [1776380666.438877251] [planner_local_apf]: 🛤️ Rail Updated: 7 points.
[planner_local_apf-8] [INFO] [1776380666.580597788] [planner_local_apf]: 🛤️ Rail Updated: 7 points.
[planner_local_apf-8] [INFO] [1776380666.719116200] [planner_local_apf]: 🛤️ Rail Updated: 7 points.
[planner_local_apf-8] [INFO] [1776380666.860526993] [planner_local_apf]: 🛤️ Rail Updated: 7 points.
[planner_local_apf-8] [INFO] [1776380666.963446648] [planner_local_apf]: 🛤️ Rail Updated: 7 points.
[planner_local_apf-8] [INFO] [1776380667.044032736] [planner_local_apf]: 🛤️ Rail Updated: 7 points.
[planner_local_apf-8] [INFO] [1776380667.064301496] [planner_local_apf]: 🛣️ Path Received: 7 waypoints. Engaging motors.
[planner_local_apf-8] [INFO] [1776380667.129283410] [planner_local_apf]: 🛤️ Rail Updated: 7 points.
[planner_local_apf-8] [INFO] [1776380667.215528675] [planner_local_apf]: 🛤️ Rail Updated: 7 points.
[planner_local_apf-8] [INFO] [1776380667.293295348] [planner_local_apf]: 🛤️ Rail Updated: 7 points.
[planner_local_apf-8] [INFO] [1776380667.358923059] [planner_local_apf]: 🛤️ Rail Updated: 7 points.
[planner_local_apf-8] [INFO] [1776380667.438779382] [planner_local_apf]: 🛤️ Rail Updated: 7 points.
[planner_local_apf-8] [INFO] [1776380667.527838927] [planner_local_apf]: 🛤️ Rail Updated: 7 points.
[planner_local_apf-8] [INFO] [1776380667.616889215] [planner_local_apf]: 🛤️ Rail Updated: 7 points.
[planner_local_apf-8] [INFO] [1776380667.710571456] [planner_local_apf]: 🛤️ Rail Updated: 7 points.
[planner_local_apf-8] [INFO] [1776380667.790934974] [planner_local_apf]: 🛤️ Rail Updated: 7 points.
[planner_local_apf-8] [INFO] [1776380667.901131554] [planner_local_apf]: 🛤️ Rail Updated: 7 points.
[planner_local_apf-8] [INFO] [1776380667.967389753] [planner_local_apf]: 🛤️ Rail Updated: 7 points.
[planner_local_apf-8] [INFO] [1776380668.030630169] [planner_local_apf]: 🛤️ Rail Updated: 7 points.
[planner_local_apf-8] [INFO] [1776380668.105959682] [planner_local_apf]: 🛤️ Rail Updated: 7 points.
[planner_local_apf-8] [INFO] [1776380668.166751937] [planner_local_apf]: 🛤️ Rail Updated: 7 points.
[planner_local_apf-8] [INFO] [1776380668.217660707] [planner_local_apf]: 🛤️ Rail Updated: 7 points.
[planner_global_dstar-7] [INFO] [1776380668.229594884] [planner_global_dstar]: D* status: g[start]=10.2 waypoints=7 reached_goal=True
[planner_local_apf-8] [INFO] [1776380668.266793603] [planner_local_apf]: 🛤️ Rail Updated: 7 points.
[planner_local_apf-8] [INFO] [1776380668.320854447] [planner_local_apf]: 🛤️ Rail Updated: 7 points.
[planner_local_apf-8] [INFO] [1776380668.366422949] [planner_local_apf]: 🛤️ Rail Updated: 7 points.
[planner_local_apf-8] [INFO] [1776380668.397577396] [planner_local_apf]: 🛤️ Rail Updated: 7 points.
[planner_local_apf-8] [INFO] [1776380668.439899222] [planner_local_apf]: 🛤️ Rail Updated: 7 points.
[planner_local_apf-8] [INFO] [1776380668.508396947] [planner_local_apf]: 🛤️ Rail Updated: 7 points.
[planner_local_apf-8] [INFO] [1776380668.563728209] [planner_local_apf]: 🛤️ Rail Updated: 7 points.
[planner_local_apf-8] [INFO] [1776380668.596795938] [planner_local_apf]: 🛤️ Rail Updated: 7 points.
[planner_local_apf-8] [INFO] [1776380668.649258561] [planner_local_apf]: 🛤️ Rail Updated: 7 points.
[planner_local_apf-8] [INFO] [1776380668.697420791] [planner_local_apf]: 🛤️ Rail Updated: 7 points.
[planner_local_apf-8] [INFO] [1776380668.742558182] [planner_local_apf]: 🛤️ Rail Updated: 7 points.
[planner_local_apf-8] [INFO] [1776380668.786770831] [planner_local_apf]: 🛤️ Rail Updated: 7 points.
[planner_local_apf-8] [INFO] [1776380668.831424401] [planner_local_apf]: 🛤️ Rail Updated: 7 points.
[planner_local_apf-8] [INFO] [1776380668.875543916] [planner_local_apf]: 🛤️ Rail Updated: 7 points.
[planner_local_apf-8] [INFO] [1776380668.929568919] [planner_local_apf]: 🛤️ Rail Updated: 7 points.
[planner_local_apf-8] [INFO] [1776380668.984537178] [planner_local_apf]: 🛤️ Rail Updated: 7 points.
[planner_local_apf-8] [INFO] [1776380669.041297077] [planner_local_apf]: 🛤️ Rail Updated: 7 points.
[planner_local_apf-8] [INFO] [1776380669.113249746] [planner_local_apf]: 🛤️ Rail Updated: 7 points.
[planner_local_apf-8] [INFO] [1776380669.134424455] [planner_local_apf]: 🛣️ Path Received: 7 waypoints. Engaging motors.
[planner_local_apf-8] [INFO] [1776380669.181026415] [planner_local_apf]: 🛤️ Rail Updated: 7 points.
[planner_local_apf-8] [INFO] [1776380669.242879629] [planner_local_apf]: 🛤️ Rail Updated: 7 points.
[planner_local_apf-8] [INFO] [1776380669.288841293] [planner_local_apf]: 🛤️ Rail Updated: 7 points.
[planner_local_apf-8] [INFO] [1776380669.330225086] [planner_local_apf]: 🛤️ Rail Updated: 7 points.
[planner_local_apf-8] [INFO] [1776380669.386857751] [planner_local_apf]: 🛤️ Rail Updated: 7 points.
[planner_local_apf-8] [INFO] [1776380669.436609128] [planner_local_apf]: 🛤️ Rail Updated: 7 points.
[planner_local_apf-8] [INFO] [1776380669.480956345] [planner_local_apf]: 🛤️ Rail Updated: 7 points.
[planner_local_apf-8] [INFO] [1776380669.524232795] [planner_local_apf]: 🛤️ Rail Updated: 7 points.
[planner_local_apf-8] [INFO] [1776380669.562857951] [planner_local_apf]: 🛤️ Rail Updated: 7 points.
[planner_local_apf-8] [INFO] [1776380669.594327825] [planner_local_apf]: 🛤️ Rail Updated: 7 points.
[planner_local_apf-8] [INFO] [1776380669.651640569] [planner_local_apf]: 🛤️ Rail Updated: 7 points.
[planner_local_apf-8] [INFO] [1776380669.699551998] [planner_local_apf]: 🛤️ Rail Updated: 7 points.
[planner_local_apf-8] [INFO] [1776380669.741260936] [planner_local_apf]: 🛤️ Rail Updated: 7 points.
[planner_local_apf-8] [INFO] [1776380669.786900022] [planner_local_apf]: 🛤️ Rail Updated: 7 points.
[planner_local_apf-8] [INFO] [1776380669.839004592] [planner_local_apf]: 🛤️ Rail Updated: 7 points.
[planner_local_apf-8] [INFO] [1776380669.887087439] [planner_local_apf]: 🛤️ Rail Updated: 7 points.
[planner_local_apf-8] [INFO] [1776380669.929799860] [planner_local_apf]: 🛤️ Rail Updated: 7 points.
[planner_local_apf-8] [INFO] [1776380669.976819640] [planner_local_apf]: 🛤️ Rail Updated: 7 points.
[planner_local_apf-8] [INFO] [1776380670.019357618] [planner_local_apf]: 🛤️ Rail Updated: 7 points.
[planner_local_apf-8] [INFO] [1776380670.064793936] [planner_local_apf]: 🛤️ Rail Updated: 7 points.
[planner_local_apf-8] [INFO] [1776380670.103377291] [planner_local_apf]: 🛤️ Rail Updated: 7 points.
[planner_local_apf-8] [INFO] [1776380670.151320437] [planner_local_apf]: 🛤️ Rail Updated: 7 points.
[planner_local_apf-8] [INFO] [1776380670.192938899] [planner_local_apf]: 🛤️ Rail Updated: 7 points.
[planner_global_dstar-7] [INFO] [1776380670.229655081] [planner_global_dstar]: D* status: g[start]=10.2 waypoints=7 reached_goal=True
[planner_local_apf-8] [INFO] [1776380670.234132575] [planner_local_apf]: 🛤️ Rail Updated: 7 points.
[planner_local_apf-8] [INFO] [1776380670.276170416] [planner_local_apf]: 🛤️ Rail Updated: 7 points.
[planner_local_apf-8] [INFO] [1776380670.333347493] [planner_local_apf]: 🛤️ Rail Updated: 7 points.
[planner_local_apf-8] [INFO] [1776380670.379434832] [planner_local_apf]: 🛤️ Rail Updated: 7 points.
[planner_local_apf-8] [INFO] [1776380670.429450944] [planner_local_apf]: 🛤️ Rail Updated: 7 points.
[planner_local_apf-8] [INFO] [1776380670.480820342] [planner_local_apf]: 🛤️ Rail Updated: 7 points.
[planner_local_apf-8] [INFO] [1776380670.542135743] [planner_local_apf]: 🛤️ Rail Updated: 7 points.
[planner_local_apf-8] [INFO] [1776380670.603165876] [planner_local_apf]: 🛤️ Rail Updated: 7 points.
[planner_local_apf-8] [INFO] [1776380670.654629050] [planner_local_apf]: 🛤️ Rail Updated: 7 points.
[planner_local_apf-8] [INFO] [1776380670.705554044] [planner_local_apf]: 🛤️ Rail Updated: 7 points.
[planner_local_apf-8] [INFO] [1776380670.755564014] [planner_local_apf]: 🛤️ Rail Updated: 7 points.
[planner_local_apf-8] [INFO] [1776380670.810468107] [planner_local_apf]: 🛤️ Rail Updated: 7 points.
[planner_local_apf-8] [INFO] [1776380670.856798365] [planner_local_apf]: 🛤️ Rail Updated: 7 points.
[planner_local_apf-8] [INFO] [1776380670.905882861] [planner_local_apf]: 🛤️ Rail Updated: 7 points.
[planner_local_apf-8] [INFO] [1776380670.952591705] [planner_local_apf]: 🛤️ Rail Updated: 7 points.
[planner_local_apf-8] [INFO] [1776380673.953681946] [planner_local_apf]: 🛤️ Rail Updated: 7 points.
[planner_local_apf-8] [INFO] [1776380673.980908353] [planner_local_apf]: 🛣️ Path Received: 7 waypoints. Engaging motors.
[planner_global_dstar-7] [INFO] [1776380673.985515740] [planner_global_dstar]: D* status: g[start]=10.2 waypoints=7 reached_goal=True
[planner_local_apf-8] [INFO] [1776380674.033049040] [planner_local_apf]: 🛤️ Rail Updated: 7 points.
[planner_local_apf-8] [INFO] [1776380674.093265716] [planner_local_apf]: 🛤️ Rail Updated: 7 points.
[planner_local_apf-8] [INFO] [1776380674.296630741] [planner_local_apf]: 🛤️ Rail Updated: 7 points.
[planner_local_apf-8] [INFO] [1776380674.357419330] [planner_local_apf]: 🛤️ Rail Updated: 7 points.
[planner_local_apf-8] [INFO] [1776380674.432091037] [planner_local_apf]: 🛤️ Rail Updated: 7 points.
[planner_local_apf-8] [INFO] [1776380674.472710967] [planner_local_apf]: 🛤️ Rail Updated: 7 points.
[planner_local_apf-8] [INFO] [1776380674.516729098] [planner_local_apf]: 🛤️ Rail Updated: 7 points.
[planner_local_apf-8] [INFO] [1776380674.546343807] [planner_local_apf]: 🛤️ Rail Updated: 7 points.
[planner_local_apf-8] [INFO] [1776380674.589586249] [planner_local_apf]: 🛤️ Rail Updated: 7 points.
[planner_local_apf-8] [INFO] [1776380674.643610884] [planner_local_apf]: 🛤️ Rail Updated: 7 points.
[planner_local_apf-8] [INFO] [1776380674.689247587] [planner_local_apf]: 🛤️ Rail Updated: 7 points.
[planner_local_apf-8] [INFO] [1776380674.732474629] [planner_local_apf]: 🛤️ Rail Updated: 7 points.
[planner_local_apf-8] [INFO] [1776380674.777993539] [planner_local_apf]: 🛤️ Rail Updated: 7 points.
[planner_local_apf-8] [INFO] [1776380674.819733735] [planner_local_apf]: 🛤️ Rail Updated: 7 points.
[planner_local_apf-8] [INFO] [1776380674.866804024] [planner_local_apf]: 🛤️ Rail Updated: 7 points.
[planner_local_apf-8] [INFO] [1776380674.897743602] [planner_local_apf]: 🛤️ Rail Updated: 7 points.
[planner_local_apf-8] [INFO] [1776380674.948161126] [planner_local_apf]: 🛤️ Rail Updated: 7 points.
[planner_local_apf-8] [INFO] [1776380675.007320235] [planner_local_apf]: 🛤️ Rail Updated: 7 points.
[planner_local_apf-8] [INFO] [1776380675.053016063] [planner_local_apf]: 🛤️ Rail Updated: 7 points.
[planner_local_apf-8] [INFO] [1776380675.107205425] [planner_local_apf]: 🛤️ Rail Updated: 7 points.
[planner_local_apf-8] [INFO] [1776380675.157499656] [planner_local_apf]: 🛤️ Rail Updated: 7 points.
[planner_local_apf-8] [INFO] [1776380675.218428129] [planner_local_apf]: 🛤️ Rail Updated: 7 points.
[planner_local_apf-8] [INFO] [1776380675.275756641] [planner_local_apf]: 🛤️ Rail Updated: 7 points.
[planner_local_apf-8] [INFO] [1776380675.336578322] [planner_local_apf]: 🛤️ Rail Updated: 7 points.
[planner_local_apf-8] [INFO] [1776380675.399650987] [planner_local_apf]: 🛤️ Rail Updated: 7 points.
[planner_local_apf-8] [INFO] [1776380675.449637491] [planner_local_apf]: 🛤️ Rail Updated: 7 points.
[planner_local_apf-8] [INFO] [1776380675.512564680] [planner_local_apf]: 🛤️ Rail Updated: 7 points.
[planner_local_apf-8] [INFO] [1776380675.583781535] [planner_local_apf]: 🛤️ Rail Updated: 7 points.
[planner_local_apf-8] [INFO] [1776380675.664733650] [planner_local_apf]: 🛤️ Rail Updated: 7 points.
[planner_local_apf-8] [INFO] [1776380675.761168204] [planner_local_apf]: 🛤️ Rail Updated: 7 points.
[planner_local_apf-8] [INFO] [1776380675.824833224] [planner_local_apf]: 🛤️ Rail Updated: 7 points.
[planner_local_apf-8] [INFO] [1776380675.880386688] [planner_local_apf]: 🛤️ Rail Updated: 7 points.
[planner_local_apf-8] [INFO] [1776380675.923255402] [planner_local_apf]: 🛤️ Rail Updated: 7 points.
[planner_local_apf-8] [INFO] [1776380675.967851130] [planner_local_apf]: 🛤️ Rail Updated: 7 points.
[planner_local_apf-8] [INFO] [1776380676.012299456] [planner_local_apf]: 🛤️ Rail Updated: 7 points.
[planner_global_dstar-7] [INFO] [1776380676.026011798] [planner_global_dstar]: D* status: g[start]=10.2 waypoints=7 reached_goal=True
[planner_local_apf-8] [INFO] [1776380676.026022065] [planner_local_apf]: 🛣️ Path Received: 7 waypoints. Engaging motors.
[planner_local_apf-8] [INFO] [1776380676.050854944] [planner_local_apf]: 🛤️ Rail Updated: 7 points.
[planner_local_apf-8] [INFO] [1776380676.094075386] [planner_local_apf]: 🛤️ Rail Updated: 7 points.
[planner_local_apf-8] [INFO] [1776380676.141071241] [planner_local_apf]: 🛤️ Rail Updated: 7 points.
[planner_local_apf-8] [INFO] [1776380676.181744612] [planner_local_apf]: 🛤️ Rail Updated: 7 points.
[planner_local_apf-8] [INFO] [1776380676.224652743] [planner_local_apf]: 🛤️ Rail Updated: 7 points.
[planner_local_apf-8] [INFO] [1776380676.273418512] [planner_local_apf]: 🛤️ Rail Updated: 7 points.
[planner_local_apf-8] [INFO] [1776380676.323973170] [planner_local_apf]: 🛤️ Rail Updated: 7 points.
[planner_local_apf-8] [INFO] [1776380676.367124036] [planner_local_apf]: 🛤️ Rail Updated: 7 points.
[planner_local_apf-8] [INFO] [1776380676.409307628] [planner_local_apf]: 🛤️ Rail Updated: 7 points.
[planner_local_apf-8] [INFO] [1776380676.444278371] [planner_local_apf]: 🛤️ Rail Updated: 7 points.
[planner_local_apf-8] [INFO] [1776380676.493381476] [planner_local_apf]: 🛤️ Rail Updated: 7 points.
[planner_local_apf-8] [INFO] [1776380676.547666631] [planner_local_apf]: 🛤️ Rail Updated: 7 points.
[planner_local_apf-8] [INFO] [1776380676.595838853] [planner_local_apf]: 🛤️ Rail Updated: 7 points.
[planner_local_apf-8] [INFO] [1776380676.646165443] [planner_local_apf]: 🛤️ Rail Updated: 7 points.
[planner_local_apf-8] [INFO] [1776380676.695498633] [planner_local_apf]: 🛤️ Rail Updated: 7 points.
[planner_local_apf-8] [INFO] [1776380676.751716319] [planner_local_apf]: 🛤️ Rail Updated: 7 points.
[planner_local_apf-8] [INFO] [1776380676.800207911] [planner_local_apf]: 🛤️ Rail Updated: 7 points.
[planner_local_apf-8] [INFO] [1776380676.854212288] [planner_local_apf]: 🛤️ Rail Updated: 7 points.
[planner_local_apf-8] [INFO] [1776380676.895945609] [planner_local_apf]: 🛤️ Rail Updated: 7 points.
[planner_local_apf-8] [INFO] [1776380676.938274219] [planner_local_apf]: 🛤️ Rail Updated: 7 points.
[planner_local_apf-8] [INFO] [1776380676.992919718] [planner_local_apf]: 🛤️ Rail Updated: 7 points.
[planner_local_apf-8] [INFO] [1776380677.041626544] [planner_local_apf]: 🛤️ Rail Updated: 7 points.
[planner_local_apf-8] [INFO] [1776380677.085489575] [planner_local_apf]: 🛤️ Rail Updated: 7 points.
[planner_local_apf-8] [INFO] [1776380677.123160931] [planner_local_apf]: 🛤️ Rail Updated: 7 points.
[planner_local_apf-8] [INFO] [1776380677.166658116] [planner_local_apf]: 🛤️ Rail Updated: 7 points.
[planner_local_apf-8] [INFO] [1776380677.197768379] [planner_local_apf]: 🛤️ Rail Updated: 7 points.
[planner_local_apf-8] [INFO] [1776380677.252899257] [planner_local_apf]: 🛤️ Rail Updated: 7 points.
[planner_local_apf-8] [INFO] [1776380677.297248124] [planner_local_apf]: 🛤️ Rail Updated: 7 points.
[planner_local_apf-8] [INFO] [1776380677.344526589] [planner_local_apf]: 🛤️ Rail Updated: 7 points.
[planner_local_apf-8] [INFO] [1776380677.384005443] [planner_local_apf]: 🛤️ Rail Updated: 7 points.
[planner_local_apf-8] [INFO] [1776380677.434818328] [planner_local_apf]: 🛤️ Rail Updated: 7 points.
[planner_local_apf-8] [INFO] [1776380677.475129430] [planner_local_apf]: 🛤️ Rail Updated: 7 points.
[planner_local_apf-8] [INFO] [1776380677.514909870] [planner_local_apf]: 🛤️ Rail Updated: 7 points.
[planner_local_apf-8] [INFO] [1776380677.544103551] [planner_local_apf]: 🛤️ Rail Updated: 7 points.
[planner_local_apf-8] [INFO] [1776380677.581149827] [planner_local_apf]: 🛤️ Rail Updated: 7 points.
[planner_local_apf-8] [INFO] [1776380677.642996991] [planner_local_apf]: 🛤️ Rail Updated: 7 points.
[planner_local_apf-8] [INFO] [1776380677.691098813] [planner_local_apf]: 🛤️ Rail Updated: 7 points.
[planner_local_apf-8] [INFO] [1776380677.736093294] [planner_local_apf]: 🛤️ Rail Updated: 7 points.
[planner_local_apf-8] [INFO] [1776380677.778704514] [planner_local_apf]: 🛤️ Rail Updated: 7 points.
[planner_local_apf-8] [INFO] [1776380677.825242582] [planner_local_apf]: 🛤️ Rail Updated: 7 points.
[planner_local_apf-8] [INFO] [1776380677.869149796] [planner_local_apf]: 🛤️ Rail Updated: 7 points.
[planner_local_apf-8] [INFO] [1776380677.920529185] [planner_local_apf]: 🛤️ Rail Updated: 7 points.
[planner_local_apf-8] [INFO] [1776380677.968848900] [planner_local_apf]: 🛤️ Rail Updated: 7 points.
[planner_local_apf-8] [INFO] [1776380678.017938530] [planner_local_apf]: 🛤️ Rail Updated: 7 points.
[planner_global_dstar-7] [INFO] [1776380678.026580107] [planner_global_dstar]: D* status: g[start]=10.2 waypoints=7 reached_goal=True
[planner_local_apf-8] [INFO] [1776380678.033866656] [planner_local_apf]: 🛣️ Path Received: 7 waypoints. Engaging motors.
[planner_local_apf-8] [INFO] [1776380678.062352756] [planner_local_apf]: 🛤️ Rail Updated: 7 points.
[planner_local_apf-8] [INFO] [1776380678.093095525] [planner_local_apf]: 🛤️ Rail Updated: 7 points.
[planner_local_apf-8] [INFO] [1776380678.139435224] [planner_local_apf]: 🛤️ Rail Updated: 7 points.
[planner_local_apf-8] [INFO] [1776380678.188140676] [planner_local_apf]: 🛤️ Rail Updated: 7 points.
[planner_local_apf-8] [INFO] [1776380678.232616869] [planner_local_apf]: 🛤️ Rail Updated: 7 points.
[planner_local_apf-8] [INFO] [1776380678.270844922] [planner_local_apf]: 🛤️ Rail Updated: 7 points.
[planner_local_apf-8] [INFO] [1776380678.343350620] [planner_local_apf]: 🛤️ Rail Updated: 7 points.
[planner_local_apf-8] [INFO] [1776380678.402663547] [planner_local_apf]: 🛤️ Rail Updated: 7 points.
[planner_local_apf-8] [INFO] [1776380678.445323534] [planner_local_apf]: 🛤️ Rail Updated: 7 points.
[planner_local_apf-8] [INFO] [1776380678.489234598] [planner_local_apf]: 🛤️ Rail Updated: 7 points.
[planner_local_apf-8] [INFO] [1776380678.536572556] [planner_local_apf]: 🛤️ Rail Updated: 7 points.
[planner_local_apf-8] [INFO] [1776380678.593066986] [planner_local_apf]: 🛤️ Rail Updated: 7 points.
[planner_local_apf-8] [INFO] [1776380678.637937807] [planner_local_apf]: 🛤️ Rail Updated: 7 points.
[planner_local_apf-8] [INFO] [1776380678.680836955] [planner_local_apf]: 🛤️ Rail Updated: 7 points.
[planner_local_apf-8] [INFO] [1776380678.727788809] [planner_local_apf]: 🛤️ Rail Updated: 7 points.
[planner_local_apf-8] [INFO] [1776380678.772030518] [planner_local_apf]: 🛤️ Rail Updated: 7 points.
[planner_local_apf-8] [INFO] [1776380678.820672352] [planner_local_apf]: 🛤️ Rail Updated: 7 points.
[planner_local_apf-8] [INFO] [1776380678.864733200] [planner_local_apf]: 🛤️ Rail Updated: 7 points.
[planner_local_apf-8] [INFO] [1776380678.896001956] [planner_local_apf]: 🛤️ Rail Updated: 7 points.
[planner_local_apf-8] [INFO] [1776380678.970719863] [planner_local_apf]: 🛤️ Rail Updated: 7 points.
[planner_local_apf-8] [INFO] [1776380679.023956526] [planner_local_apf]: 🛤️ Rail Updated: 7 points.
[planner_local_apf-8] [INFO] [1776380679.074741819] [planner_local_apf]: 🛤️ Rail Updated: 7 points.
[planner_local_apf-8] [INFO] [1776380679.119551957] [planner_local_apf]: 🛤️ Rail Updated: 7 points.
[planner_local_apf-8] [INFO] [1776380679.160150253] [planner_local_apf]: 🛤️ Rail Updated: 7 points.
[planner_local_apf-8] [INFO] [1776380679.191041522] [planner_local_apf]: 🛤️ Rail Updated: 7 points.
[planner_local_apf-8] [INFO] [1776380679.233000437] [planner_local_apf]: 🛤️ Rail Updated: 7 points.
[planner_local_apf-8] [INFO] [1776380679.283994549] [planner_local_apf]: 🛤️ Rail Updated: 7 points.
[planner_local_apf-8] [INFO] [1776380679.325649770] [planner_local_apf]: 🛤️ Rail Updated: 7 points.
[planner_local_apf-8] [INFO] [1776380679.368770661] [planner_local_apf]: 🛤️ Rail Updated: 7 points.
[planner_local_apf-8] [INFO] [1776380679.413911351] [planner_local_apf]: 🛤️ Rail Updated: 7 points.
[planner_local_apf-8] [INFO] [1776380679.463485718] [planner_local_apf]: 🛤️ Rail Updated: 7 points.
[planner_local_apf-8] [INFO] [1776380679.520596886] [planner_local_apf]: 🛤️ Rail Updated: 7 points.
[planner_local_apf-8] [INFO] [1776380679.576570279] [planner_local_apf]: 🛤️ Rail Updated: 7 points.
[planner_local_apf-8] [INFO] [1776380679.629132911] [planner_local_apf]: 🛤️ Rail Updated: 7 points.
[planner_local_apf-8] [INFO] [1776380679.689367645] [planner_local_apf]: 🛤️ Rail Updated: 7 points.
[planner_local_apf-8] [INFO] [1776380679.750027258] [planner_local_apf]: 🛤️ Rail Updated: 7 points.
[planner_local_apf-8] [INFO] [1776380679.799732343] [planner_local_apf]: 🛤️ Rail Updated: 7 points.
[planner_local_apf-8] [INFO] [1776380679.848209635] [planner_local_apf]: 🛤️ Rail Updated: 7 points.
[planner_local_apf-8] [INFO] [1776380679.890184958] [planner_local_apf]: 🛤️ Rail Updated: 7 points.
[planner_local_apf-8] [INFO] [1776380679.943196211] [planner_local_apf]: 🛤️ Rail Updated: 7 points.
[planner_local_apf-8] [INFO] [1776380679.995101588] [planner_local_apf]: 🛤️ Rail Updated: 7 points.
[planner_global_dstar-7] [INFO] [1776380680.036765426] [planner_global_dstar]: D* status: g[start]=10.2 waypoints=7 reached_goal=True
[planner_local_apf-8] [INFO] [1776380680.041757998] [planner_local_apf]: 🛤️ Rail Updated: 7 points.
[planner_local_apf-8] [INFO] [1776380680.056443023] [planner_local_apf]: 🛣️ Path Received: 7 waypoints. Engaging motors.
[planner_local_apf-8] [INFO] [1776380680.086277459] [planner_local_apf]: 🛤️ Rail Updated: 7 points.
[planner_local_apf-8] [INFO] [1776380680.130066513] [planner_local_apf]: 🛤️ Rail Updated: 7 points.
[planner_local_apf-8] [INFO] [1776380680.176527031] [planner_local_apf]: 🛤️ Rail Updated: 7 points.
[planner_local_apf-8] [INFO] [1776380680.214323696] [planner_local_apf]: 🛤️ Rail Updated: 7 points.
[planner_local_apf-8] [INFO] [1776380680.260326335] [planner_local_apf]: 🛤️ Rail Updated: 7 points.
[planner_local_apf-8] [INFO] [1776380680.291884118] [planner_local_apf]: 🛤️ Rail Updated: 7 points.
[planner_local_apf-8] [INFO] [1776380680.342589202] [planner_local_apf]: 🛤️ Rail Updated: 7 points.
[planner_local_apf-8] [INFO] [1776380680.394267885] [planner_local_apf]: 🛤️ Rail Updated: 7 points.
[planner_local_apf-8] [INFO] [1776380680.454264377] [planner_local_apf]: 🛤️ Rail Updated: 7 points.
[planner_local_apf-8] [INFO] [1776380680.504854785] [planner_local_apf]: 🛤️ Rail Updated: 7 points.
[planner_local_apf-8] [INFO] [1776380680.547445930] [planner_local_apf]: 🛤️ Rail Updated: 7 points.
[planner_local_apf-8] [INFO] [1776380680.588727698] [planner_local_apf]: 🛤️ Rail Updated: 7 points.
[planner_local_apf-8] [INFO] [1776380680.635902213] [planner_local_apf]: 🛤️ Rail Updated: 7 points.
[planner_local_apf-8] [INFO] [1776380680.677292882] [planner_local_apf]: 🛤️ Rail Updated: 7 points.
[planner_local_apf-8] [INFO] [1776380680.716915011] [planner_local_apf]: 🛤️ Rail Updated: 7 points.
[planner_local_apf-8] [INFO] [1776380680.745734139] [planner_local_apf]: 🛤️ Rail Updated: 7 points.
[planner_local_apf-8] [INFO] [1776380680.785352328] [planner_local_apf]: 🛤️ Rail Updated: 7 points.
[planner_local_apf-8] [INFO] [1776380680.833140830] [planner_local_apf]: 🛤️ Rail Updated: 7 points.
[planner_local_apf-8] [INFO] [1776380680.880014126] [planner_local_apf]: 🛤️ Rail Updated: 7 points.
[planner_local_apf-8] [INFO] [1776380680.922091384] [planner_local_apf]: 🛤️ Rail Updated: 7 points.
[planner_local_apf-8] [INFO] [1776380680.965975406] [planner_local_apf]: 🛤️ Rail Updated: 7 points.
[planner_local_apf-8] [INFO] [1776380680.993186504] [planner_local_apf]: 🛤️ Rail Updated: 7 points.
[planner_local_apf-8] [INFO] [1776380681.035808633] [planner_local_apf]: 🛤️ Rail Updated: 7 points.
[planner_local_apf-8] [INFO] [1776380681.076165569] [planner_local_apf]: 🛤️ Rail Updated: 7 points.
[planner_local_apf-8] [INFO] [1776380681.128244655] [planner_local_apf]: 🛤️ Rail Updated: 7 points.
[planner_local_apf-8] [INFO] [1776380681.176633946] [planner_local_apf]: 🛤️ Rail Updated: 7 points.
[planner_local_apf-8] [INFO] [1776380681.230396780] [planner_local_apf]: 🛤️ Rail Updated: 7 points.
[planner_local_apf-8] [INFO] [1776380681.278198849] [planner_local_apf]: 🛤️ Rail Updated: 7 points.
[planner_local_apf-8] [INFO] [1776380681.328491980] [planner_local_apf]: 🛤️ Rail Updated: 7 points.
[planner_local_apf-8] [INFO] [1776380681.401145905] [planner_local_apf]: 🛤️ Rail Updated: 7 points.
[planner_local_apf-8] [INFO] [1776380681.509967840] [planner_local_apf]: 🛤️ Rail Updated: 7 points.
[planner_local_apf-8] [INFO] [1776380681.563033726] [planner_local_apf]: 🛤️ Rail Updated: 7 points.
[planner_local_apf-8] [INFO] [1776380681.610727445] [planner_local_apf]: 🛤️ Rail Updated: 7 points.
[planner_local_apf-8] [INFO] [1776380681.643263961] [planner_local_apf]: 🛤️ Rail Updated: 7 points.
[planner_local_apf-8] [INFO] [1776380681.684506403] [planner_local_apf]: 🛤️ Rail Updated: 7 points.
[planner_local_apf-8] [INFO] [1776380681.731115789] [planner_local_apf]: 🛤️ Rail Updated: 7 points.
[planner_local_apf-8] [INFO] [1776380681.775750567] [planner_local_apf]: 🛤️ Rail Updated: 7 points.
[planner_local_apf-8] [INFO] [1776380681.817853399] [planner_local_apf]: 🛤️ Rail Updated: 7 points.
[planner_local_apf-8] [INFO] [1776380681.861440419] [planner_local_apf]: 🛤️ Rail Updated: 7 points.
[planner_local_apf-8] [INFO] [1776380681.888480649] [planner_local_apf]: 🛤️ Rail Updated: 7 points.
[planner_local_apf-8] [INFO] [1776380681.933381538] [planner_local_apf]: 🛤️ Rail Updated: 7 points.
[planner_local_apf-8] [INFO] [1776380681.976220918] [planner_local_apf]: 🛤️ Rail Updated: 7 points.
[planner_local_apf-8] [INFO] [1776380682.018940214] [planner_local_apf]: 🛤️ Rail Updated: 7 points.
[planner_local_apf-8] [INFO] [1776380682.072067334] [planner_local_apf]: 🛤️ Rail Updated: 7 points.
[planner_local_apf-8] [INFO] [1776380682.087287055] [planner_local_apf]: 🛣️ Path Received: 7 waypoints. Engaging motors.
[planner_local_apf-8] [INFO] [1776380682.118528585] [planner_local_apf]: 🛤️ Rail Updated: 7 points.
[planner_local_apf-8] [INFO] [1776380682.166576048] [planner_local_apf]: 🛤️ Rail Updated: 7 points.
[planner_local_apf-8] [INFO] [1776380682.211019241] [planner_local_apf]: 🛤️ Rail Updated: 7 points.
[planner_global_dstar-7] [INFO] [1776380682.228832874] [planner_global_dstar]: D* status: g[start]=10.2 waypoints=7 reached_goal=True
[planner_local_apf-8] [INFO] [1776380682.242552732] [planner_local_apf]: 🛤️ Rail Updated: 7 points.
[planner_local_apf-8] [INFO] [1776380682.294221332] [planner_local_apf]: 🛤️ Rail Updated: 7 points.
[planner_local_apf-8] [INFO] [1776380682.359968119] [planner_local_apf]: 🛤️ Rail Updated: 7 points.
[planner_local_apf-8] [INFO] [1776380682.411789712] [planner_local_apf]: 🛤️ Rail Updated: 7 points.
[planner_local_apf-8] [INFO] [1776380682.501112252] [planner_local_apf]: 🛤️ Rail Updated: 7 points.
[planner_local_apf-8] [INFO] [1776380682.576997727] [planner_local_apf]: 🛤️ Rail Updated: 7 points.
[planner_local_apf-8] [INFO] [1776380682.656484722] [planner_local_apf]: 🛤️ Rail Updated: 7 points.
[planner_local_apf-8] [INFO] [1776380682.745462959] [planner_local_apf]: 🛤️ Rail Updated: 7 points.
[planner_local_apf-8] [INFO] [1776380682.795743623] [planner_local_apf]: 🛤️ Rail Updated: 7 points.
[planner_local_apf-8] [INFO] [1776380682.851950126] [planner_local_apf]: 🛤️ Rail Updated: 7 points.
[planner_local_apf-8] [INFO] [1776380682.898274792] [planner_local_apf]: 🛤️ Rail Updated: 7 points.
[planner_local_apf-8] [INFO] [1776380682.943236181] [planner_local_apf]: 🛤️ Rail Updated: 7 points.
[planner_local_apf-8] [INFO] [1776380683.011847298] [planner_local_apf]: 🛤️ Rail Updated: 7 points.
[planner_local_apf-8] [INFO] [1776380683.070679247] [planner_local_apf]: 🛤️ Rail Updated: 7 points.
[planner_local_apf-8] [INFO] [1776380683.116531092] [planner_local_apf]: 🛤️ Rail Updated: 7 points.
[planner_local_apf-8] [INFO] [1776380683.162126178] [planner_local_apf]: 🛤️ Rail Updated: 7 points.
[planner_local_apf-8] [INFO] [1776380683.192727687] [planner_local_apf]: 🛤️ Rail Updated: 7 points.
[planner_local_apf-8] [INFO] [1776380683.241800083] [planner_local_apf]: 🛤️ Rail Updated: 7 points.
[planner_local_apf-8] [INFO] [1776380683.292473634] [planner_local_apf]: 🛤️ Rail Updated: 7 points.
[planner_local_apf-8] [INFO] [1776380683.338716441] [planner_local_apf]: 🛤️ Rail Updated: 7 points.
[planner_local_apf-8] [INFO] [1776380683.377510631] [planner_local_apf]: 🛤️ Rail Updated: 7 points.
[planner_local_apf-8] [INFO] [1776380683.421212601] [planner_local_apf]: 🛤️ Rail Updated: 7 points.
[planner_local_apf-8] [INFO] [1776380683.462968657] [planner_local_apf]: 🛤️ Rail Updated: 7 points.
[planner_local_apf-8] [INFO] [1776380683.489244564] [planner_local_apf]: 🛤️ Rail Updated: 7 points.
[planner_local_apf-8] [INFO] [1776380683.529314856] [planner_local_apf]: 🛤️ Rail Updated: 7 points.
[planner_local_apf-8] [INFO] [1776380683.572586265] [planner_local_apf]: 🛤️ Rail Updated: 7 points.
[planner_local_apf-8] [INFO] [1776380683.616376878] [planner_local_apf]: 🛤️ Rail Updated: 7 points.
[planner_local_apf-8] [INFO] [1776380683.666217722] [planner_local_apf]: 🛤️ Rail Updated: 7 points.
[planner_local_apf-8] [INFO] [1776380683.717189558] [planner_local_apf]: 🛤️ Rail Updated: 7 points.
[planner_local_apf-8] [INFO] [1776380683.756916831] [planner_local_apf]: 🛤️ Rail Updated: 7 points.
[planner_local_apf-8] [INFO] [1776380683.785633658] [planner_local_apf]: 🛤️ Rail Updated: 7 points.
[planner_local_apf-8] [INFO] [1776380683.833459011] [planner_local_apf]: 🛤️ Rail Updated: 7 points.
[planner_local_apf-8] [INFO] [1776380683.875615744] [planner_local_apf]: 🛤️ Rail Updated: 7 points.
[planner_local_apf-8] [INFO] [1776380683.922838934] [planner_local_apf]: 🛤️ Rail Updated: 7 points.
[planner_local_apf-8] [INFO] [1776380683.965201094] [planner_local_apf]: 🛤️ Rail Updated: 7 points.
[planner_local_apf-8] [INFO] [1776380683.996933870] [planner_local_apf]: 🛤️ Rail Updated: 7 points.
[planner_local_apf-8] [INFO] [1776380684.042990776] [planner_local_apf]: 🛤️ Rail Updated: 7 points.
[planner_local_apf-8] [INFO] [1776380684.085035675] [planner_local_apf]: 🛤️ Rail Updated: 7 points.
[planner_local_apf-8] [INFO] [1776380684.095577792] [planner_local_apf]: 🛣️ Path Received: 7 waypoints. Engaging motors.
[planner_local_apf-8] [INFO] [1776380684.131561276] [planner_local_apf]: 🛤️ Rail Updated: 7 points.
[planner_local_apf-8] [INFO] [1776380684.178489389] [planner_local_apf]: 🛤️ Rail Updated: 7 points.
[planner_local_apf-8] [INFO] [1776380684.222086584] [planner_local_apf]: 🛤️ Rail Updated: 7 points.
[planner_local_apf-8] [INFO] [1776380684.261873623] [planner_local_apf]: 🛤️ Rail Updated: 7 points.
[planner_local_apf-8] [INFO] [1776380684.292439565] [planner_local_apf]: 🛤️ Rail Updated: 7 points.
[planner_local_apf-8] [INFO] [1776380684.334663307] [planner_local_apf]: 🛤️ Rail Updated: 7 points.
[planner_local_apf-8] [INFO] [1776380684.375189461] [planner_local_apf]: 🛤️ Rail Updated: 7 points.
[planner_local_apf-8] [INFO] [1776380684.416107218] [planner_local_apf]: 🛤️ Rail Updated: 7 points.
[planner_global_dstar-7] [INFO] [1776380684.427142596] [planner_global_dstar]: D* status: g[start]=10.2 waypoints=7 reached_goal=True
[planner_local_apf-8] [INFO] [1776380684.463101056] [planner_local_apf]: 🛤️ Rail Updated: 7 points.
[planner_local_apf-8] [INFO] [1776380684.490033760] [planner_local_apf]: 🛤️ Rail Updated: 7 points.
[planner_local_apf-8] [INFO] [1776380684.533317453] [planner_local_apf]: 🛤️ Rail Updated: 7 points.
[planner_local_apf-8] [INFO] [1776380684.574711055] [planner_local_apf]: 🛤️ Rail Updated: 7 points.
[planner_local_apf-8] [INFO] [1776380684.622021054] [planner_local_apf]: 🛤️ Rail Updated: 7 points.
[planner_local_apf-8] [INFO] [1776380684.668414287] [planner_local_apf]: 🛤️ Rail Updated: 7 points.
[planner_local_apf-8] [INFO] [1776380684.721501532] [planner_local_apf]: 🛤️ Rail Updated: 7 points.
[planner_local_apf-8] [INFO] [1776380684.762690808] [planner_local_apf]: 🛤️ Rail Updated: 7 points.
[planner_local_apf-8] [INFO] [1776380684.793674386] [planner_local_apf]: 🛤️ Rail Updated: 7 points.
[planner_local_apf-8] [INFO] [1776380684.833636969] [planner_local_apf]: 🛤️ Rail Updated: 7 points.
[planner_local_apf-8] [INFO] [1776380684.874136081] [planner_local_apf]: 🛤️ Rail Updated: 7 points.
[planner_local_apf-8] [INFO] [1776380684.920033852] [planner_local_apf]: 🛤️ Rail Updated: 7 points.
[planner_local_apf-8] [INFO] [1776380684.967702270] [planner_local_apf]: 🛤️ Rail Updated: 7 points.
[planner_local_apf-8] [INFO] [1776380685.012860652] [planner_local_apf]: 🛤️ Rail Updated: 7 points.
[planner_local_apf-8] [INFO] [1776380685.065121057] [planner_local_apf]: 🛤️ Rail Updated: 7 points.
[planner_local_apf-8] [INFO] [1776380685.093954944] [planner_local_apf]: 🛤️ Rail Updated: 7 points.
[planner_local_apf-8] [INFO] [1776380685.139127442] [planner_local_apf]: 🛤️ Rail Updated: 7 points.
[planner_local_apf-8] [INFO] [1776380685.181019074] [planner_local_apf]: 🛤️ Rail Updated: 7 points.
[planner_local_apf-8] [INFO] [1776380685.222266191] [planner_local_apf]: 🛤️ Rail Updated: 7 points.
[planner_local_apf-8] [INFO] [1776380685.268242522] [planner_local_apf]: 🛤️ Rail Updated: 7 points.
[planner_local_apf-8] [INFO] [1776380685.312110593] [planner_local_apf]: 🛤️ Rail Updated: 7 points.
[planner_local_apf-8] [INFO] [1776380685.344802485] [planner_local_apf]: 🛤️ Rail Updated: 7 points.
[planner_local_apf-8] [INFO] [1776380685.386987269] [planner_local_apf]: 🛤️ Rail Updated: 7 points.
[planner_local_apf-8] [INFO] [1776380685.426322388] [planner_local_apf]: 🛤️ Rail Updated: 7 points.
[planner_local_apf-8] [INFO] [1776380685.476924897] [planner_local_apf]: 🛤️ Rail Updated: 7 points.
[planner_local_apf-8] [INFO] [1776380685.526761982] [planner_local_apf]: 🛤️ Rail Updated: 7 points.
[planner_local_apf-8] [INFO] [1776380685.568342219] [planner_local_apf]: 🛤️ Rail Updated: 7 points.
[planner_local_apf-8] [INFO] [1776380685.595342483] [planner_local_apf]: 🛤️ Rail Updated: 7 points.
[planner_local_apf-8] [INFO] [1776380685.640455490] [planner_local_apf]: 🛤️ Rail Updated: 7 points.
[planner_local_apf-8] [INFO] [1776380685.685472795] [planner_local_apf]: 🛤️ Rail Updated: 7 points.
[planner_local_apf-8] [INFO] [1776380685.736772984] [planner_local_apf]: 🛤️ Rail Updated: 7 points.
[planner_local_apf-8] [INFO] [1776380685.777357164] [planner_local_apf]: 🛤️ Rail Updated: 7 points.
[planner_local_apf-8] [INFO] [1776380685.822993591] [planner_local_apf]: 🛤️ Rail Updated: 7 points.
[planner_local_apf-8] [INFO] [1776380685.865686212] [planner_local_apf]: 🛤️ Rail Updated: 7 points.
[planner_local_apf-8] [INFO] [1776380685.910675101] [planner_local_apf]: 🛤️ Rail Updated: 7 points.
[planner_local_apf-8] [INFO] [1776380685.940456095] [planner_local_apf]: 🛤️ Rail Updated: 7 points.
[planner_local_apf-8] [INFO] [1776380685.989145138] [planner_local_apf]: 🛤️ Rail Updated: 7 points.
[planner_local_apf-8] [INFO] [1776380686.038048775] [planner_local_apf]: 🛤️ Rail Updated: 7 points.
[planner_local_apf-8] [INFO] [1776380686.082676403] [planner_local_apf]: 🛤️ Rail Updated: 7 points.
[planner_local_apf-8] [INFO] [1776380686.095656964] [planner_local_apf]: 🛣️ Path Received: 7 waypoints. Engaging motors.
[planner_local_apf-8] [INFO] [1776380686.125457574] [planner_local_apf]: 🛤️ Rail Updated: 7 points.
[planner_local_apf-8] [INFO] [1776380686.168770600] [planner_local_apf]: 🛤️ Rail Updated: 7 points.
[planner_local_apf-8] [INFO] [1776380686.215468811] [planner_local_apf]: 🛤️ Rail Updated: 7 points.
[planner_local_apf-8] [INFO] [1776380686.247874609] [planner_local_apf]: 🛤️ Rail Updated: 7 points.
[planner_local_apf-8] [INFO] [1776380686.291869915] [planner_local_apf]: 🛤️ Rail Updated: 7 points.
[planner_local_apf-8] [INFO] [1776380686.333541911] [planner_local_apf]: 🛤️ Rail Updated: 7 points.
[planner_local_apf-8] [INFO] [1776380686.372790405] [planner_local_apf]: 🛤️ Rail Updated: 7 points.
[planner_local_apf-8] [INFO] [1776380686.424164844] [planner_local_apf]: 🛤️ Rail Updated: 7 points.
[planner_global_dstar-7] [INFO] [1776380686.428506854] [planner_global_dstar]: D* status: g[start]=10.2 waypoints=7 reached_goal=True
[planner_local_apf-8] [INFO] [1776380686.474840687] [planner_local_apf]: 🛤️ Rail Updated: 7 points.
[planner_local_apf-8] [INFO] [1776380686.514919137] [planner_local_apf]: 🛤️ Rail Updated: 7 points.
[planner_local_apf-8] [INFO] [1776380686.562201544] [planner_local_apf]: 🛤️ Rail Updated: 7 points.
[planner_local_apf-8] [INFO] [1776380686.597237829] [planner_local_apf]: 🛤️ Rail Updated: 7 points.
[planner_local_apf-8] [INFO] [1776380686.645891122] [planner_local_apf]: 🛤️ Rail Updated: 7 points.
[planner_local_apf-8] [INFO] [1776380686.772848718] [planner_local_apf]: 🛤️ Rail Updated: 7 points.
[planner_local_apf-8] [INFO] [1776380686.860678179] [planner_local_apf]: 🛤️ Rail Updated: 7 points.
[planner_local_apf-8] [INFO] [1776380686.944061038] [planner_local_apf]: 🛤️ Rail Updated: 7 points.
[planner_local_apf-8] [INFO] [1776380686.989520273] [planner_local_apf]: 🛤️ Rail Updated: 7 points.
[planner_local_apf-8] [INFO] [1776380687.031803507] [planner_local_apf]: 🛤️ Rail Updated: 7 points.
[planner_local_apf-8] [INFO] [1776380687.076042648] [planner_local_apf]: 🛤️ Rail Updated: 7 points.
[planner_local_apf-8] [INFO] [1776380687.143940869] [planner_local_apf]: 🛤️ Rail Updated: 7 points.
[planner_local_apf-8] [INFO] [1776380687.194804812] [planner_local_apf]: 🛤️ Rail Updated: 7 points.
[planner_local_apf-8] [INFO] [1776380687.240305389] [planner_local_apf]: 🛤️ Rail Updated: 7 points.
[planner_local_apf-8] [INFO] [1776380687.280852626] [planner_local_apf]: 🛤️ Rail Updated: 7 points.
[planner_local_apf-8] [INFO] [1776380687.322338904] [planner_local_apf]: 🛤️ Rail Updated: 7 points.
[planner_local_apf-8] [INFO] [1776380687.365508287] [planner_local_apf]: 🛤️ Rail Updated: 7 points.
[planner_local_apf-8] [INFO] [1776380687.410610569] [planner_local_apf]: 🛤️ Rail Updated: 7 points.
[planner_local_apf-8] [INFO] [1776380687.454810476] [planner_local_apf]: 🛤️ Rail Updated: 7 points.
[planner_local_apf-8] [INFO] [1776380687.485181717] [planner_local_apf]: 🛤️ Rail Updated: 7 points.
[planner_local_apf-8] [INFO] [1776380687.524730971] [planner_local_apf]: 🛤️ Rail Updated: 7 points.
[planner_local_apf-8] [INFO] [1776380687.566794754] [planner_local_apf]: 🛤️ Rail Updated: 7 points.
[planner_local_apf-8] [INFO] [1776380687.598704172] [planner_local_apf]: 🛤️ Rail Updated: 7 points.
[planner_local_apf-8] [INFO] [1776380687.647344174] [planner_local_apf]: 🛤️ Rail Updated: 7 points.
[planner_local_apf-8] [INFO] [1776380687.698095642] [planner_local_apf]: 🛤️ Rail Updated: 7 points.
[planner_local_apf-8] [INFO] [1776380687.746559000] [planner_local_apf]: 🛤️ Rail Updated: 7 points.
[planner_local_apf-8] [INFO] [1776380687.788883026] [planner_local_apf]: 🛤️ Rail Updated: 7 points.
[planner_local_apf-8] [INFO] [1776380687.833356011] [planner_local_apf]: 🛤️ Rail Updated: 7 points.
[planner_local_apf-8] [INFO] [1776380687.874010133] [planner_local_apf]: 🛤️ Rail Updated: 7 points.
[planner_local_apf-8] [INFO] [1776380687.918687352] [planner_local_apf]: 🛤️ Rail Updated: 7 points.
[planner_local_apf-8] [INFO] [1776380687.961947394] [planner_local_apf]: 🛤️ Rail Updated: 7 points.
[planner_local_apf-8] [INFO] [1776380687.990171693] [planner_local_apf]: 🛤️ Rail Updated: 7 points.
[planner_local_apf-8] [INFO] [1776380688.033871463] [planner_local_apf]: 🛤️ Rail Updated: 7 points.
[planner_local_apf-8] [INFO] [1776380688.077325015] [planner_local_apf]: 🛤️ Rail Updated: 7 points.
[planner_local_apf-8] [INFO] [1776380688.127750697] [planner_local_apf]: 🛤️ Rail Updated: 7 points.
[planner_local_apf-8] [INFO] [1776380688.141962809] [planner_local_apf]: 🛣️ Path Received: 7 waypoints. Engaging motors.
[planner_local_apf-8] [INFO] [1776380688.174374474] [planner_local_apf]: 🛤️ Rail Updated: 7 points.
[planner_local_apf-8] [INFO] [1776380688.218433764] [planner_local_apf]: 🛤️ Rail Updated: 7 points.
[planner_local_apf-8] [INFO] [1776380688.261218419] [planner_local_apf]: 🛤️ Rail Updated: 7 points.
[planner_local_apf-8] [INFO] [1776380688.292917095] [planner_local_apf]: 🛤️ Rail Updated: 7 points.
[planner_local_apf-8] [INFO] [1776380688.334781042] [planner_local_apf]: 🛤️ Rail Updated: 7 points.
[planner_local_apf-8] [INFO] [1776380688.377721257] [planner_local_apf]: 🛤️ Rail Updated: 7 points.
[planner_local_apf-8] [INFO] [1776380688.423165458] [planner_local_apf]: 🛤️ Rail Updated: 7 points.
[planner_global_dstar-7] [INFO] [1776380688.433320463] [planner_global_dstar]: D* status: g[start]=10.2 waypoints=7 reached_goal=True
[planner_local_apf-8] [INFO] [1776380688.475138210] [planner_local_apf]: 🛤️ Rail Updated: 7 points.
[planner_local_apf-8] [INFO] [1776380688.518655104] [planner_local_apf]: 🛤️ Rail Updated: 7 points.
[planner_local_apf-8] [INFO] [1776380688.566885719] [planner_local_apf]: 🛤️ Rail Updated: 7 points.
[planner_local_apf-8] [INFO] [1776380688.618986348] [planner_local_apf]: 🛤️ Rail Updated: 7 points.
[planner_local_apf-8] [INFO] [1776380688.663404699] [planner_local_apf]: 🛤️ Rail Updated: 7 points.
[planner_local_apf-8] [INFO] [1776380688.701788677] [planner_local_apf]: 🛤️ Rail Updated: 7 points.
[planner_local_apf-8] [INFO] [1776380688.743221605] [planner_local_apf]: 🛤️ Rail Updated: 7 points.
[planner_local_apf-8] [INFO] [1776380688.787351937] [planner_local_apf]: 🛤️ Rail Updated: 7 points.
[planner_local_apf-8] [INFO] [1776380688.835182699] [planner_local_apf]: 🛤️ Rail Updated: 7 points.
[planner_local_apf-8] [INFO] [1776380688.876013830] [planner_local_apf]: 🛤️ Rail Updated: 7 points.
[planner_local_apf-8] [INFO] [1776380688.917070371] [planner_local_apf]: 🛤️ Rail Updated: 7 points.
[planner_local_apf-8] [INFO] [1776380688.968862356] [planner_local_apf]: 🛤️ Rail Updated: 7 points.
[planner_local_apf-8] [INFO] [1776380689.021473297] [planner_local_apf]: 🛤️ Rail Updated: 7 points.
[planner_local_apf-8] [INFO] [1776380689.082214219] [planner_local_apf]: 🛤️ Rail Updated: 7 points.
[planner_local_apf-8] [INFO] [1776380689.128053231] [planner_local_apf]: 🛤️ Rail Updated: 7 points.
[planner_local_apf-8] [INFO] [1776380689.178834124] [planner_local_apf]: 🛤️ Rail Updated: 7 points.
[planner_local_apf-8] [INFO] [1776380689.222422244] [planner_local_apf]: 🛤️ Rail Updated: 7 points.
[planner_local_apf-8] [INFO] [1776380689.266744253] [planner_local_apf]: 🛤️ Rail Updated: 7 points.
[planner_local_apf-8] [INFO] [1776380689.307389574] [planner_local_apf]: 🛤️ Rail Updated: 7 points.
[planner_local_apf-8] [INFO] [1776380689.335039301] [planner_local_apf]: 🛤️ Rail Updated: 7 points.
[planner_local_apf-8] [INFO] [1776380689.378114175] [planner_local_apf]: 🛤️ Rail Updated: 7 points.
[planner_local_apf-8] [INFO] [1776380689.428292630] [planner_local_apf]: 🛤️ Rail Updated: 7 points.
[planner_local_apf-8] [INFO] [1776380689.462896153] [planner_local_apf]: 🛤️ Rail Updated: 7 points.
[planner_local_apf-8] [INFO] [1776380689.501860203] [planner_local_apf]: 🛤️ Rail Updated: 7 points.
[planner_local_apf-8] [INFO] [1776380689.544861743] [planner_local_apf]: 🛤️ Rail Updated: 7 points.
[planner_local_apf-8] [INFO] [1776380689.591886290] [planner_local_apf]: 🛤️ Rail Updated: 7 points.
[planner_local_apf-8] [INFO] [1776380689.631241484] [planner_local_apf]: 🛤️ Rail Updated: 7 points.
[planner_local_apf-8] [INFO] [1776380689.677893128] [planner_local_apf]: 🛤️ Rail Updated: 7 points.
[planner_local_apf-8] [INFO] [1776380689.722203037] [planner_local_apf]: 🛤️ Rail Updated: 7 points.
[planner_local_apf-8] [INFO] [1776380689.765284878] [planner_local_apf]: 🛤️ Rail Updated: 7 points.
[planner_local_apf-8] [INFO] [1776380689.793153415] [planner_local_apf]: 🛤️ Rail Updated: 7 points.
[planner_local_apf-8] [INFO] [1776380689.841592756] [planner_local_apf]: 🛤️ Rail Updated: 7 points.
[planner_local_apf-8] [INFO] [1776380689.889748570] [planner_local_apf]: 🛤️ Rail Updated: 7 points.
[planner_local_apf-8] [INFO] [1776380689.939621681] [planner_local_apf]: 🛤️ Rail Updated: 7 points.
[planner_local_apf-8] [INFO] [1776380689.981261960] [planner_local_apf]: 🛤️ Rail Updated: 7 points.
[planner_local_apf-8] [INFO] [1776380690.023168350] [planner_local_apf]: 🛤️ Rail Updated: 7 points.
[planner_local_apf-8] [INFO] [1776380690.068735752] [planner_local_apf]: 🛤️ Rail Updated: 7 points.
[planner_local_apf-8] [INFO] [1776380690.115821532] [planner_local_apf]: 🛤️ Rail Updated: 7 points.
[planner_local_apf-8] [INFO] [1776380690.180395801] [planner_local_apf]: 🛤️ Rail Updated: 7 points.
[planner_local_apf-8] [INFO] [1776380690.192281212] [planner_local_apf]: 🛣️ Path Received: 7 waypoints. Engaging motors.
[planner_local_apf-8] [INFO] [1776380690.222067889] [planner_local_apf]: 🛤️ Rail Updated: 7 points.
[planner_local_apf-8] [INFO] [1776380690.270898742] [planner_local_apf]: 🛤️ Rail Updated: 7 points.
[planner_local_apf-8] [INFO] [1776380690.319115515] [planner_local_apf]: 🛤️ Rail Updated: 7 points.
[planner_local_apf-8] [INFO] [1776380690.360491242] [planner_local_apf]: 🛤️ Rail Updated: 7 points.
[planner_local_apf-8] [INFO] [1776380690.397681161] [planner_local_apf]: 🛤️ Rail Updated: 7 points.
[planner_local_apf-8] [INFO] [1776380690.442313922] [planner_local_apf]: 🛤️ Rail Updated: 7 points.
[planner_local_apf-8] [INFO] [1776380690.483287688] [planner_local_apf]: 🛤️ Rail Updated: 7 points.
[planner_local_apf-8] [INFO] [1776380690.529156859] [planner_local_apf]: 🛤️ Rail Updated: 7 points.
[planner_local_apf-8] [INFO] [1776380690.572371617] [planner_local_apf]: 🛤️ Rail Updated: 7 points.
[planner_local_apf-8] [INFO] [1776380690.624726256] [planner_local_apf]: 🛤️ Rail Updated: 7 points.
[planner_global_dstar-7] [INFO] [1776380690.631721303] [planner_global_dstar]: D* status: g[start]=10.2 waypoints=7 reached_goal=True
[planner_local_apf-8] [INFO] [1776380690.671619077] [planner_local_apf]: 🛤️ Rail Updated: 7 points.
[planner_local_apf-8] [INFO] [1776380690.714918994] [planner_local_apf]: 🛤️ Rail Updated: 7 points.
[planner_local_apf-8] [INFO] [1776380690.764295360] [planner_local_apf]: 🛤️ Rail Updated: 7 points.
[planner_local_apf-8] [INFO] [1776380690.801178743] [planner_local_apf]: 🛤️ Rail Updated: 7 points.
[planner_local_apf-8] [INFO] [1776380690.843529994] [planner_local_apf]: 🛤️ Rail Updated: 7 points.
[planner_local_apf-8] [INFO] [1776380690.891208038] [planner_local_apf]: 🛤️ Rail Updated: 7 points.
[planner_local_apf-8] [INFO] [1776380690.939401802] [planner_local_apf]: 🛤️ Rail Updated: 7 points.
[planner_local_apf-8] [INFO] [1776380690.982024023] [planner_local_apf]: 🛤️ Rail Updated: 7 points.
[planner_local_apf-8] [INFO] [1776380691.027798501] [planner_local_apf]: 🛤️ Rail Updated: 7 points.
[planner_local_apf-8] [INFO] [1776380691.077321626] [planner_local_apf]: 🛤️ Rail Updated: 7 points.
[planner_local_apf-8] [INFO] [1776380691.122533542] [planner_local_apf]: 🛤️ Rail Updated: 7 points.
[planner_local_apf-8] [INFO] [1776380691.162952720] [planner_local_apf]: 🛤️ Rail Updated: 7 points.
[planner_local_apf-8] [INFO] [1776380691.196872771] [planner_local_apf]: 🛤️ Rail Updated: 7 points.
[planner_local_apf-8] [INFO] [1776380691.240007871] [planner_local_apf]: 🛤️ Rail Updated: 7 points.
[planner_local_apf-8] [INFO] [1776380691.286094385] [planner_local_apf]: 🛤️ Rail Updated: 7 points.
[planner_local_apf-8] [INFO] [1776380691.329371661] [planner_local_apf]: 🛤️ Rail Updated: 7 points.
[planner_local_apf-8] [INFO] [1776380691.375771219] [planner_local_apf]: 🛤️ Rail Updated: 7 points.
[planner_local_apf-8] [INFO] [1776380691.426568613] [planner_local_apf]: 🛤️ Rail Updated: 7 points.
[planner_local_apf-8] [INFO] [1776380691.477811234] [planner_local_apf]: 🛤️ Rail Updated: 7 points.
[planner_local_apf-8] [INFO] [1776380691.528382301] [planner_local_apf]: 🛤️ Rail Updated: 7 points.
[planner_local_apf-8] [INFO] [1776380691.572559384] [planner_local_apf]: 🛤️ Rail Updated: 7 points.
[planner_local_apf-8] [INFO] [1776380691.615302330] [planner_local_apf]: 🛤️ Rail Updated: 7 points.
[planner_local_apf-8] [INFO] [1776380691.645384084] [planner_local_apf]: 🛤️ Rail Updated: 7 points.
[planner_local_apf-8] [INFO] [1776380691.691702242] [planner_local_apf]: 🛤️ Rail Updated: 7 points.
[planner_local_apf-8] [INFO] [1776380691.740873456] [planner_local_apf]: 🛤️ Rail Updated: 7 points.
[planner_local_apf-8] [INFO] [1776380691.785290432] [planner_local_apf]: 🛤️ Rail Updated: 7 points.
[planner_local_apf-8] [INFO] [1776380691.835361178] [planner_local_apf]: 🛤️ Rail Updated: 7 points.
[planner_local_apf-8] [INFO] [1776380691.877699963] [planner_local_apf]: 🛤️ Rail Updated: 7 points.
[planner_local_apf-8] [INFO] [1776380691.919197883] [planner_local_apf]: 🛤️ Rail Updated: 7 points.
[planner_local_apf-8] [INFO] [1776380691.958758504] [planner_local_apf]: 🛤️ Rail Updated: 7 points.
[planner_local_apf-8] [INFO] [1776380691.999231949] [planner_local_apf]: 🛤️ Rail Updated: 7 points.
[planner_local_apf-8] [INFO] [1776380692.050392345] [planner_local_apf]: 🛤️ Rail Updated: 7 points.
[planner_local_apf-8] [INFO] [1776380692.091734430] [planner_local_apf]: 🛤️ Rail Updated: 7 points.
[planner_local_apf-8] [INFO] [1776380692.135335566] [planner_local_apf]: 🛤️ Rail Updated: 7 points.
[planner_local_apf-8] [INFO] [1776380692.174880054] [planner_local_apf]: 🛤️ Rail Updated: 7 points.
[planner_local_apf-8] [INFO] [1776380692.225105443] [planner_local_apf]: 🛤️ Rail Updated: 7 points.
[planner_local_apf-8] [INFO] [1776380692.241741699] [planner_local_apf]: 🛣️ Path Received: 7 waypoints. Engaging motors.
[planner_local_apf-8] [INFO] [1776380692.271916405] [planner_local_apf]: 🛤️ Rail Updated: 7 points.
[planner_local_apf-8] [INFO] [1776380692.316810143] [planner_local_apf]: 🛤️ Rail Updated: 7 points.
[planner_local_apf-8] [INFO] [1776380692.363095301] [planner_local_apf]: 🛤️ Rail Updated: 7 points.
[planner_local_apf-8] [INFO] [1776380692.392757677] [planner_local_apf]: 🛤️ Rail Updated: 7 points.
[planner_local_apf-8] [INFO] [1776380692.442412803] [planner_local_apf]: 🛤️ Rail Updated: 7 points.
[planner_local_apf-8] [INFO] [1776380692.491484832] [planner_local_apf]: 🛤️ Rail Updated: 7 points.
[planner_local_apf-8] [INFO] [1776380692.534718933] [planner_local_apf]: 🛤️ Rail Updated: 7 points.
[planner_local_apf-8] [INFO] [1776380692.578667672] [planner_local_apf]: 🛤️ Rail Updated: 7 points.
[planner_local_apf-8] [INFO] [1776380692.618867490] [planner_local_apf]: 🛤️ Rail Updated: 7 points.
[planner_local_apf-8] [INFO] [1776380692.671238354] [planner_local_apf]: 🛤️ Rail Updated: 7 points.
[planner_local_apf-8] [INFO] [1776380692.722664769] [planner_local_apf]: 🛤️ Rail Updated: 7 points.
[planner_local_apf-8] [INFO] [1776380692.763141880] [planner_local_apf]: 🛤️ Rail Updated: 7 points.
[planner_local_apf-8] [INFO] [1776380692.791349862] [planner_local_apf]: 🛤️ Rail Updated: 7 points.
[planner_global_dstar-7] [INFO] [1776380692.827497431] [planner_global_dstar]: D* status: g[start]=10.2 waypoints=7 reached_goal=True
[planner_local_apf-8] [INFO] [1776380692.839336458] [planner_local_apf]: 🛤️ Rail Updated: 7 points.
[planner_local_apf-8] [INFO] [1776380692.884205537] [planner_local_apf]: 🛤️ Rail Updated: 7 points.
[planner_local_apf-8] [INFO] [1776380692.932294709] [planner_local_apf]: 🛤️ Rail Updated: 7 points.
[planner_local_apf-8] [INFO] [1776380692.977950112] [planner_local_apf]: 🛤️ Rail Updated: 7 points.
[planner_local_apf-8] [INFO] [1776380693.023341512] [planner_local_apf]: 🛤️ Rail Updated: 7 points.
[planner_local_apf-8] [INFO] [1776380693.068372844] [planner_local_apf]: 🛤️ Rail Updated: 7 points.
[planner_local_apf-8] [INFO] [1776380693.109413710] [planner_local_apf]: 🛤️ Rail Updated: 7 points.
[planner_local_apf-8] [INFO] [1776380693.144639105] [planner_local_apf]: 🛤️ Rail Updated: 7 points.
[planner_local_apf-8] [INFO] [1776380693.187140874] [planner_local_apf]: 🛤️ Rail Updated: 7 points.
[planner_local_apf-8] [INFO] [1776380693.237019760] [planner_local_apf]: 🛤️ Rail Updated: 7 points.
[planner_local_apf-8] [INFO] [1776380693.292128913] [planner_local_apf]: 🛤️ Rail Updated: 7 points.
[planner_local_apf-8] [INFO] [1776380693.333821626] [planner_local_apf]: 🛤️ Rail Updated: 7 points.
[planner_local_apf-8] [INFO] [1776380693.376182044] [planner_local_apf]: 🛤️ Rail Updated: 7 points.
[planner_local_apf-8] [INFO] [1776380693.422536410] [planner_local_apf]: 🛤️ Rail Updated: 7 points.
[planner_local_apf-8] [INFO] [1776380693.469009486] [planner_local_apf]: 🛤️ Rail Updated: 7 points.
[planner_local_apf-8] [INFO] [1776380693.514572763] [planner_local_apf]: 🛤️ Rail Updated: 7 points.
[planner_local_apf-8] [INFO] [1776380693.547113312] [planner_local_apf]: 🛤️ Rail Updated: 7 points.
[planner_local_apf-8] [INFO] [1776380693.593606005] [planner_local_apf]: 🛤️ Rail Updated: 7 points.
[planner_local_apf-8] [INFO] [1776380693.651142418] [planner_local_apf]: 🛤️ Rail Updated: 7 points.
[planner_local_apf-8] [INFO] [1776380693.705456081] [planner_local_apf]: 🛤️ Rail Updated: 7 points.
[planner_local_apf-8] [INFO] [1776380693.757145214] [planner_local_apf]: 🛤️ Rail Updated: 7 points.
[planner_local_apf-8] [INFO] [1776380693.785940509] [planner_local_apf]: 🛤️ Rail Updated: 7 points.
[planner_local_apf-8] [INFO] [1776380693.831931689] [planner_local_apf]: 🛤️ Rail Updated: 7 points.
[planner_local_apf-8] [INFO] [1776380693.878751359] [planner_local_apf]: 🛤️ Rail Updated: 7 points.
[planner_local_apf-8] [INFO] [1776380693.928035965] [planner_local_apf]: 🛤️ Rail Updated: 7 points.
[planner_local_apf-8] [INFO] [1776380693.973278957] [planner_local_apf]: 🛤️ Rail Updated: 7 points.
[planner_local_apf-8] [INFO] [1776380694.017407639] [planner_local_apf]: 🛤️ Rail Updated: 7 points.
[planner_local_apf-8] [INFO] [1776380694.104294851] [planner_local_apf]: 🛤️ Rail Updated: 7 points.
[planner_local_apf-8] [INFO] [1776380694.208402424] [planner_local_apf]: 🛤️ Rail Updated: 7 points.
[planner_local_apf-8] [INFO] [1776380694.246591242] [planner_local_apf]: 🛣️ Path Received: 7 waypoints. Engaging motors.
[planner_local_apf-8] [INFO] [1776380694.296042225] [planner_local_apf]: 🛤️ Rail Updated: 7 points.
[planner_local_apf-8] [INFO] [1776380694.369210312] [planner_local_apf]: 🛤️ Rail Updated: 7 points.
[planner_local_apf-8] [INFO] [1776380694.412011925] [planner_local_apf]: 🛤️ Rail Updated: 7 points.
[planner_local_apf-8] [INFO] [1776380694.442958103] [planner_local_apf]: 🛤️ Rail Updated: 7 points.
[planner_local_apf-8] [INFO] [1776380694.483303489] [planner_local_apf]: 🛤️ Rail Updated: 7 points.
[planner_local_apf-8] [INFO] [1776380694.533631454] [planner_local_apf]: 🛤️ Rail Updated: 7 points.
[planner_local_apf-8] [INFO] [1776380694.582040361] [planner_local_apf]: 🛤️ Rail Updated: 7 points.
[planner_local_apf-8] [INFO] [1776380694.623960776] [planner_local_apf]: 🛤️ Rail Updated: 7 points.
[planner_local_apf-8] [INFO] [1776380694.661347322] [planner_local_apf]: 🛤️ Rail Updated: 7 points.
[planner_local_apf-8] [INFO] [1776380694.692448418] [planner_local_apf]: 🛤️ Rail Updated: 7 points.
[planner_local_apf-8] [INFO] [1776380694.738692967] [planner_local_apf]: 🛤️ Rail Updated: 7 points.
[planner_local_apf-8] [INFO] [1776380694.778475698] [planner_local_apf]: 🛤️ Rail Updated: 7 points.
[planner_local_apf-8] [INFO] [1776380694.826375118] [planner_local_apf]: 🛤️ Rail Updated: 7 points.
[planner_global_dstar-7] [INFO] [1776380694.835583016] [planner_global_dstar]: D* status: g[start]=10.2 waypoints=7 reached_goal=True
[planner_local_apf-8] [INFO] [1776380694.870155098] [planner_local_apf]: 🛤️ Rail Updated: 7 points.
[planner_local_apf-8] [INFO] [1776380694.911923620] [planner_local_apf]: 🛤️ Rail Updated: 7 points.
[planner_local_apf-8] [INFO] [1776380694.943758605] [planner_local_apf]: 🛤️ Rail Updated: 7 points.
[planner_local_apf-8] [INFO] [1776380694.992933668] [planner_local_apf]: 🛤️ Rail Updated: 7 points.
[planner_local_apf-8] [INFO] [1776380695.039399778] [planner_local_apf]: 🛤️ Rail Updated: 7 points.
[planner_local_apf-8] [INFO] [1776380695.085328991] [planner_local_apf]: 🛤️ Rail Updated: 7 points.
[planner_local_apf-8] [INFO] [1776380695.127840477] [planner_local_apf]: 🛤️ Rail Updated: 7 points.
[planner_local_apf-8] [INFO] [1776380695.169779683] [planner_local_apf]: 🛤️ Rail Updated: 7 points.
[planner_local_apf-8] [INFO] [1776380695.217868672] [planner_local_apf]: 🛤️ Rail Updated: 7 points.
[planner_local_apf-8] [INFO] [1776380695.269102860] [planner_local_apf]: 🛤️ Rail Updated: 7 points.
[planner_local_apf-8] [INFO] [1776380695.306439539] [planner_local_apf]: 🛤️ Rail Updated: 7 points.
[planner_local_apf-8] [INFO] [1776380695.334646695] [planner_local_apf]: 🛤️ Rail Updated: 7 points.
[planner_local_apf-8] [INFO] [1776380695.378081547] [planner_local_apf]: 🛤️ Rail Updated: 7 points.
[planner_local_apf-8] [INFO] [1776380695.434655453] [planner_local_apf]: 🛤️ Rail Updated: 7 points.
[planner_local_apf-8] [INFO] [1776380695.478388040] [planner_local_apf]: 🛤️ Rail Updated: 7 points.
[planner_local_apf-8] [INFO] [1776380695.523461721] [planner_local_apf]: 🛤️ Rail Updated: 7 points.
[planner_local_apf-8] [INFO] [1776380695.564003092] [planner_local_apf]: 🛤️ Rail Updated: 7 points.
[planner_local_apf-8] [INFO] [1776380695.609347559] [planner_local_apf]: 🛤️ Rail Updated: 7 points.
[planner_local_apf-8] [INFO] [1776380695.640030926] [planner_local_apf]: 🛤️ Rail Updated: 7 points.
[planner_local_apf-8] [INFO] [1776380695.688471276] [planner_local_apf]: 🛤️ Rail Updated: 7 points.
[planner_local_apf-8] [INFO] [1776380695.738503980] [planner_local_apf]: 🛤️ Rail Updated: 7 points.
[planner_local_apf-8] [INFO] [1776380695.780242710] [planner_local_apf]: 🛤️ Rail Updated: 7 points.
[planner_local_apf-8] [INFO] [1776380695.818800490] [planner_local_apf]: 🛤️ Rail Updated: 7 points.
[planner_local_apf-8] [INFO] [1776380695.863576802] [planner_local_apf]: 🛤️ Rail Updated: 7 points.
[planner_local_apf-8] [INFO] [1776380695.922354392] [planner_local_apf]: 🛤️ Rail Updated: 7 points.
[planner_local_apf-8] [INFO] [1776380695.962453467] [planner_local_apf]: 🛤️ Rail Updated: 7 points.
[planner_local_apf-8] [INFO] [1776380695.993549063] [planner_local_apf]: 🛤️ Rail Updated: 7 points.
[planner_local_apf-8] [INFO] [1776380696.038493860] [planner_local_apf]: 🛤️ Rail Updated: 7 points.
[planner_local_apf-8] [INFO] [1776380696.081804869] [planner_local_apf]: 🛤️ Rail Updated: 7 points.
[planner_local_apf-8] [INFO] [1776380696.128300862] [planner_local_apf]: 🛤️ Rail Updated: 7 points.
[planner_local_apf-8] [INFO] [1776380696.177261516] [planner_local_apf]: 🛤️ Rail Updated: 7 points.
[planner_local_apf-8] [INFO] [1776380696.223396980] [planner_local_apf]: 🛤️ Rail Updated: 7 points.
[planner_local_apf-8] [INFO] [1776380696.266364970] [planner_local_apf]: 🛤️ Rail Updated: 7 points.
[planner_local_apf-8] [INFO] [1776380696.280130754] [planner_local_apf]: 🛣️ Path Received: 7 waypoints. Engaging motors.
[planner_local_apf-8] [INFO] [1776380696.308863256] [planner_local_apf]: 🛤️ Rail Updated: 7 points.
[planner_local_apf-8] [INFO] [1776380696.339744350] [planner_local_apf]: 🛤️ Rail Updated: 7 points.
[planner_local_apf-8] [INFO] [1776380696.395349698] [planner_local_apf]: 🛤️ Rail Updated: 7 points.
[planner_local_apf-8] [INFO] [1776380696.445830564] [planner_local_apf]: 🛤️ Rail Updated: 7 points.
[planner_local_apf-8] [INFO] [1776380696.488360934] [planner_local_apf]: 🛤️ Rail Updated: 7 points.
[planner_local_apf-8] [INFO] [1776380696.529107914] [planner_local_apf]: 🛤️ Rail Updated: 7 points.
[planner_local_apf-8] [INFO] [1776380696.567727203] [planner_local_apf]: 🛤️ Rail Updated: 7 points.
[planner_local_apf-8] [INFO] [1776380696.610173147] [planner_local_apf]: 🛤️ Rail Updated: 7 points.
[planner_local_apf-8] [INFO] [1776380696.650470590] [planner_local_apf]: 🛤️ Rail Updated: 7 points.
[planner_local_apf-8] [INFO] [1776380696.696144510] [planner_local_apf]: 🛤️ Rail Updated: 7 points.
[planner_local_apf-8] [INFO] [1776380696.740501536] [planner_local_apf]: 🛤️ Rail Updated: 7 points.
[planner_local_apf-8] [INFO] [1776380696.778491161] [planner_local_apf]: 🛤️ Rail Updated: 7 points.
[planner_local_apf-8] [INFO] [1776380696.825213205] [planner_local_apf]: 🛤️ Rail Updated: 7 points.
[planner_local_apf-8] [INFO] [1776380696.870403396] [planner_local_apf]: 🛤️ Rail Updated: 7 points.
[planner_local_apf-8] [INFO] [1776380696.922527308] [planner_local_apf]: 🛤️ Rail Updated: 7 points.
[planner_local_apf-8] [INFO] [1776380696.963039620] [planner_local_apf]: 🛤️ Rail Updated: 7 points.
[planner_local_apf-8] [INFO] [1776380696.995030898] [planner_local_apf]: 🛤️ Rail Updated: 7 points.
[planner_global_dstar-7] [INFO] [1776380697.027806482] [planner_global_dstar]: D* status: g[start]=10.2 waypoints=7 reached_goal=True
[planner_local_apf-8] [INFO] [1776380697.040457041] [planner_local_apf]: 🛤️ Rail Updated: 7 points.
[planner_local_apf-8] [INFO] [1776380697.084765208] [planner_local_apf]: 🛤️ Rail Updated: 7 points.
[planner_local_apf-8] [INFO] [1776380697.130259184] [planner_local_apf]: 🛤️ Rail Updated: 7 points.
[planner_local_apf-8] [INFO] [1776380697.171038615] [planner_local_apf]: 🛤️ Rail Updated: 7 points.
[planner_local_apf-8] [INFO] [1776380697.211556977] [planner_local_apf]: 🛤️ Rail Updated: 7 points.
[planner_local_apf-8] [INFO] [1776380697.246258401] [planner_local_apf]: 🛤️ Rail Updated: 7 points.
[planner_local_apf-8] [INFO] [1776380697.291489200] [planner_local_apf]: 🛤️ Rail Updated: 7 points.
[planner_local_apf-8] [INFO] [1776380697.334949444] [planner_local_apf]: 🛤️ Rail Updated: 7 points.
[planner_local_apf-8] [INFO] [1776380697.379058784] [planner_local_apf]: 🛤️ Rail Updated: 7 points.
[planner_local_apf-8] [INFO] [1776380697.424508119] [planner_local_apf]: 🛤️ Rail Updated: 7 points.
[planner_local_apf-8] [INFO] [1776380697.466516168] [planner_local_apf]: 🛤️ Rail Updated: 7 points.
[planner_local_apf-8] [INFO] [1776380697.506903354] [planner_local_apf]: 🛤️ Rail Updated: 7 points.
[planner_local_apf-8] [INFO] [1776380697.539681963] [planner_local_apf]: 🛤️ Rail Updated: 7 points.
[planner_local_apf-8] [INFO] [1776380697.583636385] [planner_local_apf]: 🛤️ Rail Updated: 7 points.
[planner_local_apf-8] [INFO] [1776380697.626391157] [planner_local_apf]: 🛤️ Rail Updated: 7 points.
[planner_local_apf-8] [INFO] [1776380697.663024563] [planner_local_apf]: 🛤️ Rail Updated: 7 points.
[planner_local_apf-8] [INFO] [1776380697.698972755] [planner_local_apf]: 🛤️ Rail Updated: 7 points.
[planner_local_apf-8] [INFO] [1776380697.744922502] [planner_local_apf]: 🛤️ Rail Updated: 7 points.
[planner_local_apf-8] [INFO] [1776380697.783327931] [planner_local_apf]: 🛤️ Rail Updated: 7 points.
[planner_local_apf-8] [INFO] [1776380697.828571747] [planner_local_apf]: 🛤️ Rail Updated: 7 points.
[planner_local_apf-8] [INFO] [1776380697.870157026] [planner_local_apf]: 🛤️ Rail Updated: 7 points.
[planner_local_apf-8] [INFO] [1776380697.914861929] [planner_local_apf]: 🛤️ Rail Updated: 7 points.
[planner_local_apf-8] [INFO] [1776380697.950140308] [planner_local_apf]: 🛤️ Rail Updated: 7 points.
[planner_local_apf-8] [INFO] [1776380698.000941735] [planner_local_apf]: 🛤️ Rail Updated: 7 points.
[planner_local_apf-8] [INFO] [1776380698.047448819] [planner_local_apf]: 🛤️ Rail Updated: 7 points.
[planner_local_apf-8] [INFO] [1776380698.089521310] [planner_local_apf]: 🛤️ Rail Updated: 7 points.
[planner_local_apf-8] [INFO] [1776380698.136153887] [planner_local_apf]: 🛤️ Rail Updated: 7 points.
[planner_local_apf-8] [INFO] [1776380698.179462421] [planner_local_apf]: 🛤️ Rail Updated: 7 points.
[planner_local_apf-8] [INFO] [1776380698.237618781] [planner_local_apf]: 🛤️ Rail Updated: 7 points.
[planner_local_apf-8] [INFO] [1776380698.278249711] [planner_local_apf]: 🛤️ Rail Updated: 7 points.
[planner_local_apf-8] [INFO] [1776380698.289573750] [planner_local_apf]: 🛣️ Path Received: 7 waypoints. Engaging motors.
[planner_local_apf-8] [INFO] [1776380698.326622593] [planner_local_apf]: 🛤️ Rail Updated: 7 points.
[planner_local_apf-8] [INFO] [1776380698.368670242] [planner_local_apf]: 🛤️ Rail Updated: 7 points.
[planner_local_apf-8] [INFO] [1776380698.409071545] [planner_local_apf]: 🛤️ Rail Updated: 7 points.
[planner_local_apf-8] [INFO] [1776380698.445127263] [planner_local_apf]: 🛤️ Rail Updated: 7 points.
[planner_local_apf-8] [INFO] [1776380698.489098828] [planner_local_apf]: 🛤️ Rail Updated: 7 points.
[planner_local_apf-8] [INFO] [1776380698.530967725] [planner_local_apf]: 🛤️ Rail Updated: 7 points.
[planner_local_apf-8] [INFO] [1776380698.567835342] [planner_local_apf]: 🛤️ Rail Updated: 7 points.
[planner_local_apf-8] [INFO] [1776380698.609412921] [planner_local_apf]: 🛤️ Rail Updated: 7 points.
[planner_local_apf-8] [INFO] [1776380698.648019742] [planner_local_apf]: 🛤️ Rail Updated: 7 points.
[planner_local_apf-8] [INFO] [1776380698.698215889] [planner_local_apf]: 🛤️ Rail Updated: 7 points.
[planner_local_apf-8] [INFO] [1776380698.744290945] [planner_local_apf]: 🛤️ Rail Updated: 7 points.
[planner_local_apf-8] [INFO] [1776380698.791588203] [planner_local_apf]: 🛤️ Rail Updated: 7 points.
[planner_local_apf-8] [INFO] [1776380698.834260657] [planner_local_apf]: 🛤️ Rail Updated: 7 points.
[planner_local_apf-8] [INFO] [1776380698.877632075] [planner_local_apf]: 🛤️ Rail Updated: 7 points.
[planner_local_apf-8] [INFO] [1776380698.924936390] [planner_local_apf]: 🛤️ Rail Updated: 7 points.
[planner_local_apf-8] [INFO] [1776380698.984726630] [planner_local_apf]: 🛤️ Rail Updated: 7 points.
[planner_local_apf-8] [INFO] [1776380699.030016096] [planner_local_apf]: 🛤️ Rail Updated: 7 points.
[planner_global_dstar-7] [INFO] [1776380699.030935428] [planner_global_dstar]: D* status: g[start]=10.2 waypoints=7 reached_goal=True
[planner_local_apf-8] [INFO] [1776380699.072684792] [planner_local_apf]: 🛤️ Rail Updated: 7 points.
[planner_local_apf-8] [INFO] [1776380699.114981318] [planner_local_apf]: 🛤️ Rail Updated: 7 points.
[planner_local_apf-8] [INFO] [1776380699.156611697] [planner_local_apf]: 🛤️ Rail Updated: 7 points.
[planner_local_apf-8] [INFO] [1776380699.218961198] [planner_local_apf]: 🛤️ Rail Updated: 7 points.
[planner_local_apf-8] [INFO] [1776380699.265414749] [planner_local_apf]: 🛤️ Rail Updated: 7 points.
[planner_local_apf-8] [INFO] [1776380699.294582030] [planner_local_apf]: 🛤️ Rail Updated: 7 points.
[planner_local_apf-8] [INFO] [1776380699.334581004] [planner_local_apf]: 🛤️ Rail Updated: 7 points.
[planner_local_apf-8] [INFO] [1776380699.376050140] [planner_local_apf]: 🛤️ Rail Updated: 7 points.
[planner_local_apf-8] [INFO] [1776380699.419961479] [planner_local_apf]: 🛤️ Rail Updated: 7 points.
[planner_local_apf-8] [INFO] [1776380699.464129120] [planner_local_apf]: 🛤️ Rail Updated: 7 points.
[planner_local_apf-8] [INFO] [1776380699.497140839] [planner_local_apf]: 🛤️ Rail Updated: 7 points.
[planner_local_apf-8] [INFO] [1776380699.538750502] [planner_local_apf]: 🛤️ Rail Updated: 7 points.
[planner_local_apf-8] [INFO] [1776380699.588540012] [planner_local_apf]: 🛤️ Rail Updated: 7 points.
[planner_local_apf-8] [INFO] [1776380699.639861376] [planner_local_apf]: 🛤️ Rail Updated: 7 points.
[planner_local_apf-8] [INFO] [1776380699.683333628] [planner_local_apf]: 🛤️ Rail Updated: 7 points.
[planner_local_apf-8] [INFO] [1776380699.736385673] [planner_local_apf]: 🛤️ Rail Updated: 7 points.
[planner_local_apf-8] [INFO] [1776380699.780121010] [planner_local_apf]: 🛤️ Rail Updated: 7 points.
[planner_local_apf-8] [INFO] [1776380699.829253999] [planner_local_apf]: 🛤️ Rail Updated: 7 points.
[planner_local_apf-8] [INFO] [1776380699.877326854] [planner_local_apf]: 🛤️ Rail Updated: 7 points.
[planner_local_apf-8] [INFO] [1776380699.920650146] [planner_local_apf]: 🛤️ Rail Updated: 7 points.
[planner_local_apf-8] [INFO] [1776380699.965944838] [planner_local_apf]: 🛤️ Rail Updated: 7 points.
[planner_local_apf-8] [INFO] [1776380699.994608498] [planner_local_apf]: 🛤️ Rail Updated: 7 points.
[planner_local_apf-8] [INFO] [1776380700.046374174] [planner_local_apf]: 🛤️ Rail Updated: 7 points.
[planner_local_apf-8] [INFO] [1776380700.090675282] [planner_local_apf]: 🛤️ Rail Updated: 7 points.
[planner_local_apf-8] [INFO] [1776380700.133350303] [planner_local_apf]: 🛤️ Rail Updated: 7 points.
[planner_local_apf-8] [INFO] [1776380700.172329661] [planner_local_apf]: 🛤️ Rail Updated: 7 points.
[planner_local_apf-8] [INFO] [1776380700.225700341] [planner_local_apf]: 🛤️ Rail Updated: 7 points.
[planner_local_apf-8] [INFO] [1776380700.273003465] [planner_local_apf]: 🛤️ Rail Updated: 7 points.
[planner_local_apf-8] [INFO] [1776380700.320848527] [planner_local_apf]: 🛤️ Rail Updated: 7 points.
[planner_local_apf-8] [INFO] [1776380700.330405311] [planner_local_apf]: 🛣️ Path Received: 7 waypoints. Engaging motors.
[planner_local_apf-8] [INFO] [1776380700.360595691] [planner_local_apf]: 🛤️ Rail Updated: 7 points.
[planner_local_apf-8] [INFO] [1776380700.389283276] [planner_local_apf]: 🛤️ Rail Updated: 7 points.
[planner_local_apf-8] [INFO] [1776380700.432339634] [planner_local_apf]: 🛤️ Rail Updated: 7 points.
[planner_local_apf-8] [INFO] [1776380700.473029597] [planner_local_apf]: 🛤️ Rail Updated: 7 points.
[planner_local_apf-8] [INFO] [1776380700.523616064] [planner_local_apf]: 🛤️ Rail Updated: 7 points.
[planner_local_apf-8] [INFO] [1776380700.571797911] [planner_local_apf]: 🛤️ Rail Updated: 7 points.
[planner_local_apf-8] [INFO] [1776380700.617612723] [planner_local_apf]: 🛤️ Rail Updated: 7 points.
[planner_local_apf-8] [INFO] [1776380700.646299209] [planner_local_apf]: 🛤️ Rail Updated: 7 points.
[planner_local_apf-8] [INFO] [1776380700.690778152] [planner_local_apf]: 🛤️ Rail Updated: 7 points.
[planner_local_apf-8] [INFO] [1776380700.732460781] [planner_local_apf]: 🛤️ Rail Updated: 7 points.
[planner_local_apf-8] [INFO] [1776380700.774436655] [planner_local_apf]: 🛤️ Rail Updated: 7 points.
[planner_local_apf-8] [INFO] [1776380700.820159617] [planner_local_apf]: 🛤️ Rail Updated: 7 points.
[planner_local_apf-8] [INFO] [1776380700.861946839] [planner_local_apf]: 🛤️ Rail Updated: 7 points.
[planner_local_apf-8] [INFO] [1776380700.893025018] [planner_local_apf]: 🛤️ Rail Updated: 7 points.
[planner_local_apf-8] [INFO] [1776380700.934754856] [planner_local_apf]: 🛤️ Rail Updated: 7 points.
[planner_local_apf-8] [INFO] [1776380700.980409250] [planner_local_apf]: 🛤️ Rail Updated: 7 points.
[planner_local_apf-8] [INFO] [1776380701.033186384] [planner_local_apf]: 🛤️ Rail Updated: 7 points.
[planner_global_dstar-7] [INFO] [1776380701.034467161] [planner_global_dstar]: D* status: g[start]=10.2 waypoints=7 reached_goal=True
[planner_local_apf-8] [INFO] [1776380701.084001378] [planner_local_apf]: 🛤️ Rail Updated: 7 points.
[planner_local_apf-8] [INFO] [1776380701.128187719] [planner_local_apf]: 🛤️ Rail Updated: 7 points.
[planner_local_apf-8] [INFO] [1776380701.172501936] [planner_local_apf]: 🛤️ Rail Updated: 7 points.
[planner_local_apf-8] [INFO] [1776380701.217284756] [planner_local_apf]: 🛤️ Rail Updated: 7 points.
[planner_local_apf-8] [INFO] [1776380701.266056392] [planner_local_apf]: 🛤️ Rail Updated: 7 points.
[planner_local_apf-8] [INFO] [1776380701.295892661] [planner_local_apf]: 🛤️ Rail Updated: 7 points.
[planner_local_apf-8] [INFO] [1776380701.333578868] [planner_local_apf]: 🛤️ Rail Updated: 7 points.
[planner_local_apf-8] [INFO] [1776380701.374145172] [planner_local_apf]: 🛤️ Rail Updated: 7 points.
[planner_local_apf-8] [INFO] [1776380701.465400610] [planner_local_apf]: 🛤️ Rail Updated: 7 points.
[planner_local_apf-8] [INFO] [1776380701.567197981] [planner_local_apf]: 🛤️ Rail Updated: 7 points.
[planner_local_apf-8] [INFO] [1776380701.628606517] [planner_local_apf]: 🛤️ Rail Updated: 7 points.
[planner_local_apf-8] [INFO] [1776380701.708108087] [planner_local_apf]: 🛤️ Rail Updated: 7 points.
[planner_local_apf-8] [INFO] [1776380701.755273435] [planner_local_apf]: 🛤️ Rail Updated: 7 points.
[planner_local_apf-8] [INFO] [1776380701.787450798] [planner_local_apf]: 🛤️ Rail Updated: 7 points.
[planner_local_apf-8] [INFO] [1776380701.832862548] [planner_local_apf]: 🛤️ Rail Updated: 7 points.
[planner_local_apf-8] [INFO] [1776380701.879239098] [planner_local_apf]: 🛤️ Rail Updated: 7 points.
[planner_local_apf-8] [INFO] [1776380701.935806771] [planner_local_apf]: 🛤️ Rail Updated: 7 points.
[planner_local_apf-8] [INFO] [1776380701.990877790] [planner_local_apf]: 🛤️ Rail Updated: 7 points.
[planner_local_apf-8] [INFO] [1776380702.036271757] [planner_local_apf]: 🛤️ Rail Updated: 7 points.
[planner_local_apf-8] [INFO] [1776380702.081643907] [planner_local_apf]: 🛤️ Rail Updated: 7 points.
[planner_local_apf-8] [INFO] [1776380702.120213970] [planner_local_apf]: 🛤️ Rail Updated: 7 points.
[planner_local_apf-8] [INFO] [1776380702.170375009] [planner_local_apf]: 🛤️ Rail Updated: 7 points.
[planner_local_apf-8] [INFO] [1776380702.218592607] [planner_local_apf]: 🛤️ Rail Updated: 7 points.
[planner_local_apf-8] [INFO] [1776380702.265657670] [planner_local_apf]: 🛤️ Rail Updated: 7 points.
[planner_local_apf-8] [INFO] [1776380702.295133503] [planner_local_apf]: 🛤️ Rail Updated: 7 points.
[planner_local_apf-8] [INFO] [1776380702.341109467] [planner_local_apf]: 🛤️ Rail Updated: 7 points.
[planner_local_apf-8] [INFO] [1776380702.355051986] [planner_local_apf]: 🛣️ Path Received: 7 waypoints. Engaging motors.
[planner_local_apf-8] [INFO] [1776380702.391030612] [planner_local_apf]: 🛤️ Rail Updated: 7 points.
[planner_local_apf-8] [INFO] [1776380702.435659981] [planner_local_apf]: 🛤️ Rail Updated: 7 points.
[planner_local_apf-8] [INFO] [1776380702.481980339] [planner_local_apf]: 🛤️ Rail Updated: 7 points.
[planner_local_apf-8] [INFO] [1776380702.524856478] [planner_local_apf]: 🛤️ Rail Updated: 7 points.
[planner_local_apf-8] [INFO] [1776380702.564494191] [planner_local_apf]: 🛤️ Rail Updated: 7 points.
[planner_local_apf-8] [INFO] [1776380702.610755424] [planner_local_apf]: 🛤️ Rail Updated: 7 points.
[planner_local_apf-8] [INFO] [1776380702.644066987] [planner_local_apf]: 🛤️ Rail Updated: 7 points.
[planner_local_apf-8] [INFO] [1776380702.692172843] [planner_local_apf]: 🛤️ Rail Updated: 7 points.
[planner_local_apf-8] [INFO] [1776380702.740120480] [planner_local_apf]: 🛤️ Rail Updated: 7 points.
[planner_local_apf-8] [INFO] [1776380702.787164277] [planner_local_apf]: 🛤️ Rail Updated: 7 points.
[planner_local_apf-8] [INFO] [1776380702.841204588] [planner_local_apf]: 🛤️ Rail Updated: 7 points.
[planner_local_apf-8] [INFO] [1776380702.886243619] [planner_local_apf]: 🛤️ Rail Updated: 7 points.
[planner_local_apf-8] [INFO] [1776380702.929129749] [planner_local_apf]: 🛤️ Rail Updated: 7 points.
[planner_local_apf-8] [INFO] [1776380702.972157140] [planner_local_apf]: 🛤️ Rail Updated: 7 points.
[planner_local_apf-8] [INFO] [1776380703.012520492] [planner_local_apf]: 🛤️ Rail Updated: 7 points.
[planner_local_apf-8] [INFO] [1776380703.041746807] [planner_local_apf]: 🛤️ Rail Updated: 7 points.
[planner_local_apf-8] [INFO] [1776380703.088520918] [planner_local_apf]: 🛤️ Rail Updated: 7 points.
[planner_local_apf-8] [INFO] [1776380703.130977495] [planner_local_apf]: 🛤️ Rail Updated: 7 points.
[planner_local_apf-8] [INFO] [1776380703.172234788] [planner_local_apf]: 🛤️ Rail Updated: 7 points.
[planner_local_apf-8] [INFO] [1776380703.217775607] [planner_local_apf]: 🛤️ Rail Updated: 7 points.
[planner_global_dstar-7] [INFO] [1776380703.231679350] [planner_global_dstar]: D* status: g[start]=10.2 waypoints=7 reached_goal=True
[planner_local_apf-8] [INFO] [1776380703.259438436] [planner_local_apf]: 🛤️ Rail Updated: 7 points.
[planner_local_apf-8] [INFO] [1776380703.312010327] [planner_local_apf]: 🛤️ Rail Updated: 7 points.
[planner_local_apf-8] [INFO] [1776380703.346223989] [planner_local_apf]: 🛤️ Rail Updated: 7 points.
[planner_local_apf-8] [INFO] [1776380703.387628316] [planner_local_apf]: 🛤️ Rail Updated: 7 points.
[planner_local_apf-8] [INFO] [1776380703.433733256] [planner_local_apf]: 🛤️ Rail Updated: 7 points.
[planner_local_apf-8] [INFO] [1776380703.477420285] [planner_local_apf]: 🛤️ Rail Updated: 7 points.
[planner_local_apf-8] [INFO] [1776380703.526112445] [planner_local_apf]: 🛤️ Rail Updated: 7 points.
[planner_local_apf-8] [INFO] [1776380703.574131674] [planner_local_apf]: 🛤️ Rail Updated: 7 points.
[planner_local_apf-8] [INFO] [1776380703.613697337] [planner_local_apf]: 🛤️ Rail Updated: 7 points.
[planner_local_apf-8] [INFO] [1776380703.647408754] [planner_local_apf]: 🛤️ Rail Updated: 7 points.
[planner_local_apf-8] [INFO] [1776380703.695124381] [planner_local_apf]: 🛤️ Rail Updated: 7 points.
[planner_local_apf-8] [INFO] [1776380703.742071285] [planner_local_apf]: 🛤️ Rail Updated: 7 points.
[planner_local_apf-8] [INFO] [1776380703.784808457] [planner_local_apf]: 🛤️ Rail Updated: 7 points.
[planner_local_apf-8] [INFO] [1776380703.831645635] [planner_local_apf]: 🛤️ Rail Updated: 7 points.
[planner_local_apf-8] [INFO] [1776380703.869944546] [planner_local_apf]: 🛤️ Rail Updated: 7 points.
[planner_local_apf-8] [INFO] [1776380703.914061495] [planner_local_apf]: 🛤️ Rail Updated: 7 points.
[planner_local_apf-8] [INFO] [1776380703.945264434] [planner_local_apf]: 🛤️ Rail Updated: 7 points.
[planner_local_apf-8] [INFO] [1776380703.991797093] [planner_local_apf]: 🛤️ Rail Updated: 7 points.
[planner_local_apf-8] [INFO] [1776380704.049501166] [planner_local_apf]: 🛤️ Rail Updated: 7 points.
[planner_local_apf-8] [INFO] [1776380704.092902284] [planner_local_apf]: 🛤️ Rail Updated: 7 points.
[planner_local_apf-8] [INFO] [1776380704.147029037] [planner_local_apf]: 🛤️ Rail Updated: 7 points.
[planner_local_apf-8] [INFO] [1776380704.200603402] [planner_local_apf]: 🛤️ Rail Updated: 7 points.
[planner_local_apf-8] [INFO] [1776380704.247091603] [planner_local_apf]: 🛤️ Rail Updated: 7 points.
[planner_local_apf-8] [INFO] [1776380704.299190124] [planner_local_apf]: 🛤️ Rail Updated: 7 points.
[planner_local_apf-8] [INFO] [1776380704.346774208] [planner_local_apf]: 🛤️ Rail Updated: 7 points.
[planner_local_apf-8] [INFO] [1776380704.359792353] [planner_local_apf]: 🛣️ Path Received: 7 waypoints. Engaging motors.
[planner_local_apf-8] [INFO] [1776380704.391711855] [planner_local_apf]: 🛤️ Rail Updated: 7 points.
[planner_local_apf-8] [INFO] [1776380704.436405942] [planner_local_apf]: 🛤️ Rail Updated: 7 points.
[planner_local_apf-8] [INFO] [1776380704.485782124] [planner_local_apf]: 🛤️ Rail Updated: 7 points.
[planner_local_apf-8] [INFO] [1776380704.526160051] [planner_local_apf]: 🛤️ Rail Updated: 7 points.
[planner_local_apf-8] [INFO] [1776380704.568439161] [planner_local_apf]: 🛤️ Rail Updated: 7 points.
[planner_local_apf-8] [INFO] [1776380704.613397799] [planner_local_apf]: 🛤️ Rail Updated: 7 points.
[planner_local_apf-8] [INFO] [1776380704.659184378] [planner_local_apf]: 🛤️ Rail Updated: 7 points.
[planner_local_apf-8] [INFO] [1776380704.689431684] [planner_local_apf]: 🛤️ Rail Updated: 7 points.
[planner_local_apf-8] [INFO] [1776380704.729808603] [planner_local_apf]: 🛤️ Rail Updated: 7 points.
[planner_local_apf-8] [INFO] [1776380704.769920329] [planner_local_apf]: 🛤️ Rail Updated: 7 points.
[planner_local_apf-8] [INFO] [1776380704.811754209] [planner_local_apf]: 🛤️ Rail Updated: 7 points.
[planner_local_apf-8] [INFO] [1776380704.843151299] [planner_local_apf]: 🛤️ Rail Updated: 7 points.
[planner_local_apf-8] [INFO] [1776380704.880709630] [planner_local_apf]: 🛤️ Rail Updated: 7 points.
[planner_local_apf-8] [INFO] [1776380704.929450190] [planner_local_apf]: 🛤️ Rail Updated: 7 points.
[planner_local_apf-8] [INFO] [1776380704.969292322] [planner_local_apf]: 🛤️ Rail Updated: 7 points.
[planner_local_apf-8] [INFO] [1776380705.007952036] [planner_local_apf]: 🛤️ Rail Updated: 7 points.
[planner_local_apf-8] [INFO] [1776380705.042040572] [planner_local_apf]: 🛤️ Rail Updated: 7 points.
[planner_local_apf-8] [INFO] [1776380705.088520889] [planner_local_apf]: 🛤️ Rail Updated: 7 points.
[planner_local_apf-8] [INFO] [1776380705.134321768] [planner_local_apf]: 🛤️ Rail Updated: 7 points.
[planner_local_apf-8] [INFO] [1776380705.185895584] [planner_local_apf]: 🛤️ Rail Updated: 7 points.
[planner_local_apf-8] [INFO] [1776380705.234563452] [planner_local_apf]: 🛤️ Rail Updated: 7 points.
[planner_local_apf-8] [INFO] [1776380705.290749788] [planner_local_apf]: 🛤️ Rail Updated: 7 points.
[planner_local_apf-8] [INFO] [1776380705.333906521] [planner_local_apf]: 🛤️ Rail Updated: 7 points.
[planner_local_apf-8] [INFO] [1776380705.374635993] [planner_local_apf]: 🛤️ Rail Updated: 7 points.
[planner_local_apf-8] [INFO] [1776380705.419416064] [planner_local_apf]: 🛤️ Rail Updated: 7 points.
[planner_global_dstar-7] [INFO] [1776380705.427032983] [planner_global_dstar]: D* status: g[start]=10.2 waypoints=7 reached_goal=True
[planner_local_apf-8] [INFO] [1776380705.459508539] [planner_local_apf]: 🛤️ Rail Updated: 7 points.
[planner_local_apf-8] [INFO] [1776380705.487903705] [planner_local_apf]: 🛤️ Rail Updated: 7 points.
[planner_local_apf-8] [INFO] [1776380705.532575975] [planner_local_apf]: 🛤️ Rail Updated: 7 points.
[planner_local_apf-8] [INFO] [1776380705.577475947] [planner_local_apf]: 🛤️ Rail Updated: 7 points.
[planner_local_apf-8] [INFO] [1776380705.622969007] [planner_local_apf]: 🛤️ Rail Updated: 7 points.
[planner_local_apf-8] [INFO] [1776380705.661856239] [planner_local_apf]: 🛤️ Rail Updated: 7 points.
[planner_local_apf-8] [INFO] [1776380705.690892985] [planner_local_apf]: 🛤️ Rail Updated: 7 points.
[planner_local_apf-8] [INFO] [1776380705.737491004] [planner_local_apf]: 🛤️ Rail Updated: 7 points.
[planner_local_apf-8] [INFO] [1776380705.782347800] [planner_local_apf]: 🛤️ Rail Updated: 7 points.
[planner_local_apf-8] [INFO] [1776380705.821015214] [planner_local_apf]: 🛤️ Rail Updated: 7 points.
[planner_local_apf-8] [INFO] [1776380705.862389291] [planner_local_apf]: 🛤️ Rail Updated: 7 points.
[planner_local_apf-8] [INFO] [1776380705.893473245] [planner_local_apf]: 🛤️ Rail Updated: 7 points.
[planner_local_apf-8] [INFO] [1776380705.934100417] [planner_local_apf]: 🛤️ Rail Updated: 7 points.
[planner_local_apf-8] [INFO] [1776380705.973625104] [planner_local_apf]: 🛤️ Rail Updated: 7 points.
[planner_local_apf-8] [INFO] [1776380706.022601616] [planner_local_apf]: 🛤️ Rail Updated: 7 points.
[planner_local_apf-8] [INFO] [1776380706.070547054] [planner_local_apf]: 🛤️ Rail Updated: 7 points.
[planner_local_apf-8] [INFO] [1776380706.115288349] [planner_local_apf]: 🛤️ Rail Updated: 7 points.
[planner_local_apf-8] [INFO] [1776380706.143361488] [planner_local_apf]: 🛤️ Rail Updated: 7 points.
[planner_local_apf-8] [INFO] [1776380706.189122583] [planner_local_apf]: 🛤️ Rail Updated: 7 points.
[planner_local_apf-8] [INFO] [1776380709.130028660] [planner_local_apf]: 🛣️ Path Received: 7 waypoints. Engaging motors.
[planner_local_apf-8] [INFO] [1776380709.163439958] [planner_local_apf]: 🛤️ Rail Updated: 7 points.
[planner_global_dstar-7] [INFO] [1776380709.163773810] [planner_global_dstar]: D* status: g[start]=10.2 waypoints=7 reached_goal=True
[planner_local_apf-8] [INFO] [1776380709.194751155] [planner_local_apf]: 🛤️ Rail Updated: 7 points.
[planner_local_apf-8] [INFO] [1776380709.245416364] [planner_local_apf]: 🛤️ Rail Updated: 7 points.
[planner_local_apf-8] [INFO] [1776380709.290162518] [planner_local_apf]: 🛤️ Rail Updated: 7 points.
[planner_local_apf-8] [INFO] [1776380709.334849271] [planner_local_apf]: 🛤️ Rail Updated: 7 points.
[planner_local_apf-8] [INFO] [1776380709.379330323] [planner_local_apf]: 🛤️ Rail Updated: 7 points.
[planner_local_apf-8] [INFO] [1776380709.433329200] [planner_local_apf]: 🛤️ Rail Updated: 7 points.
[planner_local_apf-8] [INFO] [1776380709.484871574] [planner_local_apf]: 🛤️ Rail Updated: 7 points.
[planner_local_apf-8] [INFO] [1776380709.530648436] [planner_local_apf]: 🛤️ Rail Updated: 7 points.
[planner_local_apf-8] [INFO] [1776380709.571342066] [planner_local_apf]: 🛤️ Rail Updated: 7 points.
[planner_local_apf-8] [INFO] [1776380709.612568192] [planner_local_apf]: 🛤️ Rail Updated: 7 points.
[planner_local_apf-8] [INFO] [1776380709.642083350] [planner_local_apf]: 🛤️ Rail Updated: 7 points.
[planner_local_apf-8] [INFO] [1776380709.692875244] [planner_local_apf]: 🛤️ Rail Updated: 7 points.
[planner_local_apf-8] [INFO] [1776380709.738045818] [planner_local_apf]: 🛤️ Rail Updated: 7 points.
[planner_local_apf-8] [INFO] [1776380709.780215384] [planner_local_apf]: 🛤️ Rail Updated: 7 points.
[planner_local_apf-8] [INFO] [1776380709.834963825] [planner_local_apf]: 🛤️ Rail Updated: 7 points.
[planner_local_apf-8] [INFO] [1776380709.882587510] [planner_local_apf]: 🛤️ Rail Updated: 7 points.
[planner_local_apf-8] [INFO] [1776380709.943218065] [planner_local_apf]: 🛤️ Rail Updated: 7 points.
[planner_local_apf-8] [INFO] [1776380710.015051658] [planner_local_apf]: 🛤️ Rail Updated: 7 points.
[planner_local_apf-8] [INFO] [1776380710.062762152] [planner_local_apf]: 🛤️ Rail Updated: 7 points.
[planner_local_apf-8] [INFO] [1776380710.097889646] [planner_local_apf]: 🛤️ Rail Updated: 7 points.
[planner_local_apf-8] [INFO] [1776380710.147137219] [planner_local_apf]: 🛤️ Rail Updated: 7 points.
[planner_local_apf-8] [INFO] [1776380710.218815527] [planner_local_apf]: 🛤️ Rail Updated: 7 points.
[planner_local_apf-8] [INFO] [1776380710.281238271] [planner_local_apf]: 🛤️ Rail Updated: 7 points.
[planner_local_apf-8] [INFO] [1776380710.338597582] [planner_local_apf]: 🛤️ Rail Updated: 7 points.
[planner_local_apf-8] [INFO] [1776380710.388945164] [planner_local_apf]: 🛤️ Rail Updated: 7 points.
[planner_local_apf-8] [INFO] [1776380710.445874647] [planner_local_apf]: 🛤️ Rail Updated: 7 points.
[planner_local_apf-8] [INFO] [1776380710.488524551] [planner_local_apf]: 🛤️ Rail Updated: 7 points.
[planner_local_apf-8] [INFO] [1776380710.526730970] [planner_local_apf]: 🛤️ Rail Updated: 7 points.
[planner_local_apf-8] [INFO] [1776380710.566914471] [planner_local_apf]: 🛤️ Rail Updated: 7 points.
[planner_local_apf-8] [INFO] [1776380710.608975779] [planner_local_apf]: 🛤️ Rail Updated: 7 points.
[planner_local_apf-8] [INFO] [1776380710.644827262] [planner_local_apf]: 🛤️ Rail Updated: 7 points.
[planner_local_apf-8] [INFO] [1776380710.683627135] [planner_local_apf]: 🛤️ Rail Updated: 7 points.
[planner_local_apf-8] [INFO] [1776380710.728468715] [planner_local_apf]: 🛤️ Rail Updated: 7 points.
[planner_local_apf-8] [INFO] [1776380710.770727382] [planner_local_apf]: 🛤️ Rail Updated: 7 points.
[planner_local_apf-8] [INFO] [1776380710.810319904] [planner_local_apf]: 🛤️ Rail Updated: 7 points.
[planner_local_apf-8] [INFO] [1776380710.844355090] [planner_local_apf]: 🛤️ Rail Updated: 7 points.
[planner_local_apf-8] [INFO] [1776380710.884211980] [planner_local_apf]: 🛤️ Rail Updated: 7 points.
[planner_local_apf-8] [INFO] [1776380710.929391354] [planner_local_apf]: 🛤️ Rail Updated: 7 points.
[planner_local_apf-8] [INFO] [1776380710.973833080] [planner_local_apf]: 🛤️ Rail Updated: 7 points.
[planner_local_apf-8] [INFO] [1776380711.026702981] [planner_local_apf]: 🛤️ Rail Updated: 7 points.
[planner_local_apf-8] [INFO] [1776380711.067326486] [planner_local_apf]: 🛤️ Rail Updated: 7 points.
[planner_local_apf-8] [INFO] [1776380711.114658393] [planner_local_apf]: 🛤️ Rail Updated: 7 points.
[planner_local_apf-8] [INFO] [1776380711.132288874] [planner_local_apf]: 🛣️ Path Received: 7 waypoints. Engaging motors.
[planner_local_apf-8] [INFO] [1776380711.168317368] [planner_local_apf]: 🛤️ Rail Updated: 7 points.
[planner_local_apf-8] [INFO] [1776380711.215688967] [planner_local_apf]: 🛤️ Rail Updated: 7 points.
[planner_global_dstar-7] [INFO] [1776380711.227732046] [planner_global_dstar]: D* status: g[start]=10.2 waypoints=7 reached_goal=True
[planner_local_apf-8] [INFO] [1776380711.249713061] [planner_local_apf]: 🛤️ Rail Updated: 7 points.
[planner_local_apf-8] [INFO] [1776380711.291491208] [planner_local_apf]: 🛤️ Rail Updated: 7 points.
[planner_local_apf-8] [INFO] [1776380711.377089210] [planner_local_apf]: 🛤️ Rail Updated: 7 points.
[planner_local_apf-8] [INFO] [1776380711.495526138] [planner_local_apf]: 🛤️ Rail Updated: 7 points.
[planner_local_apf-8] [INFO] [1776380711.573790290] [planner_local_apf]: 🛤️ Rail Updated: 7 points.
[planner_local_apf-8] [INFO] [1776380711.624091855] [planner_local_apf]: 🛤️ Rail Updated: 7 points.
[planner_local_apf-8] [INFO] [1776380711.675775030] [planner_local_apf]: 🛤️ Rail Updated: 7 points.
[planner_local_apf-8] [INFO] [1776380711.721503583] [planner_local_apf]: 🛤️ Rail Updated: 7 points.
[planner_local_apf-8] [INFO] [1776380711.764930826] [planner_local_apf]: 🛤️ Rail Updated: 7 points.
[planner_local_apf-8] [INFO] [1776380711.794651320] [planner_local_apf]: 🛤️ Rail Updated: 7 points.
[planner_local_apf-8] [INFO] [1776380711.839703643] [planner_local_apf]: 🛤️ Rail Updated: 7 points.
[planner_local_apf-8] [INFO] [1776380711.883434947] [planner_local_apf]: 🛤️ Rail Updated: 7 points.
[planner_local_apf-8] [INFO] [1776380711.926097776] [planner_local_apf]: 🛤️ Rail Updated: 7 points.
[planner_local_apf-8] [INFO] [1776380711.972834029] [planner_local_apf]: 🛤️ Rail Updated: 7 points.
[planner_local_apf-8] [INFO] [1776380712.019435714] [planner_local_apf]: 🛤️ Rail Updated: 7 points.
[planner_local_apf-8] [INFO] [1776380712.059538272] [planner_local_apf]: 🛤️ Rail Updated: 7 points.
[planner_local_apf-8] [INFO] [1776380712.092254273] [planner_local_apf]: 🛤️ Rail Updated: 7 points.
[planner_local_apf-8] [INFO] [1776380712.142852564] [planner_local_apf]: 🛤️ Rail Updated: 7 points.
[planner_local_apf-8] [INFO] [1776380712.185889855] [planner_local_apf]: 🛤️ Rail Updated: 7 points.
[planner_local_apf-8] [INFO] [1776380712.234434247] [planner_local_apf]: 🛤️ Rail Updated: 7 points.
[planner_local_apf-8] [INFO] [1776380712.270359248] [planner_local_apf]: 🛤️ Rail Updated: 7 points.
[planner_local_apf-8] [INFO] [1776380712.316348320] [planner_local_apf]: 🛤️ Rail Updated: 7 points.
[planner_local_apf-8] [INFO] [1776380712.347924344] [planner_local_apf]: 🛤️ Rail Updated: 7 points.
[planner_local_apf-8] [INFO] [1776380712.393464979] [planner_local_apf]: 🛤️ Rail Updated: 7 points.
[planner_local_apf-8] [INFO] [1776380712.438895705] [planner_local_apf]: 🛤️ Rail Updated: 7 points.
[planner_local_apf-8] [INFO] [1776380712.487078194] [planner_local_apf]: 🛤️ Rail Updated: 7 points.
[planner_local_apf-8] [INFO] [1776380712.531129693] [planner_local_apf]: 🛤️ Rail Updated: 7 points.
[planner_local_apf-8] [INFO] [1776380712.573622937] [planner_local_apf]: 🛤️ Rail Updated: 7 points.
[planner_local_apf-8] [INFO] [1776380712.620252581] [planner_local_apf]: 🛤️ Rail Updated: 7 points.
[planner_local_apf-8] [INFO] [1776380712.663646641] [planner_local_apf]: 🛤️ Rail Updated: 7 points.
[planner_local_apf-8] [INFO] [1776380712.703984234] [planner_local_apf]: 🛤️ Rail Updated: 7 points.
[planner_local_apf-8] [INFO] [1776380712.759679691] [planner_local_apf]: 🛤️ Rail Updated: 7 points.
[planner_local_apf-8] [INFO] [1776380712.804423370] [planner_local_apf]: 🛤️ Rail Updated: 7 points.
[planner_local_apf-8] [INFO] [1776380712.848409785] [planner_local_apf]: 🛤️ Rail Updated: 7 points.
[planner_local_apf-8] [INFO] [1776380712.893693659] [planner_local_apf]: 🛤️ Rail Updated: 7 points.
[planner_local_apf-8] [INFO] [1776380712.942755789] [planner_local_apf]: 🛤️ Rail Updated: 7 points.
[planner_local_apf-8] [INFO] [1776380712.987671344] [planner_local_apf]: 🛤️ Rail Updated: 7 points.
[planner_local_apf-8] [INFO] [1776380713.032261938] [planner_local_apf]: 🛤️ Rail Updated: 7 points.
[planner_local_apf-8] [INFO] [1776380713.076531605] [planner_local_apf]: 🛤️ Rail Updated: 7 points.
[planner_local_apf-8] [INFO] [1776380713.129277755] [planner_local_apf]: 🛤️ Rail Updated: 7 points.
[planner_local_apf-8] [INFO] [1776380713.151592532] [planner_local_apf]: 🛣️ Path Received: 7 waypoints. Engaging motors.
[planner_local_apf-8] [INFO] [1776380713.177412944] [planner_local_apf]: 🛤️ Rail Updated: 7 points.
[planner_local_apf-8] [INFO] [1776380713.217296876] [planner_local_apf]: 🛤️ Rail Updated: 7 points.
[planner_global_dstar-7] [INFO] [1776380713.228996110] [planner_global_dstar]: D* status: g[start]=10.2 waypoints=7 reached_goal=True
[planner_local_apf-8] [INFO] [1776380713.266143954] [planner_local_apf]: 🛤️ Rail Updated: 7 points.
[planner_local_apf-8] [INFO] [1776380713.312852890] [planner_local_apf]: 🛤️ Rail Updated: 7 points.
[planner_local_apf-8] [INFO] [1776380713.364783567] [planner_local_apf]: 🛤️ Rail Updated: 7 points.
[planner_local_apf-8] [INFO] [1776380713.407910600] [planner_local_apf]: 🛤️ Rail Updated: 7 points.
[planner_local_apf-8] [INFO] [1776380713.435470401] [planner_local_apf]: 🛤️ Rail Updated: 7 points.
[planner_local_apf-8] [INFO] [1776380713.475270916] [planner_local_apf]: 🛤️ Rail Updated: 7 points.
[planner_local_apf-8] [INFO] [1776380713.519663325] [planner_local_apf]: 🛤️ Rail Updated: 7 points.
[planner_local_apf-8] [INFO] [1776380713.559947844] [planner_local_apf]: 🛤️ Rail Updated: 7 points.
[planner_local_apf-8] [INFO] [1776380713.595508742] [planner_local_apf]: 🛤️ Rail Updated: 7 points.
[planner_local_apf-8] [INFO] [1776380713.638962019] [planner_local_apf]: 🛤️ Rail Updated: 7 points.
[planner_local_apf-8] [INFO] [1776380713.687732829] [planner_local_apf]: 🛤️ Rail Updated: 7 points.
[planner_local_apf-8] [INFO] [1776380713.733824752] [planner_local_apf]: 🛤️ Rail Updated: 7 points.
[planner_local_apf-8] [INFO] [1776380713.778415804] [planner_local_apf]: 🛤️ Rail Updated: 7 points.
[planner_local_apf-8] [INFO] [1776380713.819206785] [planner_local_apf]: 🛤️ Rail Updated: 7 points.
[planner_local_apf-8] [INFO] [1776380713.872226288] [planner_local_apf]: 🛤️ Rail Updated: 7 points.
[planner_local_apf-8] [INFO] [1776380713.908934770] [planner_local_apf]: 🛤️ Rail Updated: 7 points.
[planner_local_apf-8] [INFO] [1776380713.938142567] [planner_local_apf]: 🛤️ Rail Updated: 7 points.
[planner_local_apf-8] [INFO] [1776380713.981963339] [planner_local_apf]: 🛤️ Rail Updated: 7 points.
[planner_local_apf-8] [INFO] [1776380714.023542843] [planner_local_apf]: 🛤️ Rail Updated: 7 points.
[planner_local_apf-8] [INFO] [1776380714.070709290] [planner_local_apf]: 🛤️ Rail Updated: 7 points.
[planner_local_apf-8] [INFO] [1776380714.119106556] [planner_local_apf]: 🛤️ Rail Updated: 7 points.
[planner_local_apf-8] [INFO] [1776380714.164383098] [planner_local_apf]: 🛤️ Rail Updated: 7 points.
[planner_local_apf-8] [INFO] [1776380714.194407927] [planner_local_apf]: 🛤️ Rail Updated: 7 points.
[planner_local_apf-8] [INFO] [1776380714.239343649] [planner_local_apf]: 🛤️ Rail Updated: 7 points.
[planner_local_apf-8] [INFO] [1776380714.283091820] [planner_local_apf]: 🛤️ Rail Updated: 7 points.
[planner_local_apf-8] [INFO] [1776380714.334916254] [planner_local_apf]: 🛤️ Rail Updated: 7 points.
[planner_local_apf-8] [INFO] [1776380714.375256323] [planner_local_apf]: 🛤️ Rail Updated: 7 points.
[planner_local_apf-8] [INFO] [1776380714.420333305] [planner_local_apf]: 🛤️ Rail Updated: 7 points.
[planner_local_apf-8] [INFO] [1776380714.463619380] [planner_local_apf]: 🛤️ Rail Updated: 7 points.
[planner_local_apf-8] [INFO] [1776380714.497413206] [planner_local_apf]: 🛤️ Rail Updated: 7 points.
[planner_local_apf-8] [INFO] [1776380714.548031939] [planner_local_apf]: 🛤️ Rail Updated: 7 points.
[planner_local_apf-8] [INFO] [1776380714.595120470] [planner_local_apf]: 🛤️ Rail Updated: 7 points.
[planner_local_apf-8] [INFO] [1776380714.646101381] [planner_local_apf]: 🛤️ Rail Updated: 7 points.
[planner_local_apf-8] [INFO] [1776380714.695571981] [planner_local_apf]: 🛤️ Rail Updated: 7 points.
[planner_local_apf-8] [INFO] [1776380714.739183659] [planner_local_apf]: 🛤️ Rail Updated: 7 points.
[planner_local_apf-8] [INFO] [1776380714.783920371] [planner_local_apf]: 🛤️ Rail Updated: 7 points.
[planner_local_apf-8] [INFO] [1776380714.836770381] [planner_local_apf]: 🛤️ Rail Updated: 7 points.
[planner_local_apf-8] [INFO] [1776380714.879383343] [planner_local_apf]: 🛤️ Rail Updated: 7 points.
[planner_local_apf-8] [INFO] [1776380714.918643936] [planner_local_apf]: 🛤️ Rail Updated: 7 points.
[planner_local_apf-8] [INFO] [1776380714.963754101] [planner_local_apf]: 🛤️ Rail Updated: 7 points.
[planner_local_apf-8] [INFO] [1776380715.013249543] [planner_local_apf]: 🛤️ Rail Updated: 7 points.
[planner_local_apf-8] [INFO] [1776380715.049200485] [planner_local_apf]: 🛤️ Rail Updated: 7 points.
[planner_local_apf-8] [INFO] [1776380715.091857448] [planner_local_apf]: 🛤️ Rail Updated: 7 points.
[planner_local_apf-8] [INFO] [1776380715.135692427] [planner_local_apf]: 🛤️ Rail Updated: 7 points.
[planner_local_apf-8] [INFO] [1776380715.177173664] [planner_local_apf]: 🛤️ Rail Updated: 7 points.
[planner_local_apf-8] [INFO] [1776380715.191689287] [planner_local_apf]: 🛣️ Path Received: 7 waypoints. Engaging motors.
[planner_local_apf-8] [INFO] [1776380715.221758208] [planner_local_apf]: 🛤️ Rail Updated: 7 points.
[planner_local_apf-8] [INFO] [1776380715.272082689] [planner_local_apf]: 🛤️ Rail Updated: 7 points.
[planner_local_apf-8] [INFO] [1776380715.320980276] [planner_local_apf]: 🛤️ Rail Updated: 7 points.
[planner_local_apf-8] [INFO] [1776380715.366130041] [planner_local_apf]: 🛤️ Rail Updated: 7 points.
[planner_local_apf-8] [INFO] [1776380715.406931747] [planner_local_apf]: 🛤️ Rail Updated: 7 points.
[planner_global_dstar-7] [INFO] [1776380715.428024230] [planner_global_dstar]: D* status: g[start]=10.2 waypoints=7 reached_goal=True
[planner_local_apf-8] [INFO] [1776380715.439347170] [planner_local_apf]: 🛤️ Rail Updated: 7 points.
[planner_local_apf-8] [INFO] [1776380715.487301316] [planner_local_apf]: 🛤️ Rail Updated: 7 points.
[planner_local_apf-8] [INFO] [1776380715.539036283] [planner_local_apf]: 🛤️ Rail Updated: 7 points.
[planner_local_apf-8] [INFO] [1776380715.581432360] [planner_local_apf]: 🛤️ Rail Updated: 7 points.
[planner_local_apf-8] [INFO] [1776380715.632000677] [planner_local_apf]: 🛤️ Rail Updated: 7 points.
[planner_local_apf-8] [INFO] [1776380715.671605115] [planner_local_apf]: 🛤️ Rail Updated: 7 points.
[planner_local_apf-8] [INFO] [1776380715.722596018] [planner_local_apf]: 🛤️ Rail Updated: 7 points.
[planner_local_apf-8] [INFO] [1776380715.764942319] [planner_local_apf]: 🛤️ Rail Updated: 7 points.
[planner_local_apf-8] [INFO] [1776380715.814954306] [planner_local_apf]: 🛤️ Rail Updated: 7 points.
[planner_local_apf-8] [INFO] [1776380715.858889204] [planner_local_apf]: 🛤️ Rail Updated: 7 points.
[planner_local_apf-8] [INFO] [1776380715.891490162] [planner_local_apf]: 🛤️ Rail Updated: 7 points.
[planner_local_apf-8] [INFO] [1776380715.941472448] [planner_local_apf]: 🛤️ Rail Updated: 7 points.
[planner_local_apf-8] [INFO] [1776380715.987427970] [planner_local_apf]: 🛤️ Rail Updated: 7 points.
[planner_local_apf-8] [INFO] [1776380716.032100515] [planner_local_apf]: 🛤️ Rail Updated: 7 points.
[planner_local_apf-8] [INFO] [1776380716.074910837] [planner_local_apf]: 🛤️ Rail Updated: 7 points.
[planner_local_apf-8] [INFO] [1776380716.120481630] [planner_local_apf]: 🛤️ Rail Updated: 7 points.
[planner_local_apf-8] [INFO] [1776380716.165652479] [planner_local_apf]: 🛤️ Rail Updated: 7 points.
[planner_local_apf-8] [INFO] [1776380716.213872644] [planner_local_apf]: 🛤️ Rail Updated: 7 points.
[planner_local_apf-8] [INFO] [1776380716.244799663] [planner_local_apf]: 🛤️ Rail Updated: 7 points.
[planner_local_apf-8] [INFO] [1776380716.288353316] [planner_local_apf]: 🛤️ Rail Updated: 7 points.
[planner_local_apf-8] [INFO] [1776380716.331740592] [planner_local_apf]: 🛤️ Rail Updated: 7 points.
[planner_local_apf-8] [INFO] [1776380716.385138131] [planner_local_apf]: 🛤️ Rail Updated: 7 points.
[planner_local_apf-8] [INFO] [1776380716.447144888] [planner_local_apf]: 🛤️ Rail Updated: 7 points.
[planner_local_apf-8] [INFO] [1776380716.490430230] [planner_local_apf]: 🛤️ Rail Updated: 7 points.
[planner_local_apf-8] [INFO] [1776380716.535454686] [planner_local_apf]: 🛤️ Rail Updated: 7 points.
[planner_local_apf-8] [INFO] [1776380716.577667520] [planner_local_apf]: 🛤️ Rail Updated: 7 points.
[planner_local_apf-8] [INFO] [1776380716.625170021] [planner_local_apf]: 🛤️ Rail Updated: 7 points.
[planner_local_apf-8] [INFO] [1776380716.675571411] [planner_local_apf]: 🛤️ Rail Updated: 7 points.
[planner_local_apf-8] [INFO] [1776380716.723510707] [planner_local_apf]: 🛤️ Rail Updated: 7 points.
[planner_local_apf-8] [INFO] [1776380716.765858566] [planner_local_apf]: 🛤️ Rail Updated: 7 points.
[planner_local_apf-8] [INFO] [1776380716.794214774] [planner_local_apf]: 🛤️ Rail Updated: 7 points.
[planner_local_apf-8] [INFO] [1776380716.841319530] [planner_local_apf]: 🛤️ Rail Updated: 7 points.
[planner_local_apf-8] [INFO] [1776380716.881277071] [planner_local_apf]: 🛤️ Rail Updated: 7 points.
[planner_local_apf-8] [INFO] [1776380716.922828157] [planner_local_apf]: 🛤️ Rail Updated: 7 points.
[planner_local_apf-8] [INFO] [1776380716.965367419] [planner_local_apf]: 🛤️ Rail Updated: 7 points.
[planner_local_apf-8] [INFO] [1776380716.993927495] [planner_local_apf]: 🛤️ Rail Updated: 7 points.
[planner_local_apf-8] [INFO] [1776380717.038392963] [planner_local_apf]: 🛤️ Rail Updated: 7 points.
[planner_local_apf-8] [INFO] [1776380717.083470586] [planner_local_apf]: 🛤️ Rail Updated: 7 points.
[planner_local_apf-8] [INFO] [1776380717.129174022] [planner_local_apf]: 🛤️ Rail Updated: 7 points.
[planner_local_apf-8] [INFO] [1776380717.172824751] [planner_local_apf]: 🛤️ Rail Updated: 7 points.
[planner_local_apf-8] [INFO] [1776380717.217330094] [planner_local_apf]: 🛤️ Rail Updated: 7 points.
[planner_local_apf-8] [INFO] [1776380717.229462915] [planner_local_apf]: 🛣️ Path Received: 7 waypoints. Engaging motors.
[planner_local_apf-8] [INFO] [1776380717.259803172] [planner_local_apf]: 🛤️ Rail Updated: 7 points.
[planner_local_apf-8] [INFO] [1776380717.295847798] [planner_local_apf]: 🛤️ Rail Updated: 7 points.
[planner_local_apf-8] [INFO] [1776380717.339532811] [planner_local_apf]: 🛤️ Rail Updated: 7 points.
[planner_local_apf-8] [INFO] [1776380717.377569003] [planner_local_apf]: 🛤️ Rail Updated: 7 points.
[planner_local_apf-8] [INFO] [1776380717.422713360] [planner_local_apf]: 🛤️ Rail Updated: 7 points.
[planner_global_dstar-7] [INFO] [1776380717.428440922] [planner_global_dstar]: D* status: g[start]=10.2 waypoints=7 reached_goal=True
[planner_local_apf-8] [INFO] [1776380717.472820406] [planner_local_apf]: 🛤️ Rail Updated: 7 points.
[planner_local_apf-8] [INFO] [1776380717.516327583] [planner_local_apf]: 🛤️ Rail Updated: 7 points.
[planner_local_apf-8] [INFO] [1776380717.558662793] [planner_local_apf]: 🛤️ Rail Updated: 7 points.
[planner_local_apf-8] [INFO] [1776380717.590797805] [planner_local_apf]: 🛤️ Rail Updated: 7 points.
[planner_local_apf-8] [INFO] [1776380717.637097080] [planner_local_apf]: 🛤️ Rail Updated: 7 points.
[planner_local_apf-8] [INFO] [1776380717.693524043] [planner_local_apf]: 🛤️ Rail Updated: 7 points.
[planner_local_apf-8] [INFO] [1776380717.743524480] [planner_local_apf]: 🛤️ Rail Updated: 7 points.
[planner_local_apf-8] [INFO] [1776380717.833613084] [planner_local_apf]: 🛤️ Rail Updated: 7 points.
[planner_local_apf-8] [INFO] [1776380717.947053864] [planner_local_apf]: 🛤️ Rail Updated: 7 points.
[planner_local_apf-8] [INFO] [1776380718.034561481] [planner_local_apf]: 🛤️ Rail Updated: 7 points.
[planner_local_apf-8] [INFO] [1776380718.082494268] [planner_local_apf]: 🛤️ Rail Updated: 7 points.
[planner_local_apf-8] [INFO] [1776380718.134597463] [planner_local_apf]: 🛤️ Rail Updated: 7 points.
[planner_local_apf-8] [INFO] [1776380718.186471582] [planner_local_apf]: 🛤️ Rail Updated: 7 points.
[planner_local_apf-8] [INFO] [1776380718.236449652] [planner_local_apf]: 🛤️ Rail Updated: 7 points.
[planner_local_apf-8] [INFO] [1776380718.278635811] [planner_local_apf]: 🛤️ Rail Updated: 7 points.
[planner_local_apf-8] [INFO] [1776380718.316479135] [planner_local_apf]: 🛤️ Rail Updated: 7 points.
[planner_local_apf-8] [INFO] [1776380718.360917194] [planner_local_apf]: 🛤️ Rail Updated: 7 points.
[planner_local_apf-8] [INFO] [1776380718.390442253] [planner_local_apf]: 🛤️ Rail Updated: 7 points.
[planner_local_apf-8] [INFO] [1776380718.445114702] [planner_local_apf]: 🛤️ Rail Updated: 7 points.
[planner_local_apf-8] [INFO] [1776380718.547144359] [planner_local_apf]: 🛤️ Rail Updated: 7 points.
[planner_local_apf-8] [INFO] [1776380718.606093550] [planner_local_apf]: 🛤️ Rail Updated: 7 points.
[planner_local_apf-8] [INFO] [1776380718.662113418] [planner_local_apf]: 🛤️ Rail Updated: 7 points.
[planner_local_apf-8] [INFO] [1776380718.711527000] [planner_local_apf]: 🛤️ Rail Updated: 7 points.
[planner_local_apf-8] [INFO] [1776380718.759092384] [planner_local_apf]: 🛤️ Rail Updated: 7 points.
[planner_local_apf-8] [INFO] [1776380718.807620185] [planner_local_apf]: 🛤️ Rail Updated: 7 points.
[planner_local_apf-8] [INFO] [1776380718.856276319] [planner_local_apf]: 🛤️ Rail Updated: 7 points.
[planner_local_apf-8] [INFO] [1776380718.895743348] [planner_local_apf]: 🛤️ Rail Updated: 7 points.
[planner_local_apf-8] [INFO] [1776380718.960075432] [planner_local_apf]: 🛤️ Rail Updated: 7 points.
[planner_local_apf-8] [INFO] [1776380719.009625232] [planner_local_apf]: 🛤️ Rail Updated: 7 points.
[planner_local_apf-8] [INFO] [1776380719.051013701] [planner_local_apf]: 🛤️ Rail Updated: 7 points.
[planner_local_apf-8] [INFO] [1776380719.089589447] [planner_local_apf]: 🛤️ Rail Updated: 7 points.
[planner_local_apf-8] [INFO] [1776380719.138591901] [planner_local_apf]: 🛤️ Rail Updated: 7 points.
[planner_local_apf-8] [INFO] [1776380719.183680708] [planner_local_apf]: 🛤️ Rail Updated: 7 points.
[planner_local_apf-8] [INFO] [1776380719.230345185] [planner_local_apf]: 🛤️ Rail Updated: 7 points.
[planner_local_apf-8] [INFO] [1776380719.250181825] [planner_local_apf]: 🛣️ Path Received: 7 waypoints. Engaging motors.
[planner_local_apf-8] [INFO] [1776380719.283034410] [planner_local_apf]: 🛤️ Rail Updated: 7 points.
[planner_local_apf-8] [INFO] [1776380719.336054463] [planner_local_apf]: 🛤️ Rail Updated: 7 points.
[planner_local_apf-8] [INFO] [1776380719.393614434] [planner_local_apf]: 🛤️ Rail Updated: 7 points.
[planner_global_dstar-7] [INFO] [1776380719.439426313] [planner_global_dstar]: D* status: g[start]=10.2 waypoints=7 reached_goal=True
[planner_local_apf-8] [INFO] [1776380719.453548225] [planner_local_apf]: 🛤️ Rail Updated: 7 points.
[planner_local_apf-8] [INFO] [1776380719.506738046] [planner_local_apf]: 🛤️ Rail Updated: 7 points.
[planner_local_apf-8] [INFO] [1776380719.561153551] [planner_local_apf]: 🛤️ Rail Updated: 7 points.
[planner_local_apf-8] [INFO] [1776380719.627600126] [planner_local_apf]: 🛤️ Rail Updated: 7 points.
[planner_local_apf-8] [INFO] [1776380719.708809552] [planner_local_apf]: 🛤️ Rail Updated: 7 points.
[planner_local_apf-8] [INFO] [1776380719.764058313] [planner_local_apf]: 🛤️ Rail Updated: 7 points.
[planner_local_apf-8] [INFO] [1776380719.806663667] [planner_local_apf]: 🛤️ Rail Updated: 7 points.
[planner_local_apf-8] [INFO] [1776380719.847529540] [planner_local_apf]: 🛤️ Rail Updated: 7 points.
[planner_local_apf-8] [INFO] [1776380719.886099970] [planner_local_apf]: 🛤️ Rail Updated: 7 points.
[planner_local_apf-8] [INFO] [1776380719.927440955] [planner_local_apf]: 🛤️ Rail Updated: 7 points.
[planner_local_apf-8] [INFO] [1776380719.963255497] [planner_local_apf]: 🛤️ Rail Updated: 7 points.
[planner_local_apf-8] [INFO] [1776380719.991449820] [planner_local_apf]: 🛤️ Rail Updated: 7 points.
[planner_local_apf-8] [INFO] [1776380720.040253447] [planner_local_apf]: 🛤️ Rail Updated: 7 points.
[planner_local_apf-8] [INFO] [1776380720.093805354] [planner_local_apf]: 🛤️ Rail Updated: 7 points.
[planner_local_apf-8] [INFO] [1776380720.155281173] [planner_local_apf]: 🛤️ Rail Updated: 7 points.
[planner_local_apf-8] [INFO] [1776380720.210307550] [planner_local_apf]: 🛤️ Rail Updated: 7 points.
[planner_local_apf-8] [INFO] [1776380720.270698486] [planner_local_apf]: 🛤️ Rail Updated: 7 points.
[planner_local_apf-8] [INFO] [1776380720.327642178] [planner_local_apf]: 🛤️ Rail Updated: 7 points.
[planner_local_apf-8] [INFO] [1776380720.377142019] [planner_local_apf]: 🛤️ Rail Updated: 7 points.
[planner_local_apf-8] [INFO] [1776380720.431331014] [planner_local_apf]: 🛤️ Rail Updated: 7 points.
[planner_local_apf-8] [INFO] [1776380720.479163151] [planner_local_apf]: 🛤️ Rail Updated: 7 points.
[planner_local_apf-8] [INFO] [1776380720.531695991] [planner_local_apf]: 🛤️ Rail Updated: 7 points.
[planner_local_apf-8] [INFO] [1776380720.589144954] [planner_local_apf]: 🛤️ Rail Updated: 7 points.
[planner_local_apf-8] [INFO] [1776380720.668256387] [planner_local_apf]: 🛤️ Rail Updated: 7 points.
[planner_local_apf-8] [INFO] [1776380720.728179453] [planner_local_apf]: 🛤️ Rail Updated: 7 points.
[planner_local_apf-8] [INFO] [1776380720.784139920] [planner_local_apf]: 🛤️ Rail Updated: 7 points.
[planner_local_apf-8] [INFO] [1776380720.841532691] [planner_local_apf]: 🛤️ Rail Updated: 7 points.
[planner_local_apf-8] [INFO] [1776380720.893733604] [planner_local_apf]: 🛤️ Rail Updated: 7 points.
[planner_local_apf-8] [INFO] [1776380720.939990986] [planner_local_apf]: 🛤️ Rail Updated: 7 points.
[planner_local_apf-8] [INFO] [1776380721.000242404] [planner_local_apf]: 🛤️ Rail Updated: 7 points.
[planner_local_apf-8] [INFO] [1776380721.067813830] [planner_local_apf]: 🛤️ Rail Updated: 7 points.
[planner_local_apf-8] [INFO] [1776380721.115676033] [planner_local_apf]: 🛤️ Rail Updated: 7 points.
[planner_local_apf-8] [INFO] [1776380721.249239273] [planner_local_apf]: 🛤️ Rail Updated: 7 points.
[planner_local_apf-8] [INFO] [1776380721.292847651] [planner_local_apf]: 🛣️ Path Received: 7 waypoints. Engaging motors.
[planner_local_apf-8] [INFO] [1776380721.359084858] [planner_local_apf]: 🛤️ Rail Updated: 7 points.
[planner_local_apf-8] [INFO] [1776380721.446169705] [planner_local_apf]: 🛤️ Rail Updated: 7 points.
[planner_global_dstar-7] [INFO] [1776380721.450788458] [planner_global_dstar]: D* status: g[start]=10.2 waypoints=7 reached_goal=True
[planner_local_apf-8] [INFO] [1776380721.552616171] [planner_local_apf]: 🛤️ Rail Updated: 7 points.
[planner_local_apf-8] [INFO] [1776380721.639028363] [planner_local_apf]: 🛤️ Rail Updated: 7 points.
[planner_local_apf-8] [INFO] [1776380721.735663302] [planner_local_apf]: 🛤️ Rail Updated: 7 points.
[planner_local_apf-8] [INFO] [1776380721.801437314] [planner_local_apf]: 🛤️ Rail Updated: 7 points.
[planner_local_apf-8] [INFO] [1776380721.856064296] [planner_local_apf]: 🛤️ Rail Updated: 7 points.
[planner_local_apf-8] [INFO] [1776380721.918171612] [planner_local_apf]: 🛤️ Rail Updated: 7 points.
[planner_local_apf-8] [INFO] [1776380721.982222735] [planner_local_apf]: 🛤️ Rail Updated: 7 points.
[planner_local_apf-8] [INFO] [1776380722.041772897] [planner_local_apf]: 🛤️ Rail Updated: 7 points.
[planner_local_apf-8] [INFO] [1776380722.102687804] [planner_local_apf]: 🛤️ Rail Updated: 7 points.
